predictions,labels,entropys,plpds
746,746,2.0743833,0.44304872
511,511,3.1615741,0.19814545
789,614,4.48009,0.35633874
362,362,4.448133,0.32809177
537,534,5.779252,0.07761855
76,76,2.5090652,0.31173465
169,169,3.2582207,0.22805226
617,617,5.793352,0.09786454
184,163,2.0941796,0.6578742
322,322,5.4197073,0.09229219
946,944,3.3618798,0.28341213
666,765,6.217452,0.031205492
58,38,3.9273903,-0.1111183
595,621,1.7909969,0.08885187
260,215,3.2809463,0.46199247
993,993,3.7267904,0.4109518
780,554,3.2589054,0.24057099
403,569,5.7463923,0.07342949
24,24,5.519245,0.038482398
75,961,5.200844,0.092336684
113,125,4.2108,0.25502583
455,622,5.0938997,0.07873384
748,808,3.8282866,0.15594442
793,140,3.7805471,0.42783916
919,919,2.4904246,0.62715155
188,522,4.804245,0.1482408
166,166,5.097627,0.08822802
779,779,0.79716814,0.2895885
420,420,2.4143028,0.69843096
823,823,1.7965442,0.7092831
2,4,1.8287349,0.33676857
632,498,4.756317,0.10110924
745,713,3.2380135,0.28903484
746,755,4.893508,0.15939972
323,323,1.3989478,-0.056899965
422,422,1.6952081,0.2985561
515,361,4.9700427,0.15546542
849,496,4.8949447,0.11734438
375,596,4.740333,0.04112231
34,34,3.6856594,0.36208317
65,723,5.2836227,0.122245476
658,658,2.8491597,0.5357712
369,369,3.5607252,0.3157928
908,895,2.0157218,0.42067376
545,451,4.3746433,0.24065042
828,803,4.909907,0.14615591
348,842,4.159642,0.2593947
23,23,1.5323963,0.8261365
50,50,1.225033,0.7849421
365,365,3.9896429,0.28165856
556,556,4.4031196,0.34748232
336,357,4.819496,0.090613246
787,787,4.556709,0.304415
929,929,4.3195314,0.32179764
69,396,3.407671,0.091814816
570,801,4.838031,0.1325675
491,491,4.119893,0.3961168
560,560,4.3407154,0.17503898
126,698,4.3615727,0.20700487
296,727,4.661146,0.21824044
594,594,1.1239696,0.378542
230,230,6.0655856,0.033629008
892,740,5.299939,0.08052499
147,693,4.214047,0.19299494
