predictions,labels,entropys,plpds
602,416,1.2037442,0.55437315
725,725,1.0514828,0.74754405
825,955,4.7542186,0.16052799
819,402,4.2161245,0.23252513
194,202,3.0881295,0.3206637
537,537,0.16961256,0.77905464
250,248,1.1493648,0.4240508
412,519,1.4810715,0.587587
560,560,0.11845014,0.06413311
619,599,5.907608,0.052719895
779,779,1.7470136,0.6284304
902,902,0.22320074,0.9611331
204,204,0.4660933,0.84033805
954,954,0.6758176,0.19475383
12,12,3.3644671,0.46796766
740,740,0.88533396,0.84697783
188,156,1.3108177,0.7200502
325,325,0.22813119,0.50895154
860,860,1.164153,0.84174097
676,676,0.939878,0.8682125
269,269,2.3291497,0.1967422
89,89,1.500082,0.8005381
459,459,3.8553524,0.23292015
387,387,0.029578427,0.6287538
611,917,1.7462051,0.30234522
657,895,1.4899831,0.54051244
663,663,0.36380005,0.95759577
203,203,0.9178619,0.8218193
980,980,0.303449,0.94028175
280,280,0.207974,0.97143525
931,931,1.0376234,0.8486467
563,563,1.875464,0.57559836
338,591,3.183872,0.5051022
99,86,2.18242,0.4533221
616,679,2.5237553,0.37820348
470,905,5.128604,0.07324754
490,490,0.32545662,0.051335573
208,215,2.2532225,0.42412162
619,725,5.6314507,0.078773126
962,962,0.4315402,0.93348974
981,882,3.5613241,0.28156012
896,804,2.826642,0.27393088
847,471,1.3118129,0.797126
719,719,4.6189866,0.17832059
287,209,2.8173518,0.30356827
627,656,1.9296038,0.44026688
665,665,0.6791882,0.86829
678,969,3.8814604,-0.10337335
791,791,0.1959183,0.9583486
619,619,2.3899248,0.35600758
405,405,3.926437,0.2976166
431,431,2.2912588,0.5857259
440,440,1.9768462,0.5616255
361,201,1.821142,0.3017084
80,80,0.10813983,0.03862953
996,996,3.9980776,0.21267071
949,949,3.9381766,0.23635343
275,275,0.1260992,0.97649765
673,482,2.5371418,0.56048554
703,506,0.39569905,0.9576433
495,495,0.12754807,0.0033709407
128,128,0.5541267,0.9253017
591,591,0.21770516,0.9626073
338,956,2.7077544,0.51440257
