predictions,labels,entropys,plpds
503,503,0.6284014,0.901383
802,802,0.218339,0.7299279
490,490,1.106303,-0.34706646
259,151,1.5250261,0.66376036
489,460,1.9824866,0.3280353
959,959,1.106881,0.5764493
456,870,1.8183275,0.639157
19,19,0.34276807,0.5155201
756,427,0.56413656,0.5682057
188,175,0.5438517,0.83139306
6,6,1.0131462,0.37095526
797,797,0.5478987,0.74104536
145,145,0.022125911,0.00055110455
731,747,3.3963752,0.27039307
564,669,2.0153842,0.44797376
698,538,2.7139773,0.39319718
720,720,2.1556327,0.50863564
971,678,3.535029,0.27007157
54,25,2.1749108,0.4635871
648,648,1.3414505,-0.34186167
473,473,0.114733465,0.98159266
187,201,2.19513,0.47802457
760,760,1.0017728,0.059080303
697,470,3.2879975,0.25384682
466,705,3.255208,0.44292882
400,400,0.74192464,0.73605245
821,821,0.3774079,0.9516701
406,406,1.3319911,0.39291027
911,824,1.3681486,0.61811024
362,362,0.035576392,0.226152
442,442,0.9813246,0.8628118
857,854,3.6548936,0.295378
243,243,0.28959683,0.9571047
312,312,1.1615155,0.53025687
772,767,2.1032405,0.46784806
201,185,3.2567744,0.1478556
86,86,0.72377753,0.16043246
159,159,2.531732,0.30659568
4,835,1.7215552,0.5585945
891,891,0.07609938,0.99173826
866,866,1.1754996,0.23221442
927,927,0.019079998,0.707533
683,683,0.5339723,0.003985107
198,196,0.8902,0.6466639
8,8,0.3957107,0.9164824
727,727,0.04194352,0.52040726
410,410,1.8371072,0.75192183
621,621,1.8618608,0.6746212
656,656,1.133588,0.772417
508,329,2.7730145,0.42649737
948,938,4.1694355,0.13703518
122,122,0.10419862,0.019111812
335,335,0.7062831,0.85114056
515,515,2.9751444,0.32622072
456,456,2.829115,0.5372574
214,187,1.5367157,0.6132442
781,921,3.4450183,-0.13571286
927,927,1.9617555,0.57396907
723,723,0.10435633,0.83650196
717,717,0.25942272,0.95474637
782,664,2.0672927,0.5211279
781,781,0.2473759,0.9183717
53,53,0.16466609,0.46914744
772,772,0.8311807,0.35951698
