predictions,labels,entropys,plpds
281,282,0.89649904,0.7591697
679,679,2.9514513,0.2810595
828,618,2.5480504,0.28054988
546,420,1.928575,0.44191548
93,93,0.03619072,0.99006647
702,632,2.1894443,0.49039978
871,914,0.56011236,0.9136805
541,714,3.4278371,0.21847355
523,399,0.3699364,0.9556663
495,503,3.0947356,0.36744702
307,307,0.08121529,0.96312
197,205,2.5376172,0.43528652
326,326,2.3491344,0.6464604
475,590,3.280241,0.16709875
591,591,0.23178357,0.97430193
133,131,1.0846343,0.55593646
222,190,2.1888978,0.30495682
497,497,0.4184682,0.93823665
339,339,0.21969253,0.97948855
352,352,0.10412778,0.87084734
188,201,2.2863941,0.40235612
252,252,2.0554967,0.4672568
975,976,1.4230249,0.43595126
465,427,0.99719834,0.80325913
34,34,1.461453,0.75538754
227,227,0.28181976,0.8814228
946,946,0.0497659,0.06932527
148,5,0.45716828,-0.08573449
989,989,0.06418624,0.003807366
557,557,0.16714557,0.96567196
124,124,2.138082,0.3631779
666,666,0.5140896,0.9382396
868,961,5.6947618,0.05740405
807,807,0.10487024,0.02415508
413,413,1.2780354,0.6079611
263,263,0.78553873,0.45932677
362,356,1.359198,0.3624256
687,687,0.06615442,0.036409736
496,496,0.068242,0.41262984
50,49,0.52486145,0.6774777
359,356,0.84617406,0.61971694
796,796,0.28604665,0.94937277
179,254,2.1924818,0.37219244
640,640,0.28302413,0.9735178
92,92,0.01840605,0.0021327734
654,654,2.2998295,0.36258793
989,989,0.46685055,0.4964096
361,593,3.7450569,0.27174646
480,673,2.0926845,0.5491667
146,146,0.053585768,0.05654061
121,924,1.9018965,0.4646184
148,148,0.054906003,0.9868455
275,275,0.099720806,0.1374374
511,511,0.913813,0.82098854
830,830,1.6207141,0.6166542
531,826,0.45209625,0.93012893
812,693,3.7592058,0.2048293
862,470,2.5829544,0.468191
597,715,1.806253,0.49205536
114,395,0.19291586,0.95438176
126,73,0.48528904,0.93647397
288,288,1.4023955,0.19917762
135,135,0.08471561,0.06312674
762,762,1.0845091,0.82429576
