predictions,labels,entropys,plpds
531,531,0.091810994,0.9894269
819,402,0.5159512,0.35624182
684,684,0.010270319,0.003245771
248,248,0.773232,0.34972942
353,353,0.0912725,-0.011193216
611,584,2.6420238,0.40320015
428,730,3.9272501,0.20215207
188,188,2.500362,0.38446924
502,415,1.4303436,0.7090257
49,49,0.19616415,0.9781836
637,637,0.05764218,0.99479276
539,922,2.5589428,0.43739733
466,466,0.1640488,0.95160896
845,816,2.9514341,0.5246632
972,483,1.0579263,0.8408536
228,229,1.1911812,0.57751125
575,575,0.031337664,0.99027467
227,237,2.7027273,0.052489698
898,614,1.2438197,0.7369451
858,559,0.3282135,0.9413247
466,859,3.0002494,0.49441814
496,728,3.2477443,-0.21669874
417,417,0.036005937,0.8402578
285,750,3.3084579,0.3429577
760,760,0.09292665,0.7334394
483,483,0.20723954,0.010341406
874,874,1.7034183,0.47661346
532,470,1.4303377,0.6288477
197,197,0.35112953,0.90716517
214,214,0.12153386,0.75810033
443,689,1.2034075,0.7708823
925,809,1.4481345,0.51432216
523,523,0.2143976,0.0751974
558,558,0.23924,0.91281074
447,528,4.5505056,0.18557246
539,533,2.5291522,0.21738133
954,954,0.352309,0.93702227
741,637,3.5389688,0.13580927
246,227,0.37730607,0.9352285
718,718,1.7953331,0.4189859
896,896,0.36369574,0.8079321
6,70,1.4441159,0.7494003
380,380,1.2366953,0.760967
448,448,1.4915769,0.78318524
412,534,3.9797835,0.1826016
825,825,0.038383983,0.46009576
561,561,0.292478,0.9362028
751,751,0.2487793,0.057799876
845,845,1.8780342,0.5212317
782,660,2.280128,0.45670927
757,829,0.9488516,0.7791113
566,566,0.02727931,0.026835263
718,718,0.26487553,0.8233597
592,605,1.2028525,0.68423754
999,700,0.35412502,0.6056572
149,149,0.026939765,0.03433281
117,117,0.0075079827,0.0026851296
904,904,0.022607513,0.00033521652
559,474,0.78170997,0.88933456
633,633,0.3251921,0.9576722
2,2,1.1033176,-0.44052535
220,220,1.7330194,0.48124695
957,957,0.11780664,0.79288167
156,156,0.08126706,0.9456904
