predictions,labels,entropys,plpds
396,109,2.4527993,0.44933942
38,38,0.03411293,0.9951423
290,290,0.13355747,0.0054233074
701,701,0.11173378,0.005173087
260,155,2.5745683,0.40094146
514,630,1.1894786,0.71917635
325,325,0.020821437,0.028129518
241,241,0.3583635,-0.058621824
695,695,0.020916963,0.99701494
990,990,0.17936553,0.054424405
976,976,0.47127762,0.84179753
453,453,0.030065147,0.16593862
346,346,0.33024347,0.9580287
520,520,0.6681231,0.12431699
177,170,0.3930712,0.9133937
787,524,0.4194386,0.9075516
447,413,2.538248,0.27127576
456,549,3.0374284,0.40855598
286,286,0.10564909,0.98963493
718,718,0.17547098,0.9322509
913,913,1.6404445,0.5657857
267,265,1.0071377,0.71340704
14,14,0.026898395,-0.0008047223
305,815,4.3779387,0.16021281
874,874,0.1276268,0.6594409
412,680,2.3762763,0.22938143
857,857,0.050892144,0.99253595
361,361,0.0071787033,0.011929274
83,83,0.012378268,0.3095373
207,207,0.23015195,-0.0016537905
199,252,2.7044687,0.34287977
94,94,0.01805487,0.9977845
787,671,2.9869044,0.15139897
119,973,1.159796,0.5117932
305,305,0.016163073,0.048540235
144,144,0.017143747,0.109194756
193,185,1.0195208,0.7070609
965,924,0.64117455,0.25383663
825,66,4.6851597,0.08762813
411,411,0.38033852,0.9413604
850,552,3.9306214,0.2263746
208,206,2.9048939,0.18609446
452,793,0.10509989,0.9897783
562,974,0.11514022,0.9760749
565,565,0.020695657,0.99846107
191,184,0.21399088,0.5960476
432,432,0.036726378,-8.3863735e-05
838,329,2.6076584,0.3196355
120,119,1.228198,0.4552549
743,295,2.0495875,-0.48173162
514,399,2.9391785,0.27023435
903,629,0.37334526,0.82955664
403,403,0.012494795,0.011489451
936,956,0.7385663,0.8275844
150,336,1.294556,0.68302363
471,469,0.22388208,0.9491321
1,1,0.059181586,0.19557375
764,764,1.150496,-0.065877676
532,532,1.1340222,0.67947614
165,165,0.23251998,0.95464283
25,25,0.08618512,0.12578857
64,55,0.12017825,0.8079698
848,485,0.7849006,0.8153271
721,721,0.016161298,0.060174227
