predictions,labels,entropys,plpds
967,967,1.3201898,0.6916148
723,723,0.03605257,0.013754487
959,959,0.14489213,0.13028258
146,146,0.17109637,0.024237394
480,480,0.025418121,0.045066893
444,444,0.0128127225,0.009925485
842,842,2.4044294,0.52855057
107,107,0.07108954,0.42657727
17,17,0.011640221,0.0018497109
147,147,0.00044728388,0.0007882714
6,390,1.1292099,0.0008304119
274,274,1.567565,0.49422556
969,968,1.827345,0.2241357
212,215,1.176908,0.22964835
998,998,0.5915856,0.072567165
566,566,0.030832944,0.031361878
228,228,0.045690663,-0.0017773509
755,755,0.011723241,0.008351207
435,876,0.6892396,0.5974617
880,880,0.036392882,0.015097916
735,735,0.55880344,0.8524845
773,725,1.4901491,0.51394254
961,961,1.7135798,0.1414198
304,304,0.18670417,0.012649715
608,608,0.003960399,0.017907917
120,120,0.11841732,0.038415313
918,918,0.30594057,0.11681551
117,117,0.0002426855,7.867813e-05
321,321,0.4579262,-0.07251936
93,93,0.0031672074,0.0037335753
817,436,1.6595558,-0.039844275
744,744,0.6326093,0.043004632
508,508,0.75469416,0.050206006
885,885,0.028641984,0.013271332
287,287,0.0062357206,0.047068
596,596,0.08125183,-0.006918192
555,555,0.00991388,0.008752584
918,918,0.011219772,0.0007401109
37,36,0.2229917,-0.034412205
245,245,0.024252206,0.20705026
876,588,1.3242762,0.51395303
499,499,0.049316205,0.123711586
544,935,1.1709752,0.6426788
527,508,1.929242,0.38536215
552,552,1.0382925,-0.39714807
384,380,0.934271,-0.4135288
801,801,0.02149345,0.040988088
884,884,0.40954512,-0.08958596
681,620,1.0218879,0.5169774
649,649,0.07612517,0.18900841
221,221,0.07772067,0.80368817
14,14,0.03742084,0.57730937
995,995,0.022909379,0.0018149018
233,233,0.27078962,0.093500376
975,888,0.9042354,0.004939258
468,603,2.689771,0.4300172
925,967,1.2976588,0.44390166
954,749,4.074516,0.15986502
220,199,3.6070123,0.15880589
915,915,0.04562272,0.58676744
258,258,1.4572393,0.31909972
203,203,2.8934116,-0.008928537
131,131,0.005943213,0.0047832727
923,868,2.7770824,0.31147438
