predictions,labels,entropys,plpds
260,260,0.024607554,0.05932343
974,974,0.08868668,-0.006056607
293,293,0.002986845,0.0013830066
713,713,0.010952217,0.031338096
732,732,0.05327715,0.9755221
133,133,0.053351417,0.87759846
301,301,1.1213293,0.50570697
39,39,0.2098983,0.9725163
99,99,0.008317431,0.003245473
497,497,0.03294494,0.018765211
211,211,0.18449181,0.85163116
696,696,0.006839753,0.0049127936
274,274,0.007077642,0.03816396
545,545,0.12050365,-0.010038257
387,387,0.0067353006,0.0012577772
955,955,0.005421007,-8.755922e-05
870,870,0.65303123,0.26227692
965,965,0.030421145,0.9367225
241,240,0.49217603,0.43824252
420,875,1.397306,0.45619515
223,761,1.0508235,0.47310978
234,234,0.21236964,0.17529601
496,806,0.8917944,0.8224367
275,275,0.012758931,0.037914753
738,899,1.2078415,-0.30019414
446,446,2.0492449,0.29669276
473,473,0.025975868,0.9190756
934,934,0.0052758926,0.00083112717
570,570,0.5316694,0.89788985
313,313,0.6292681,0.38875622
183,183,1.1161675,0.437113
779,779,0.042913545,0.099888325
164,210,0.7303548,0.68814
998,998,0.31690413,0.103577435
476,476,0.015966194,0.0047987103
420,420,0.04290628,0.02788663
187,187,0.8397105,0.1594227
20,16,1.0808842,0.7949151
923,923,0.85092247,0.038706362
3,3,0.005176806,0.9966466
960,960,0.056186713,0.008323431
858,853,0.15103535,0.06733966
756,756,0.2154538,0.90090615
823,823,2.6323268,0.26902294
471,471,0.001119479,0.08159089
173,173,0.004360281,0.00017803907
263,263,0.681275,0.6475117
676,676,0.29369015,0.16632354
614,614,0.11308969,-0.012936175
640,704,1.7173469,0.73057574
463,463,0.09312299,0.9788352
247,247,0.008125053,0.017146468
987,469,2.666028,0.1986772
252,252,0.32216203,-0.041226685
179,179,1.0325867,0.6479789
277,278,0.36605775,-0.017257452
983,983,0.3151693,0.16712058
615,615,0.030116605,0.0033396482
883,883,0.8394768,0.67152274
896,896,0.01266823,0.003878653
991,991,0.003800027,-6.878376e-05
251,251,0.0032916397,0.0012364388
658,658,0.12340239,0.36041927
60,60,0.7174692,0.026408792
