predictions,labels,entropys,plpds
673,504,0.069758564,0.028827429
987,987,1.0707128,0.25933814
204,204,0.111143686,0.88252187
962,962,0.044130407,0.4873644
746,746,0.27942824,0.963778
818,818,0.030149847,0.08792949
594,594,0.00052285165,3.6597252e-05
281,281,1.0487449,0.67757887
625,871,3.1542811,0.23485887
907,907,0.035685226,0.35669988
404,404,0.094867334,0.8013872
415,582,0.2159183,0.44327497
408,408,0.4764032,0.7371702
928,935,0.72528714,-0.0041059256
781,781,0.0016982773,1.04904175e-05
415,509,0.50694025,0.36057287
761,784,1.6059833,0.6456217
259,259,1.1468502,0.6890925
615,731,4.3064556,0.17865366
605,605,0.457046,0.5654493
621,621,0.048641082,0.9731951
135,135,0.0005858617,0.0003465414
428,428,0.0008234019,0.00063967705
393,393,0.02094129,0.0006791949
638,639,0.7184597,0.1975356
501,982,3.0594149,0.36284265
515,515,0.060582317,0.042295218
260,260,0.19367951,0.88279116
658,658,0.037505526,0.16656053
634,634,0.032331042,0.0018388629
521,521,0.0060131,0.09437442
805,805,7.3067444e-05,2.682209e-05
562,698,1.0854317,0.6736743
367,366,0.39944112,0.48046225
717,717,0.017129783,0.7215009
902,610,2.4951897,0.2425511
726,726,0.00027601264,0.002729237
810,878,0.6955055,0.089524806
675,675,0.05396632,0.9665704
545,545,0.0057856096,0.047881007
904,904,0.06357615,0.0015484095
457,457,0.24094233,0.96385306
492,492,0.013830537,0.73907566
18,18,0.0037506204,0.12710464
959,959,0.006238642,0.0007889867
480,412,0.78435373,0.6453844
380,380,0.67794955,0.7219009
120,120,0.018476464,0.18253553
948,948,0.39853188,-0.03427422
774,774,0.095643476,0.14066422
75,75,0.02852425,0.0062379837
906,906,0.04464795,0.9777922
984,984,0.06572314,0.0025012493
473,680,2.5983882,0.30141434
395,395,0.008267741,0.010475934
130,130,0.0013257102,1.4424324e-05
326,326,0.007856834,0.0032534003
281,750,1.2959105,0.67274916
916,916,0.035249643,0.0007366538
319,319,0.03662594,0.018166006
893,893,0.039920233,0.11503947
95,95,0.0007030138,0.0020609498
12,12,0.0009780305,0.0006933212
893,893,0.027557984,-0.0017865896
