predictions,labels,entropys,plpds
245,245,0.0466796,0.4818632
135,135,0.00014556173,2.2649765e-05
611,611,0.013980575,9.661913e-05
974,974,0.0035811753,0.0021418333
565,565,0.03533306,0.9968938
953,953,0.35765773,-0.071706414
799,905,1.3735505,0.7243553
583,583,0.006744699,0.4929089
99,99,0.07886477,0.022179067
923,923,0.030521415,0.013610661
221,221,0.9535792,-0.16186571
830,830,0.21882546,0.95023257
467,467,0.01697096,0.00087863207
506,506,0.0670195,0.914779
797,431,1.1668327,0.48623145
368,368,0.0074658706,0.0017237663
348,348,0.5117488,0.023587048
810,810,0.5896058,0.41556096
170,170,0.09999107,0.15405273
953,953,2.3527997,0.42960998
169,169,0.027729806,0.15425974
717,717,0.19902025,0.3767681
909,909,0.11913787,0.53238153
243,243,0.6164929,0.38174355
417,557,0.19743977,0.12933302
952,956,0.8723195,-0.11373493
676,676,0.108118035,0.9643143
677,872,3.0260959,0.00019338727
468,751,0.044730984,0.9626235
716,716,0.13744587,0.021737099
270,270,0.18869567,0.70137495
211,211,0.9799756,-0.1039111
889,889,0.095700264,0.98956835
442,442,0.58496124,0.50703037
431,431,0.117322154,0.22414958
911,824,1.5712382,0.32066172
416,416,0.08265859,0.785643
220,220,0.14915249,0.19614255
385,386,1.1560259,0.09252408
753,753,0.0022221077,0.28932995
40,46,0.607653,0.47236723
398,414,2.6828794,0.28419185
68,68,1.0063617,0.040170074
609,609,0.1439961,-0.017371953
228,228,0.45070338,0.4952964
42,42,0.025285684,0.20824069
996,996,0.6590096,0.27533787
1,1,0.0038630425,0.00032180548
555,555,0.002875989,0.0026130676
4,4,0.8072051,0.018722177
269,269,0.3311862,0.6517525
105,105,0.030442756,0.05694914
277,278,0.3082338,0.011817396
379,379,0.07234128,0.55312717
170,170,1.6221838,0.7389953
396,396,0.071592964,0.9891121
923,924,0.06687717,0.5999565
381,378,2.3214223,0.15043616
19,19,0.010893403,0.37088573
165,165,0.105156675,0.33046132
559,559,0.014522499,0.83082986
58,58,0.6913675,-0.16478944
340,340,0.0009181306,0.0006341934
515,752,0.1565899,0.9820675
