predictions,labels,entropys,plpds
803,803,0.09526205,0.1698823
112,112,0.0026107952,0.06669831
194,194,0.08991265,0.5795716
368,368,0.04694087,0.0070898533
453,624,0.15450527,0.7546929
992,992,0.38777024,-0.049421847
205,199,2.9541795,0.22208978
727,727,0.00266975,0.07671255
871,871,0.13612306,0.616537
100,100,0.0017040495,6.645918e-05
477,477,0.16105717,0.7484771
130,130,0.011424631,0.00011962652
384,384,0.112091914,0.5580878
970,970,0.15345173,0.31406772
272,272,0.46271032,0.0040501356
165,165,1.4680954,0.46345538
927,301,4.247308,0.27109823
965,965,0.053198665,0.9177
247,247,0.5423088,-0.12701714
883,883,0.05975929,0.9485891
494,494,0.8503908,0.77461827
142,142,0.0773533,0.13069361
323,323,0.0038090334,-0.00015586615
737,737,0.049337603,0.9941168
993,993,0.0012601987,2.5510788e-05
946,946,0.07515674,0.0028049946
867,675,1.2935729,0.10875821
251,400,4.6818185,0.08065739
564,564,0.5971753,0.92142105
45,45,0.35100278,0.8681304
482,848,0.79135084,0.15352905
143,143,0.008097359,0.0019737482
713,742,0.46902844,-0.15620708
546,546,1.5711281,0.28647894
725,951,2.3144593,0.23350692
484,484,0.7408792,0.51957965
136,136,0.037446924,0.019922912
823,837,3.3488483,0.24880764
104,104,0.5262447,0.92304134
812,895,1.5184593,0.26061386
503,503,2.0256672,-0.26121867
971,971,0.040452648,0.0024681091
414,414,0.98462164,0.5867954
677,448,2.0073676,0.4157907
146,146,0.003157297,0.5358975
315,315,0.2558968,0.7457733
918,918,0.45390022,0.3749532
423,423,0.8921793,0.83390445
797,797,0.18852118,0.12937737
253,253,0.086729795,0.026823878
842,842,0.03548123,0.040941358
425,425,0.01384116,0.1578027
861,861,0.3235573,0.74770296
763,597,0.15420948,0.3549264
964,964,0.010326213,0.003680408
522,574,0.9704287,-0.007843733
533,533,2.3405018,0.5904151
10,15,2.1082087,0.36482555
280,278,0.018466137,0.0006389618
389,395,0.09885333,0.09896582
431,824,3.1895318,0.20313637
595,595,0.9320919,-0.022155821
592,592,0.010464884,0.011695266
886,886,0.027541127,0.091225505
