predictions,labels,entropys,plpds
129,129,0.0632713,0.5076936
335,356,0.7114042,0.8344871
983,801,1.9547951,0.3865828
180,180,0.9474424,0.47326708
137,137,0.001967411,0.027699828
751,573,1.837678,0.6137064
674,637,1.654192,0.49642432
202,200,0.96847785,0.72743845
3,3,0.6885378,0.79648226
546,731,1.4231241,0.6271742
920,920,0.042900063,0.050133705
113,113,0.0053249244,0.0212304
706,706,2.3489833,0.5080794
498,498,0.16835764,0.6610726
864,751,0.7492112,0.8711552
650,650,0.91505104,0.69317365
854,854,0.005042373,0.0005604625
360,360,0.22837551,0.8245932
668,668,0.09449087,0.32182944
433,842,3.8347597,0.26314932
154,673,1.4675267,0.6463036
694,694,0.046385393,0.03273624
798,769,0.9518211,-0.06267226
606,606,0.05118958,0.9775462
373,374,0.14550151,0.62118244
726,726,0.6589503,0.92764205
517,536,0.4467909,0.92892
247,218,1.7308812,0.39444283
388,388,0.0043893056,0.0004580021
380,380,1.5106417,0.58776903
486,486,0.051127955,0.12078804
261,261,0.05426466,0.0763275
47,47,0.93664587,0.49218345
980,980,0.03426613,0.51586735
466,466,0.5579261,0.9098533
320,318,0.5216825,0.82869947
421,799,1.1382574,0.45877326
685,685,0.01284178,0.008764625
737,737,0.036981277,0.07375723
36,35,0.78244233,0.49690437
348,348,0.0269218,0.16063458
459,459,0.07594078,0.32655168
268,810,2.1962142,0.33165574
340,340,0.008090192,0.00065511465
174,261,0.09617774,0.4889176
675,675,0.13605191,0.8840541
404,908,0.29510498,0.0056342483
953,953,0.026698127,0.00036907196
609,575,2.4220061,0.37148014
864,717,2.7429109,0.25547335
896,896,4.237587,0.18983495
145,145,0.8993589,0.8700495
87,87,0.020800281,0.9871036
256,256,1.3252882,0.4851393
451,451,0.056614652,0.89764714
29,29,0.113732204,0.98991853
21,22,0.87381154,0.83050907
66,66,0.9229183,0.5565604
329,329,0.027183216,0.22611445
999,999,2.602949,0.34076953
133,133,0.066876024,0.0046085715
586,652,1.0006484,0.7643318
717,717,0.15225032,0.9745207
71,71,0.10323891,0.991071
