predictions,labels,entropys,plpds
711,711,0.85800046,0.8669618
5,6,0.6962521,0.5191396
624,624,2.159258,0.36700058
261,261,0.010813871,0.03354889
283,155,2.7632763,0.25905854
547,547,0.0059909453,0.04317546
29,26,1.0092927,0.6638057
248,248,1.1028144,0.5404593
390,395,0.35012037,0.55418587
392,973,1.880652,0.41420817
548,548,0.061324354,0.007549584
105,105,0.0033056983,0.045020223
215,212,0.7353687,-0.0043317676
684,684,0.017881956,0.04366839
506,506,0.006014916,0.15744424
378,378,0.039014257,0.461716
618,647,1.8805268,0.69821304
161,806,3.2907782,0.1609459
673,673,0.28487545,0.5736846
890,890,0.025578817,0.4848647
219,219,1.8926442,0.23624244
452,452,0.082892716,0.98872286
569,609,3.6432517,0.1386058
83,83,0.0194945,0.020884514
171,171,0.64036894,0.26312172
418,563,0.42338523,0.26087713
296,296,0.0048001655,6.8068504e-05
889,889,0.20653294,0.3577621
832,832,0.1651693,0.02533108
285,285,0.82635784,-0.012036741
444,920,1.510293,0.5184567
631,584,3.772716,0.26648477
888,888,0.052688926,0.008279204
368,368,0.4198508,-0.07001871
505,505,0.41524288,0.87367487
412,412,0.3744443,0.85236424
679,679,0.94671816,0.84997123
151,151,0.25415432,0.96342397
895,895,0.16433083,0.9806943
524,524,0.7357741,-0.018191338
848,482,2.6634889,0.3758096
970,795,0.302278,0.9514405
571,571,1.4362245,0.52707726
345,345,1.3884465,0.5066016
321,321,0.40670753,0.9466382
588,588,1.2542632,0.6935537
227,223,0.2797054,0.6358377
793,772,5.066986,0.07092182
6,6,0.23866162,0.9201377
327,327,0.07418993,0.91318107
92,92,0.0065955273,0.014184713
796,796,0.064169794,0.62150306
683,818,2.7371833,0.31687957
65,968,0.8481964,0.668218
301,301,0.7156732,-0.29439992
408,408,0.49115703,0.8562288
923,784,1.6617076,0.558072
366,366,0.30343398,0.76695293
60,54,2.1183174,0.4476103
787,787,2.115966,0.47916582
711,631,2.2022395,0.2519217
468,734,1.9598978,0.2815092
674,674,0.1040639,0.03925371
471,715,2.5742667,0.5923434
