predictions,labels,entropys,plpds
833,833,0.05893801,0.9696063
135,135,0.0043617673,0.0023594499
143,143,0.03655285,0.9568705
311,311,0.331362,0.9164895
618,618,1.3884712,0.77789086
54,54,0.1500051,0.04096371
309,309,0.45084566,0.4597807
311,317,2.1471636,0.1581106
963,963,0.60481936,0.8662305
971,968,1.3674812,0.56971973
585,585,3.2885013,0.38682055
692,860,1.0576581,-0.020399988
96,96,0.07705744,0.14334339
619,599,0.9019549,0.79553956
535,535,0.22654736,0.39182162
534,534,0.17209509,0.02849108
832,900,2.302735,0.5519728
257,257,2.0262556,0.44425148
641,641,0.0102451695,0.0134494305
934,942,1.7791349,0.54517084
943,943,0.5070768,0.30495805
588,588,0.50884426,-0.044486284
994,994,0.033021424,0.09796482
678,597,2.1087441,0.25688982
193,193,0.055765003,0.024028182
936,936,3.8833847,0.30445805
305,305,0.9664001,0.71940386
510,510,0.021558618,0.33083904
386,386,3.2842975,-0.12691352
785,836,2.3148186,0.30455968
5,6,0.0783904,0.18258917
995,995,0.02787718,0.02125901
124,124,1.0376748,0.6607233
152,152,0.60018337,0.6512485
325,325,0.17079169,0.19294691
661,661,0.043091744,0.99126196
202,202,0.7811514,0.5686197
250,248,1.1607147,0.63212794
490,490,0.04054335,-0.00014042854
693,693,2.6462076,-0.079613656
886,886,0.02895657,0.34423542
273,272,0.028248485,0.36673898
915,915,0.2788046,0.49403313
76,76,0.02762197,0.032923758
45,45,0.21245572,0.5137177
629,427,0.6832719,0.66892815
273,917,3.8951354,0.21691878
346,346,0.3976425,0.38394308
90,90,0.0010048719,0.00038069487
702,702,0.24306333,0.4417646
255,255,0.15405414,0.6022545
99,99,0.002495122,0.0019276738
573,573,0.09733702,0.077271044
525,525,0.4342123,0.67792964
985,984,3.0156512,0.34394497
313,313,0.034355026,0.03758979
702,602,1.1052058,-0.34505633
745,745,1.69999,0.35377812
153,153,1.3130391,0.23101452
378,489,1.2814281,-0.24089354
523,523,3.4387114,0.31000403
674,606,4.7031174,-0.7404689
324,324,0.15932411,-0.028114676
926,926,0.31867146,-0.034993052
