predictions,labels,entropys,plpds
60,60,0.8468146,0.3131077
75,75,0.07302368,0.7430575
409,892,0.75368613,-0.03298247
963,963,0.009391223,-0.00052040815
694,694,0.0010067602,-3.0994415e-06
216,216,0.028389411,0.052871644
580,807,1.8404938,0.38143715
110,110,1.7160242,0.44696963
886,886,0.04995176,0.808432
395,395,1.8026254,0.42721927
504,969,0.39598832,0.89400655
165,236,0.56000257,0.7929656
588,588,0.0041543166,-2.002716e-05
576,576,0.012233673,0.010586381
550,550,0.19595692,0.96204966
224,297,1.5436585,0.76887846
264,264,0.6355239,0.7685365
496,496,0.0029060142,0.0004659891
637,637,0.19490942,0.0035150647
377,377,0.8419793,0.5008973
768,768,0.113112494,0.033423066
870,870,0.027618792,0.47854108
122,965,2.7812767,0.20925733
879,879,2.7356365,0.24264643
751,817,0.0808412,0.054610133
190,190,0.2843867,0.4931131
300,300,0.006054973,0.9896203
651,651,1.8401234,0.6578807
805,574,0.66687,0.6355767
210,210,0.07705327,0.35603398
163,163,0.018270666,0.005888343
56,56,0.07604739,0.032405555
719,719,0.011889821,0.9799607
212,212,0.041342605,0.57985044
491,491,0.016453985,0.9955287
768,768,0.16894959,0.14540273
70,70,0.007225719,0.68646765
470,862,0.5657952,0.61908096
364,364,0.13044758,0.10749024
31,311,2.859201,0.14004742
843,775,2.6836553,0.1336205
847,847,0.009813722,0.9977965
833,913,0.12772226,0.9837893
585,585,3.0930963,0.25329125
786,786,0.16724548,0.9836289
448,448,0.50165385,0.41622886
904,648,2.3471794,0.256333
283,283,0.9458118,0.64509916
676,676,0.49870557,0.8421691
316,316,1.1844282,0.80825615
12,12,0.0035295673,0.004333079
563,563,0.5153777,0.78970706
339,339,0.046449177,0.01408422
277,278,1.0168539,0.15469947
518,518,0.296662,0.9278631
852,852,0.66748255,-0.21871638
115,115,0.12485414,0.97394323
1,1,0.0072897333,0.0019937754
898,773,1.6113147,-0.2744426
670,670,0.2604462,0.15243995
258,258,0.14423457,0.97716457
59,59,0.07309479,0.17164147
894,434,0.57903063,0.89143485
69,69,0.050876845,0.64946795
