predictions,labels,entropys,plpds
280,280,0.07293813,0.7574893
281,281,1.0989051,0.4610016
201,201,0.020316657,0.024139404
28,28,0.018465612,0.023505867
101,101,0.7650375,0.62793475
17,17,0.01794416,0.005635977
307,307,0.010121624,0.0023058057
529,431,0.39420828,0.9068796
980,970,0.76564515,0.6940409
143,143,0.0009113059,0.043001473
958,138,0.218493,0.4282506
346,346,0.19443864,0.97731304
178,178,0.027605023,0.2521699
224,224,0.11306892,0.7702312
262,262,0.4354707,0.0015057325
191,191,0.8527221,-0.3813687
13,13,0.01149478,0.03555101
9,9,0.000911766,0.01521951
161,161,0.33655682,0.084744096
909,909,0.82590085,-0.12534088
857,857,0.057880796,0.4847923
937,937,0.0047269915,0.0025299788
459,445,3.6740825,0.24225444
407,407,0.11261078,0.16156864
524,524,0.46497717,0.85130924
778,778,0.08530838,0.051267743
683,683,0.022233455,0.02974993
335,335,1.6204764,0.12820852
388,388,0.0030036238,0.00042527914
202,204,2.0947332,0.542398
145,145,0.03013891,-0.00039589405
224,256,0.7966784,0.35713574
457,457,0.72837794,0.80974656
348,348,0.008044617,0.9949867
823,823,0.05369442,0.031015098
670,670,0.58541894,-0.08819866
495,495,0.13856435,-0.008454502
436,479,0.021674806,0.97081816
130,130,0.34694386,-0.015476823
139,139,0.061453883,0.95344615
300,300,0.013825158,0.06450981
739,739,0.0148745915,0.9151579
813,813,0.6580334,0.87755436
945,499,2.7936387,0.39349896
296,296,0.017515475,0.03401071
728,922,1.9057398,0.48123044
966,438,0.84793794,0.8549862
592,592,0.03906716,0.9230798
379,379,0.033866633,0.011510432
168,168,1.6616356,-0.049990237
296,296,0.003675405,0.9797087
18,18,0.28646195,-0.03904611
780,780,0.0153093,0.1349588
75,75,0.65256363,0.88191795
707,707,0.33505353,0.4991635
562,974,0.06679773,0.015695274
747,747,0.004887524,0.08821875
344,344,0.010612754,0.0166623
567,567,0.0044219885,0.916866
799,493,2.242651,0.5164949
940,940,0.21400106,0.95472664
649,649,0.0071993005,0.9892603
401,401,0.07410424,0.14778447
975,975,0.19424698,0.93614006
