predictions,labels,entropys,plpds
43,43,0.9017926,0.5617706
275,275,0.019776298,0.016563892
815,815,0.5262432,0.66943073
866,866,0.05533913,0.14818549
796,796,0.34157485,0.69509864
258,203,0.3193633,0.7109952
972,867,0.9387187,-0.24097848
705,705,0.0074876063,0.7461516
369,369,0.31519985,0.056310296
462,618,2.8198538,0.4865789
667,400,0.6093545,-0.19399774
70,70,0.010809473,-0.00016450882
856,856,0.07441999,0.15721482
661,661,0.003717745,0.104132116
265,266,1.4011419,0.59390926
856,856,0.025290228,0.12810284
901,901,0.0024845547,0.0041791797
957,957,0.051175296,0.0099567175
248,248,1.0712999,-0.21955326
617,617,0.09989417,0.9834655
413,764,0.6488755,0.4309187
497,663,0.7785645,-0.33026522
683,683,0.6548871,0.85233575
39,39,0.2609814,0.05449289
361,361,0.00039608259,6.556511e-05
759,759,0.03628282,0.99492306
112,341,4.08331,0.20525087
934,934,0.0027373924,0.004092574
874,705,1.1266987,0.42282647
248,248,0.78862804,0.61841536
478,767,2.5313084,0.27181438
582,728,0.9384469,-0.12860447
159,159,0.45299417,0.6347284
505,505,0.3954345,0.5880097
371,371,0.002675788,0.0067109466
693,693,0.08295861,0.97988826
641,641,0.009032419,0.5708436
688,688,0.033503227,0.2095077
923,935,1.4534328,0.3559264
434,529,2.4138784,0.35570788
254,254,0.35432124,0.93974143
182,184,2.2482982,0.042473197
467,467,0.08715922,0.014794767
61,61,0.5184443,0.92227983
128,128,0.057334553,-0.0004888177
402,402,0.9247632,0.73122895
357,357,0.411209,0.9154762
847,408,0.030179843,0.88425875
216,216,0.015592604,-0.00084257126
618,809,1.2480702,0.3827838
325,325,0.010935845,0.09064156
250,248,0.71255696,0.67516947
833,833,0.09064266,0.61112016
868,960,1.5313468,0.5623634
717,717,1.0730493,0.7155745
528,763,0.9384818,0.6702479
120,120,0.21846375,0.96277773
671,671,0.14126755,0.12513977
169,222,1.3454627,0.46013176
149,149,0.00370106,0.04450226
486,486,0.035521023,0.13590592
966,907,0.41522062,-0.046520054
108,108,0.018188389,0.07014513
240,241,1.0276214,0.38860872
