predictions,labels,entropys,plpds
653,846,3.674528,0.20051095
999,553,2.300752,0.49077532
147,975,0.9329163,0.726403
576,576,0.002994513,0.0018359423
712,712,0.08860088,0.3086512
345,345,0.492702,0.9140199
161,161,0.19087319,0.52523464
82,82,0.09564829,0.006355703
187,187,0.14506257,0.02575928
5,5,0.011134634,0.0033801198
656,656,1.256521,0.60594076
384,383,0.5767853,-0.05087614
947,947,0.7484243,-0.22351545
105,105,0.03897956,0.064195275
647,647,0.031498395,0.6347061
314,62,3.132586,0.29172578
938,938,0.0035249826,6.407499e-05
883,883,0.64948016,0.84307325
328,328,0.07551637,-0.0023697019
896,493,2.901927,0.5103762
958,958,0.051798526,0.017397821
114,113,1.1281717,0.4022826
397,123,1.8292038,0.45469695
405,405,0.055433035,0.91990983
218,218,0.45740676,0.8638927
417,417,1.0111362,0.71210486
182,182,2.3606322,0.51832455
462,462,0.001104555,0.0025965571
638,638,2.8446326,0.2902841
198,198,0.9869601,-0.26083362
104,362,2.2560744,0.57753175
204,155,1.3783908,0.51808745
840,840,0.11439858,-0.013198972
147,147,0.22796494,0.6247102
824,824,0.12061434,0.010226309
641,641,0.11565346,0.9851255
411,411,1.3255247,0.29195052
774,731,1.1725726,-0.3887446
262,262,0.058916986,0.97735023
341,187,4.0157166,0.21144298
920,454,2.1102505,0.540137
334,334,0.014193287,0.15480721
463,463,0.024977513,0.98747087
718,839,0.5066053,0.90102327
877,877,0.100900665,0.9085123
569,864,1.6098018,0.66882527
228,228,0.026186787,0.028792918
986,986,0.0019390973,0.00049448013
563,826,1.0203753,0.6999054
545,545,0.17189921,0.18671757
130,130,0.012199115,0.0025898218
975,974,1.4827712,0.7474526
486,486,0.006587565,0.0021116734
361,361,0.014226476,0.8989324
189,185,2.4357798,-0.08689585
852,852,0.0057204072,0.28912467
348,348,0.035889868,0.50736487
405,405,0.0036820357,0.9962579
61,61,0.15175255,0.37507057
694,694,0.00056126533,0.00090521574
892,892,0.11608345,0.25529176
830,423,4.036372,0.22762834
722,438,0.9882826,0.85311145
667,667,0.1461297,0.9688513
