predictions,labels,entropys,plpds
338,338,0.014279485,0.2048285
391,391,0.1807398,0.6963267
378,378,0.15847997,0.13707858
993,993,0.0011307609,0.00093990564
362,362,0.028636148,0.8730402
244,244,0.0038131897,0.21984369
382,382,0.7728523,0.07061672
779,779,0.096448705,0.0059661865
13,13,0.02545206,0.11201751
232,232,0.6004916,0.087049365
625,625,0.27189416,-0.01968062
605,898,1.435524,-0.057538033
259,259,0.07158832,0.013094008
614,584,1.6291248,0.771695
764,589,2.894731,0.48035976
787,811,1.6350833,0.40303084
732,732,0.0057547814,0.024341822
421,421,0.052545883,0.26198995
697,697,0.010617584,0.05440563
481,454,0.5747955,0.8121933
763,763,0.13902965,0.9784375
455,455,0.041386366,0.2637006
672,672,0.24136007,0.8015155
704,704,0.013216699,0.38603634
384,384,0.006754092,0.0061188936
816,816,0.0012830241,0.002796054
581,468,1.0045067,0.7761137
117,117,0.0022921942,0.7125582
700,700,1.1010616,0.75542134
883,883,0.015870754,0.9956085
992,992,0.32558405,0.039735675
632,632,0.36495867,0.9285324
103,103,0.040028933,0.007234335
765,765,0.05168371,0.38481915
644,644,0.23003069,0.82988644
26,26,0.19063585,0.017423987
995,995,0.0070120897,0.23256761
273,104,1.2432706,0.7725951
338,338,0.432069,0.91234523
948,948,0.1631769,0.16755134
270,258,0.8761803,0.6073711
392,392,0.002651324,0.014232874
963,963,0.09779109,0.12941241
995,995,0.054045834,0.96629286
306,306,0.081462234,0.2436068
921,921,2.5431283,0.4057764
347,347,0.009371887,0.9991806
882,707,1.023753,0.64006025
256,221,2.1818762,0.42715126
980,979,0.39204943,0.77204156
541,402,3.903218,0.21672666
525,525,0.05640413,0.00833869
108,108,0.20993282,0.078799605
372,658,2.5623183,0.47178254
130,130,1.071233,0.7261284
126,126,0.071083315,0.09883571
453,453,0.17722361,-0.0049262643
256,256,0.93773496,0.46174455
655,689,3.085187,0.24871482
196,183,1.0179523,0.7704957
946,946,0.010096257,0.0017374754
122,122,1.0927334,0.62225354
983,983,0.01572339,0.8083997
971,507,1.060782,0.8760348
