predictions,labels,entropys,plpds
468,468,0.9779698,0.6259928
420,420,0.009465384,0.04284513
951,951,0.046274334,0.06388569
36,35,2.7036762,0.08461391
53,53,0.04493858,0.9941884
219,219,0.038248103,0.06981206
263,264,0.7734057,0.08600831
135,135,0.77706355,0.8311927
187,201,0.8850229,0.56692564
808,808,1.4908366,0.47087833
909,909,0.023448825,0.10243291
193,226,2.888176,0.2085225
628,833,1.9000759,0.5085349
149,149,0.002848023,0.9639931
145,145,0.00075042597,0.0005427599
652,652,0.009478075,0.029180408
854,765,0.63039535,0.88042283
30,30,0.07922987,0.6212569
218,218,0.15392739,0.1056515
781,781,0.012762934,0.015941024
619,572,4.514248,-0.30830124
26,27,1.4415224,0.24235755
328,328,0.007895301,0.00089609623
599,599,0.34108603,0.9133504
720,585,1.5796471,0.7112926
112,390,1.7173982,0.53273255
727,727,0.0048554903,0.0009743571
374,374,0.1621311,0.8056141
635,635,0.058671657,0.14986241
497,857,0.71549916,0.8314629
427,927,1.4895028,0.6787621
188,188,0.9625186,0.442361
159,159,0.9262264,0.091914356
815,815,0.0054134247,0.005755365
869,869,0.22203083,0.9672107
459,459,1.1137884,0.23655617
513,513,0.99163496,-0.24063867
285,281,1.054126,0.51102644
629,629,0.009974634,0.0021151304
895,895,0.7416452,0.7679497
40,40,1.1497504,0.66346574
443,415,0.21618259,0.8914448
581,581,0.06835366,0.018789351
596,596,0.539592,0.92779714
605,605,0.013192939,0.02853942
457,457,0.035387803,0.77572125
551,577,0.639954,0.8708212
769,769,0.83179396,0.002862811
480,571,0.18796347,-0.0005065799
356,358,0.73276705,0.76988137
733,733,0.0733269,0.28590232
375,375,0.1859213,-0.017795086
190,190,0.14658366,0.9764474
664,526,1.5354488,0.37844974
661,661,0.20355842,0.9534597
248,248,0.7976844,0.57175803
968,960,2.0738988,0.14509867
354,354,0.123985805,0.9873993
632,527,2.104241,0.30948704
194,175,1.5900977,0.40376753
372,373,1.6310493,0.47107545
308,308,0.00062601146,0.0011155605
730,730,0.009452986,0.47768784
491,491,0.4951333,0.70236117
