predictions,labels,entropys,plpds
474,459,0.1540132,0.057688653
800,800,0.17987679,0.960041
796,570,0.6739568,0.60425675
60,60,0.8262524,0.5930598
435,435,0.6070767,0.7338921
320,320,0.79885364,0.5442518
291,291,0.0009135063,0.0018588305
874,874,1.0218533,0.5111359
995,995,0.072211914,0.9728133
169,169,0.043929733,0.013192177
543,692,1.149957,0.63498205
981,981,0.0016098798,0.00013023615
636,636,0.5249886,0.59216785
742,742,0.62036914,-0.25890833
884,884,2.352364,0.34302613
239,239,2.243384,0.40968558
141,141,0.100829095,0.97070557
957,957,0.028282003,0.017259479
166,166,0.65995955,0.4810881
655,655,0.2778322,0.94123054
255,255,0.0056197103,0.11341572
80,80,0.0064846165,0.35437912
411,443,0.23975448,0.28798574
2,4,0.97152567,0.5028745
518,518,0.025176411,0.991917
471,745,2.4247732,0.31594694
115,115,0.13055842,0.08537233
786,786,0.00084829726,0.5540568
864,864,0.6392687,0.879728
559,559,0.002019851,0.6664077
790,790,0.23974164,0.26842237
693,693,1.2307092,0.6804165
510,510,0.03293834,0.85987246
648,648,0.27404365,0.25320393
103,103,0.048464376,0.97347295
419,419,2.9133005,0.20382518
419,419,0.18104109,0.5365021
915,915,0.011025621,0.8410282
44,44,0.1598804,0.013552308
876,789,1.1317928,0.28040558
366,366,0.8189641,0.7366136
916,916,0.067525044,0.47509092
551,635,0.28246045,0.96015334
600,855,1.6438763,0.2687372
884,884,1.1325929,0.6498266
354,354,0.48482814,0.901968
978,975,0.10986842,0.9847333
726,758,3.1048098,0.4574266
409,409,0.475617,-0.12252575
327,327,0.040755894,0.15810573
662,662,0.6223972,0.85411125
113,113,0.0036794771,0.017069042
888,888,0.06515397,0.14163315
49,49,0.6341487,0.34675193
980,980,0.30082,0.9600104
464,464,1.349004,0.6734439
596,596,0.026528273,0.03522116
10,10,0.4014129,0.94888
393,393,0.063669145,0.015203953
708,708,0.04680433,0.017883122
394,394,0.7087878,0.6442761
464,464,0.018131811,0.018940687
10,142,0.81922996,0.6421604
568,568,0.003780258,0.057303905
