predictions,labels,entropys,plpds
805,174,0.6956233,-0.06786078
372,378,1.4421064,0.674459
590,590,0.07624306,0.92771626
992,992,0.30406794,-0.01918155
761,761,0.006052641,0.0018690228
922,922,0.3096969,0.036768854
65,65,0.16437188,0.021395326
873,873,0.0018338135,0.0024018288
672,672,0.002052096,0.1891061
522,522,0.01091889,-0.00022816658
280,272,0.23543671,0.63384724
703,982,0.18938258,0.9630754
499,499,0.039912216,0.9907741
142,142,0.0008888015,0.00037497282
717,717,1.3881303,0.53184927
112,961,1.6084957,0.4240569
39,46,0.18632182,0.9515505
445,445,0.97442585,0.67914486
70,70,0.00821844,0.00331223
112,700,0.53466314,0.20082748
529,529,0.0056045805,0.038941562
700,648,3.0442476,0.28316897
725,725,0.17251277,0.95234984
82,82,0.06309428,0.044784725
26,28,1.4241061,0.62075484
279,279,0.2721656,0.0022087693
445,445,0.22863549,-0.044148684
729,729,0.3649984,0.80346406
656,717,1.5526029,0.54646957
55,55,0.23996535,0.045909405
154,154,0.0139938155,0.059042096
138,138,0.0010323464,0.9939537
863,863,0.17884986,-0.029361606
181,181,0.023303093,0.11963087
831,564,1.0271015,0.46723258
53,53,0.013212154,0.0005825758
404,404,0.043628216,0.14486247
106,106,0.15223043,0.8956215
469,530,1.5718324,0.5474115
72,72,0.21071263,0.08097249
308,308,0.30583423,0.9453838
204,204,1.4756591,0.012904674
612,612,0.07840261,0.05556518
701,701,0.0017239463,0.0048319697
563,446,1.5321971,-0.22221601
590,590,0.29214898,-0.004225254
869,652,3.6888938,0.14770944
30,30,0.04871524,-0.00022625923
849,849,0.04575586,0.9309673
570,570,0.08815848,0.017858207
397,397,0.0027827783,0.12688434
372,372,0.0059611294,0.0046036243
752,752,0.058064215,0.8944905
291,291,0.5799504,0.3837253
525,525,0.31288123,-0.08699101
734,734,0.37732804,0.9241737
655,655,4.3341007,-0.11283449
637,492,2.158753,0.31933802
849,849,0.054030143,0.0011464953
858,494,3.2152612,-0.09515546
805,805,0.00024768958,0.0008339882
94,94,0.776558,0.8947472
893,748,0.4051223,-0.011255622
878,810,0.6938541,0.0014544725
