predictions,labels,entropys,plpds
356,358,1.0259051,0.6021134
714,714,0.339809,0.9084873
65,65,0.07280338,0.21840292
799,894,1.2688174,-0.106329024
189,282,1.9674675,0.5516209
877,877,0.039906338,0.5198332
236,236,0.5415373,0.7954262
244,244,0.46158552,0.6089064
952,952,0.0107652135,0.0002502203
466,466,0.021868814,0.029386342
352,353,0.39095068,0.553183
805,153,1.4727153,0.6022109
183,183,0.3981095,0.7723383
119,119,0.025240649,0.24523467
39,39,0.003354162,0.0021021962
805,805,0.0008382612,0.0019870996
904,556,3.8267138,-0.5560846
606,606,0.4068592,0.63714564
238,238,0.088711455,0.9715072
904,533,0.9433684,0.43466642
934,934,0.002133333,0.0005995631
256,256,0.09306214,-0.007013142
759,633,1.3684043,0.5427454
23,21,0.7921127,0.6144372
553,553,0.01581033,0.0053592324
898,898,0.033020154,0.7127473
827,857,2.5233073,0.35201606
980,34,0.049880534,0.0036278963
136,136,0.006546274,0.28500712
116,107,3.0883403,0.39168638
670,665,0.15736789,-0.0069627166
639,639,0.4811173,0.23911661
799,632,1.4790006,0.60760343
901,901,0.15828472,0.83152175
945,945,0.10200198,0.073144734
490,490,0.06461509,0.0023973584
919,919,0.07019526,0.9605472
712,712,0.03976361,0.50605845
345,345,0.32360458,0.09560442
541,541,0.061381467,0.30166513
546,546,0.038166877,0.056045353
279,280,1.8114773,0.058402926
510,510,0.0044771675,0.0027074218
745,745,0.006107216,0.113827705
772,772,0.59730506,0.9122348
343,343,0.028646402,0.997266
279,279,0.0893159,0.022801578
166,166,0.079524346,0.45476192
250,173,3.2131257,0.25739136
933,933,1.0193489,0.735086
637,637,0.021173697,0.6632136
662,662,0.14253414,-0.0074184537
988,988,0.024640102,0.009153843
31,30,0.21530777,0.1971789
945,945,0.0007945627,0.00012260675
250,250,0.52514017,0.06008196
214,214,0.17997113,0.9685117
74,74,0.3126545,0.32545096
292,292,0.12885672,0.066106856
514,514,0.04512025,0.99499875
735,735,0.104490444,0.9808309
923,762,1.4979706,-0.19834167
169,169,0.018171994,0.5642091
865,982,2.4000988,0.33334816
