predictions,labels,entropys,plpds
560,560,0.20627487,0.7018484
848,848,2.3523128,0.42929667
875,875,0.7394594,0.5895013
331,331,0.33910504,0.9478243
981,981,0.14989361,0.6589389
835,835,0.3311049,0.068214476
98,98,0.14085454,0.6003114
237,158,1.5494251,-0.07075554
380,380,1.5179932,0.5817133
36,36,0.431662,-0.1024977
41,41,0.36303958,0.5222284
984,984,1.0760664,0.6034032
773,684,1.6692667,0.5214521
410,644,4.9150877,0.056718703
135,137,2.3813205,0.25204974
879,982,0.60236263,0.90893805
863,863,0.1369083,0.27337205
283,283,0.021289255,0.045942307
968,504,0.31998736,0.19672543
670,670,1.5008444,0.6793738
582,582,0.68964386,0.05949092
750,750,0.01867879,0.4690578
483,698,1.5407019,0.6121308
268,741,3.870844,0.21857484
152,152,0.61734354,0.8560938
893,457,0.47591907,0.9231176
199,199,0.41789186,0.83886087
711,530,3.4539933,0.2980963
722,722,2.7126868,0.35367024
577,892,1.3374078,0.47782052
676,676,0.42963785,0.25321543
602,602,0.3091213,0.9172706
712,659,1.9632916,0.07049543
870,444,1.0664369,0.6175153
339,339,0.17123273,0.9274082
58,677,4.178459,0.25862688
53,53,0.1582413,0.2001229
144,144,0.11644135,0.28406644
472,472,0.4734499,0.6476513
171,171,0.4481339,0.18169868
439,439,0.09306285,0.017172754
238,240,1.412384,0.31298447
501,501,1.314326,0.4411787
819,546,1.3265004,0.351068
467,467,0.6466398,0.88252443
24,15,2.575912,0.2910517
102,102,0.021279352,0.020195127
501,501,1.4892514,0.7736229
693,965,2.4114094,0.6357352
879,750,4.856837,0.16252895
468,627,2.9152977,0.33614656
725,899,0.55181336,0.8749643
859,859,4.666027,0.17140917
419,709,2.6083252,0.102668375
773,773,0.049258504,0.9011479
562,562,0.63346744,0.8968945
768,768,0.1458121,0.5196651
744,657,0.70944905,0.078235745
819,775,2.5997577,0.64311683
576,576,0.038556844,0.019469976
691,983,2.1209452,0.5191822
870,444,2.2736115,0.22018927
208,208,2.1937985,0.59444135
760,760,2.3642128,0.33081686
