predictions,labels,entropys,plpds
14,14,0.22714248,0.9780147
643,601,3.1355722,0.33049896
83,83,0.4087987,0.806422
620,681,1.2882826,0.54498786
445,445,1.2926416,0.534698
47,47,0.2172584,0.9774316
432,432,0.12576711,0.24560398
856,866,0.86392283,0.037495792
856,856,2.0185792,0.60651416
738,580,1.7814748,-0.33534104
11,11,0.16120738,0.22919095
146,145,4.0355625,0.20596205
214,214,0.20036867,0.88693196
263,263,0.5417986,0.3330297
682,682,0.20765975,0.97441846
340,340,0.103494085,0.00023311377
269,269,0.56725836,0.56302845
93,93,0.051718146,0.16026163
944,944,0.1951164,0.02123952
697,741,3.0437334,0.38791996
622,622,0.07697638,0.008567989
735,735,1.9711092,0.57653517
626,487,0.25832552,0.822982
910,567,1.6934439,0.46750495
581,581,0.8919918,0.32659745
580,580,0.49437326,0.041367054
355,355,0.16119206,0.9807405
763,763,0.016787397,0.10351765
890,890,0.10616562,0.005202055
941,941,1.7760134,0.2812785
884,884,0.1920034,0.037310064
70,70,0.18003199,0.03777814
992,997,0.82522935,0.23429587
17,17,0.9894898,0.8664674
528,613,2.518938,0.29293686
275,276,0.24905388,0.9706267
126,40,3.0616798,0.30150196
300,300,0.20722109,0.079761684
337,126,3.8482933,0.24633163
112,390,1.1696694,0.7998528
943,939,3.258666,-0.15140502
579,579,0.41553196,0.9227869
0,0,0.18297677,0.28438067
90,90,0.13001174,0.88054264
472,394,2.9761636,0.34931052
886,860,1.3197163,0.7031863
594,594,0.062986925,0.004249215
502,911,2.2421937,0.56956476
123,123,0.22039744,0.43881214
862,558,2.1161582,0.45703372
883,679,0.29849523,0.96324646
498,498,2.6015058,0.49519607
125,125,0.09063457,0.16425407
882,882,1.3205652,0.82294106
868,492,3.0266552,0.36613122
831,598,2.2888887,0.48381463
464,464,0.1463598,0.9742709
472,472,0.2616591,0.2975945
470,948,2.068212,0.5439461
998,998,0.39639947,0.21329683
13,13,0.09122195,0.9682172
655,655,0.41928074,0.9538278
440,907,1.3588114,0.688017
634,634,0.16291054,0.10904431
