predictions,labels,entropys,plpds
78,78,0.31365412,0.039663315
751,817,0.19162905,0.21882915
754,485,1.6236532,0.69016725
122,459,3.3829107,0.29059052
4,982,5.191332,0.0916529
953,953,0.31122237,0.021992087
862,839,5.6291094,-0.13186619
972,972,1.6659665,0.6364788
704,566,3.9016995,-0.06986254
434,434,0.7825464,0.8232011
919,919,0.37370014,0.819718
151,215,3.0903254,0.12182635
657,751,2.1611624,0.38306075
335,335,0.80062973,0.90658855
414,411,1.4003897,0.71301675
39,48,2.8803277,0.4446376
423,553,3.0964837,0.32378858
830,678,2.7367156,0.3397465
126,307,2.5848882,0.1265385
425,425,0.29462427,0.57417744
769,769,2.4868462,0.3802764
265,265,1.3286424,-0.049675107
912,912,2.1191938,0.70876294
78,78,0.49328494,0.2250033
688,556,3.3069246,0.2979449
923,938,2.4735405,0.38796034
58,58,1.1631354,0.7774207
974,974,3.706695,0.30004984
146,146,0.4229645,0.092987716
232,231,0.92075104,0.7366026
59,59,2.6594582,0.41692916
406,406,2.1285322,0.4096182
647,647,0.40328795,0.9560356
435,944,2.500478,0.3119786
731,504,4.1044245,0.14262292
592,771,2.7082462,0.50336397
6,333,2.3700137,0.5934253
711,503,1.9420047,0.504875
156,156,2.6819282,0.42860964
290,290,2.715351,0.26996446
621,621,0.497123,-0.0038380027
410,410,2.008214,0.538447
5,5,0.46527493,0.60003555
142,142,0.98702794,0.55942094
647,647,2.6215005,0.3990363
702,702,0.72514606,0.5207413
245,245,0.31248766,0.9690203
212,212,0.9416391,0.7921251
135,135,0.4467867,0.59427035
229,283,3.5899951,0.3571747
987,987,1.5538559,0.57646847
702,416,1.995029,0.44331986
718,536,1.8650786,0.34491378
517,842,2.721757,-0.049219847
793,793,0.39894748,0.5307697
858,807,2.6482902,-0.16173232
320,319,1.7189026,0.4929361
5,5,0.2649663,0.16813654
695,695,1.4771051,0.5054165
659,935,2.3343253,0.48524976
747,747,2.4581306,0.47287005
216,216,2.6059937,0.5249874
550,550,0.63146067,0.9362477
536,536,1.6705894,0.696986
