predictions,labels,entropys,plpds
110,110,0.08859005,0.9233022
922,922,0.09283483,0.24232233
271,271,0.04155981,0.7086549
472,472,0.07919057,0.18515837
630,630,1.0428586,0.60779357
662,771,1.6064267,0.24855712
674,673,0.2432744,0.85224885
781,781,1.6720392,0.7492249
968,504,0.34780568,0.9336042
5,5,1.2047917,0.47770393
879,879,1.0952215,0.8047486
452,452,1.3833638,0.4903273
963,963,0.01949559,0.20695686
337,334,1.2658625,0.70966107
472,472,0.79485637,0.57540905
890,890,0.08695015,0.52593744
522,731,1.9256641,0.36470935
17,17,0.25768536,0.13625163
652,923,2.1736383,0.6088502
541,411,2.3626082,0.34216326
496,496,0.10876498,0.09032911
753,753,1.0585726,0.531731
358,359,1.9116153,0.55945146
509,762,0.9618038,0.62502563
513,566,0.8300657,0.27520755
402,818,1.3493108,0.7210432
472,693,0.65339845,0.83588994
583,831,1.2304679,0.83622617
793,793,0.256498,0.9635775
930,930,0.19223547,0.039762497
326,326,0.24516614,0.40139621
525,449,1.441923,0.695098
850,850,1.6539248,0.47038236
696,696,1.1175642,-0.1959706
584,701,5.0759277,0.05822687
230,230,0.8530467,0.7037054
642,642,0.029606577,0.04453075
894,894,2.56008,-0.09473987
362,362,0.024329448,0.024696112
972,972,0.59302044,-0.033249915
555,555,0.6846055,0.8617766
415,415,1.0991998,0.122639894
833,833,0.0059191026,0.011839151
675,675,0.27733016,0.77037334
98,98,0.3478583,0.9007829
622,622,0.21121716,0.956126
189,189,0.30939317,0.6764858
708,718,0.7281676,0.08175427
625,625,0.5593569,0.9202914
444,444,0.44650197,0.825394
364,364,0.108299926,0.11928558
430,430,0.05551506,0.049494147
779,779,0.014301191,0.006293237
287,287,0.020515395,0.08636963
58,44,0.99798924,0.78081506
686,891,1.1485913,0.68146145
236,236,0.01843715,0.5562129
58,54,1.8763577,0.38450256
904,904,0.11636695,0.89663684
191,189,0.8481809,0.77464163
392,392,0.030629635,0.014941633
834,869,1.7651777,0.68279797
170,175,2.075885,0.39280215
849,849,0.18931603,0.95523155
