predictions,labels,entropys,plpds
998,987,0.80437267,0.31158662
330,331,1.7806841,0.5019242
559,559,0.15457657,0.98229635
589,589,0.36476836,0.92377734
820,820,3.0515785,0.35778
177,169,0.56181204,0.8470606
215,215,0.01963808,0.53018045
612,603,1.9608157,0.6484319
995,995,0.122785315,0.13681865
808,808,0.028390326,0.019788504
696,696,0.015509896,0.86555535
513,566,0.2482692,0.6868812
722,519,1.0737509,0.3344144
73,74,0.28036794,0.4020291
993,993,0.6465491,0.43754452
616,616,0.006712245,0.0021687746
529,529,0.027721124,0.952088
170,24,2.466049,0.37852877
463,463,1.9051408,0.6757715
891,69,1.2476336,0.7906869
22,22,0.6606772,0.6548434
579,452,1.966591,0.7333034
113,506,0.8711656,0.77451193
849,849,0.23440105,0.9358354
226,226,0.34207642,0.9446336
403,403,1.200736,0.24243045
764,764,0.59351045,0.69204307
629,629,0.015860204,0.0011325479
492,492,0.045751266,0.984739
11,11,0.0517879,0.060328722
426,426,0.027624704,0.0008997321
43,43,1.6018281,0.5843857
498,879,2.8890295,0.31341833
455,999,4.0275354,0.17079361
862,862,0.38545722,0.9462462
245,189,0.3176815,0.8886697
720,680,2.4329686,0.21111763
409,892,0.679838,0.14015168
757,757,0.14205003,0.14526534
197,205,2.6166658,0.29830945
133,50,3.400877,0.08922906
285,282,1.1824536,0.2132999
18,18,0.012866801,0.0056895614
848,482,1.8828092,0.39530292
703,489,0.5959014,0.8935132
125,125,0.051407535,0.062695265
114,114,1.3313076,0.7959055
788,860,0.46039304,0.8804751
795,523,1.5678041,0.22764628
308,308,0.6875204,0.731995
733,602,1.628631,0.34276295
596,47,5.062008,0.04767902
645,645,0.08939321,0.104429364
934,934,0.31704894,0.030782044
636,636,3.2820215,0.19470352
113,113,0.008467374,0.96832794
89,89,0.009677663,0.8947252
616,912,0.20218562,0.13366485
788,788,0.06814313,0.7769158
827,531,2.1544752,0.46544877
440,440,1.0291866,0.30443975
469,469,0.2929548,0.8732186
518,691,0.5570048,0.8861818
981,981,0.008888048,0.017202258
