predictions,labels,entropys,plpds
993,993,0.672423,0.10457915
47,47,0.19615021,0.49909025
840,840,0.95073324,0.7027063
127,127,0.025982883,0.007998228
715,715,0.0047735656,0.9626776
701,484,1.3253238,0.6092773
4,2,1.0027363,0.085659385
367,367,0.004984764,0.006427467
64,64,0.3948325,0.9166032
194,194,0.43248767,0.92372984
972,663,0.73753047,0.5505186
975,888,2.4158874,0.57428783
591,591,1.1416605,0.7182319
118,118,0.12558064,0.053803742
800,800,0.01738199,0.07504976
427,427,0.00074199855,0.0016801953
863,863,0.44345012,-2.4557114e-05
891,658,0.05589132,0.045927763
300,300,0.017027281,-0.0005533695
424,424,0.61737555,0.7679587
586,586,0.0031717122,0.02104199
938,938,0.55147696,0.16906363
14,14,0.22345878,0.04489988
347,347,0.099937275,0.0046108365
224,214,0.035354465,0.57275194
672,758,2.310035,0.5393035
439,439,0.004406006,0.013937116
842,638,1.79458,0.5222143
205,205,1.1094381,0.17134678
795,795,0.010304561,0.68323463
149,149,0.28691077,0.9687567
968,968,0.12901875,0.6400918
264,264,0.05536022,0.9823122
272,271,1.0861588,-0.18664983
615,615,0.14677584,0.9766999
884,884,0.022407524,0.9446378
951,951,0.028015703,0.6926601
225,225,0.46844,0.8401374
633,633,0.0467725,0.9952716
825,825,1.4102504,0.42290568
133,133,0.07395038,0.9641778
307,307,0.10741873,0.4388439
965,965,2.097479,0.5908681
840,840,0.0012293949,0.98386014
925,925,0.012331695,0.7032306
538,538,0.6947921,-0.09202218
573,621,0.41459292,0.9151462
182,182,0.25766185,0.9359195
763,710,1.7100548,0.4809105
133,21,0.62831545,0.3623857
581,581,0.063804865,0.9883761
803,803,0.07065022,0.97711337
38,60,2.2555103,0.47411218
290,289,0.23745783,0.96536833
972,972,0.00877933,0.0019946694
444,444,0.12668608,0.6627953
892,409,0.07195469,0.41016626
367,298,0.9577263,0.33258626
806,806,0.18252614,0.83066976
955,955,0.004251831,-0.00019234419
579,853,2.4107468,0.546362
243,243,1.5210189,0.5989836
263,676,0.09524276,0.8181158
945,945,0.12034488,-0.011430204
