predictions,labels,entropys,plpds
152,152,0.605294,0.8582347
448,376,0.706123,0.46616736
664,729,2.1979046,0.4064444
562,618,1.7290075,0.67553926
226,184,0.9694432,0.46165287
166,161,1.670886,0.66159165
796,801,0.8158405,0.53042537
462,462,0.40744492,-0.013926923
267,267,0.9347643,0.7084385
272,274,0.45373636,0.9281729
116,1,0.35862517,0.95235825
337,337,0.02379905,0.8642868
158,158,0.051096417,0.09929168
572,572,0.0946866,0.9770281
766,544,2.6349564,0.45959857
679,488,0.89934194,0.36485636
999,861,2.7096834,0.26697308
403,403,0.010072084,0.0023610592
860,454,2.6080472,0.38870612
506,506,1.2919137,0.8106915
287,287,0.00648056,0.023792386
332,332,0.032765143,0.050949693
9,9,0.05364779,0.6730171
636,636,0.56259966,0.8765027
490,490,0.081218205,0.0019941926
787,461,2.646618,0.2311367
26,28,0.8009677,0.72723675
162,166,0.9974378,-0.18103677
684,684,0.003051808,0.0011115074
684,684,1.3095613,0.7710314
434,591,0.12462906,0.97953904
247,247,0.023538958,0.0022186637
954,954,0.062766075,0.008242011
907,907,0.85998714,0.65152174
73,73,2.1727264,0.5224431
130,146,1.1516296,0.7343436
692,549,1.8858722,-0.12259388
523,493,1.9538512,0.58066505
128,128,0.08704302,0.05758995
367,369,1.6950366,0.5109604
789,789,0.10660229,0.008565009
198,198,0.67274165,0.23325086
912,877,0.4927926,0.8376075
64,112,1.2702067,0.6448575
218,213,1.1278396,0.65134364
463,463,0.06233049,0.02825284
419,837,2.8110735,0.36425886
484,484,0.67947084,0.5205861
728,728,0.061934274,0.00054323673
411,411,0.0734935,0.99200165
477,477,0.32901552,0.9399857
538,538,0.13284738,0.3643952
303,304,0.5534702,0.32984775
757,757,0.45719653,0.82635736
619,619,0.12127724,0.9653851
746,746,0.21666391,0.94990534
456,424,4.5936995,-0.07165658
236,236,0.75791913,0.4957245
904,904,1.6166644,0.53080535
405,405,0.0057250187,0.9593373
411,411,0.41596332,0.18679816
110,110,0.45177275,0.81457204
77,77,0.15641145,0.2413708
135,135,0.3041734,0.81913924
