predictions,labels,entropys,plpds
966,966,0.081815116,0.17297679
199,462,4.1495304,0.30396762
69,69,0.2521412,0.16775346
594,594,0.156362,0.15623343
605,605,1.5411054,0.48196417
469,469,0.308672,0.965062
865,509,0.21599264,0.014065683
554,554,0.618818,0.8795798
16,16,0.027836863,0.0047260523
96,93,2.2684073,0.422288
292,292,0.25304547,0.021568239
432,432,2.0128486,0.42357117
805,805,0.08094551,0.2195952
426,426,0.39540932,0.4411617
157,151,1.0349739,0.7221106
395,621,1.6334083,0.6810496
997,997,1.6204051,0.3480471
89,89,0.31947836,0.9409127
889,889,0.80682594,0.09275812
898,662,1.1216921,0.80663764
465,465,0.5168388,0.018238068
903,903,0.031013351,0.9865943
457,457,0.1639989,0.9511078
262,237,0.16754647,0.9712738
487,590,0.2228117,0.63967764
973,328,3.1058612,0.114357024
100,100,0.0021890367,0.015984774
581,581,0.9984985,-0.23303592
139,139,0.069228634,0.9476039
191,196,1.1577938,0.5002792
340,340,0.06001026,0.0853585
932,932,0.12909843,0.06951296
887,663,0.22614105,0.17424959
800,800,0.038334843,0.040813744
64,59,0.341176,0.8253211
590,851,2.8294177,0.23238146
70,70,0.05534518,0.019127429
865,652,1.6478093,0.59308636
68,68,0.9717222,0.39216274
659,659,0.15810516,0.66599286
775,775,1.4547402,0.77173483
873,615,5.199704,0.055571493
72,72,0.8099049,0.45315418
72,72,1.1149062,-0.23071265
375,375,0.11586399,0.1273461
515,515,0.5883673,0.72738564
161,434,3.1145587,0.22364227
227,227,1.4432048,0.6606219
328,437,4.8096666,0.11147512
430,805,3.8725603,0.16290902
634,646,1.8093257,-0.006622076
11,11,1.1960394,-0.45085478
881,881,0.021501705,0.2562874
415,415,0.2885763,5.531311e-05
143,143,0.014020689,0.006400168
587,563,1.9757042,0.68331426
545,545,0.02255411,0.07819623
911,415,3.900672,0.19328241
441,441,0.44243824,0.26475102
664,664,3.2790177,0.3829396
871,871,2.807458,0.44708472
659,925,0.54091805,0.7026433
483,972,4.5153465,0.186575
875,875,0.024764124,0.7695763
