predictions,labels,entropys,plpds
638,490,2.8611522,-0.26905042
692,692,1.7687244,0.5325172
650,650,0.14786002,0.8329348
915,915,0.025704738,0.84700423
566,566,0.6480783,0.8730166
28,28,0.19271195,-0.007206619
126,126,0.011347479,0.040926814
685,685,0.0016151518,0.00078064203
459,459,0.15458962,0.9829921
100,100,0.0032351145,0.037598014
282,282,0.6971978,0.68323773
708,708,0.3576656,0.6774709
447,447,0.3521456,0.93873614
727,727,0.015305497,0.670977
441,441,1.228203,0.6428941
142,142,0.11686685,-0.0072749257
638,638,1.0046911,0.44990253
703,499,3.019604,0.30233422
498,498,0.027250994,0.8393473
94,43,3.7058122,0.33451733
19,19,0.04717084,0.8634641
864,864,1.0062997,0.273061
411,411,0.02027953,0.736063
922,924,2.2535076,0.24340877
777,777,0.22311184,0.6299456
758,758,0.58046615,0.85261345
758,691,4.4098907,0.13947573
703,703,0.005268531,0.08543575
526,742,0.8913583,0.8416568
682,682,1.0326905,0.68477917
417,417,0.28051767,0.40461224
97,97,1.4975722,0.35242182
890,890,0.18162054,0.97031957
16,16,0.01838496,0.45844334
834,433,2.5043569,0.42636824
608,608,0.3084653,-0.0031648874
492,492,0.03884416,0.996563
740,740,0.8167338,0.84953386
601,578,1.216229,0.4347996
887,887,0.8591181,0.8089545
842,445,1.7294284,0.28018934
306,306,0.023434885,0.0060790777
524,524,0.3660285,0.8789429
286,360,2.1901727,0.36900064
866,866,0.2958809,0.19358915
151,434,2.2644503,0.37900737
125,125,0.297077,0.96658593
288,288,0.12999532,-0.001252234
791,788,1.263741,0.6876231
593,593,0.08628679,0.99137723
321,321,0.051510498,0.057513237
518,518,0.027176306,0.46379167
874,874,0.08352043,0.011003971
95,95,0.02952697,0.004714191
546,546,0.1472967,0.67471933
475,475,0.0053826533,0.47819978
558,683,0.04565595,0.9905243
494,494,0.576923,0.80138844
928,928,1.1086513,0.49209
277,278,0.5085916,0.63057905
51,363,1.8794875,0.49593928
72,72,0.9821819,-0.32606792
552,823,5.131071,0.083242305
916,516,3.2378664,0.33530015
