predictions,labels,entropys,plpds
744,744,0.69711983,0.29248673
1,1,0.03371283,0.14865887
950,952,0.50540614,-0.04931301
873,483,0.23587963,0.9670127
826,826,0.078310356,0.41339374
905,905,0.018934686,0.0110654235
449,449,0.33488756,0.48317733
750,564,0.77181935,0.47372013
796,796,0.054085646,0.00093859434
200,200,1.4305578,0.7120371
873,873,0.0030426984,0.034913123
227,227,0.14558698,0.9768555
455,455,0.0062706387,0.0018785
173,173,0.113738894,0.06641954
448,448,0.079972714,0.89466655
682,437,1.2937479,0.33259547
151,158,1.5079378,0.52337754
413,764,1.0933554,0.5461344
427,427,0.19714002,0.98005146
806,863,1.0389374,0.7659981
437,38,4.2090683,0.18929619
616,490,0.19829229,0.9494385
421,646,0.6233413,0.82451665
460,137,1.4947829,0.5926123
254,162,2.5834947,0.25350955
517,517,0.011765282,0.00011211634
996,996,0.13604788,-0.017846763
931,931,0.011994911,0.37348807
412,412,0.24076124,0.19952667
861,896,0.85656065,-0.17860252
307,307,0.072940804,0.0024366975
479,436,2.1584387,0.26403752
502,502,0.4457646,0.7637805
860,860,0.9969487,0.78465116
978,978,0.6610294,0.80932087
281,285,1.0734025,-0.1551199
435,899,1.6367548,0.48627475
956,956,0.49536648,0.84024966
390,390,0.046260267,0.9954992
506,68,1.7591127,0.49140194
639,639,0.6057792,0.6788143
314,314,0.018517472,0.19730806
670,670,0.4017608,-0.044261217
213,213,0.23617038,0.65299416
716,494,1.1844783,0.6839738
224,226,1.5601475,0.65266365
258,258,0.10238492,0.21964568
856,856,0.014238875,0.0036467314
37,37,0.07311171,0.015000343
111,396,3.4037495,0.2724863
927,927,0.056061104,0.9852746
275,364,1.4386022,0.7514681
24,24,0.000991218,0.0007570386
513,513,1.4148357,0.5718973
413,413,0.7682345,0.2608809
445,445,0.15756644,0.83434236
845,744,1.2017949,-0.3129823
448,448,0.090625316,0.009121299
928,928,1.4442008,0.6104589
236,236,0.39276826,0.31405777
135,135,0.00021534931,0.00021380186
152,245,1.7894061,0.62084156
520,516,1.79427,0.48575097
216,216,0.016445281,0.00060242414
