predictions,labels,entropys,plpds
47,47,0.2070974,0.92762566
881,881,0.5198721,0.886361
36,36,0.714597,0.6069304
594,486,1.5323349,0.6113599
791,791,0.06274078,0.83406675
592,477,0.7754264,0.844503
8,8,0.5323243,0.59172785
573,730,3.1813736,0.15878074
182,216,1.1783706,0.22487044
4,4,0.4727674,0.883502
169,270,2.2686243,0.29624513
293,293,0.00062416116,7.772446e-05
256,256,0.0627686,0.9605893
128,128,0.021392595,0.008735776
862,862,1.0266445,-0.034834623
667,667,0.3937368,0.09212202
910,641,1.8438249,0.57745206
788,578,1.7459834,0.27033454
282,170,2.2252893,0.22711247
532,532,1.9848889,0.596917
474,885,0.6664349,-0.19531995
817,656,1.2442166,-0.10509497
469,677,5.2031345,0.045203947
37,51,4.150276,0.19944412
990,990,0.18052551,0.6706121
172,172,1.2550757,0.647629
508,673,0.35432726,0.92721087
256,256,0.53781563,0.32147676
207,208,1.6223978,0.4238139
887,887,0.11099412,0.96135825
822,523,0.3946764,0.94077605
23,23,0.070729785,0.62589645
904,905,1.18979,0.289694
778,778,0.17150486,0.9748958
686,695,2.3264155,0.3019542
8,8,0.016478635,0.003274262
943,943,0.027534084,0.798558
854,854,0.06874395,0.12373239
238,238,1.0253935,0.57213956
757,757,0.15591002,0.975348
449,580,0.35833552,0.9399733
431,431,0.15275288,0.9815592
472,472,0.08156316,0.94820243
117,45,0.2299279,0.9738682
87,87,0.007014892,0.9906117
85,85,0.17075907,0.1498025
656,170,3.011541,0.45488515
405,405,0.0073925545,0.98752755
168,168,0.38671115,0.60381544
501,501,0.5673044,0.1585738
944,944,0.02352496,0.07258445
484,484,1.7268671,0.4420323
769,418,0.69915426,0.61873174
645,645,0.010329559,0.47405815
82,82,1.0257403,0.34109434
269,271,0.97877944,0.7686667
817,475,1.9211448,0.072344065
276,276,0.0038427804,0.051971793
928,470,1.3272508,0.77771544
504,504,3.0454311,0.13869077
487,487,0.03308833,0.99260783
90,90,0.024861107,0.07229638
692,692,0.051724188,0.08274728
473,473,1.3804884,0.4242046
