predictions,labels,entropys,plpds
965,965,0.26434356,0.93508804
554,628,0.727733,0.73125637
303,304,0.20611092,0.956112
561,561,0.0036094207,0.028800428
894,894,0.63335526,0.79147243
896,896,0.018212328,0.99773335
703,703,0.08603965,0.03472334
53,897,4.254579,0.161509
179,179,0.9783759,0.1859236
235,235,0.0030106092,0.0011745095
12,12,0.011521072,-0.00048017502
739,642,0.20107083,0.97601414
64,64,0.02328157,0.014785707
531,826,1.4977872,0.5807431
254,202,1.0803708,0.72835237
717,717,0.07805831,0.99066156
842,435,3.0668435,0.23661937
254,262,0.39200222,0.89172274
94,94,0.033970542,0.0020200014
407,407,0.026672324,-0.0021265745
321,321,0.0031534864,0.006294906
273,162,2.639991,0.30323032
987,987,1.0408632,0.30165583
225,225,0.6523722,0.73961824
177,355,1.2731274,0.58437693
671,880,1.4243621,0.51458985
355,350,0.033935614,0.99591386
335,335,0.667801,0.8293949
545,545,0.15802358,0.8839191
779,779,0.23766316,-0.032152236
688,688,0.023455251,-0.0012772083
21,21,0.036882427,0.9897597
888,547,0.16515581,0.69791305
284,284,0.010692398,0.07568914
752,752,0.003513077,0.11159307
337,337,0.008227012,0.9976246
570,570,0.019172847,0.0068969727
203,203,0.095604956,0.06071025
931,647,2.9786167,0.2377277
9,9,0.010249431,0.15400785
830,830,0.87094736,-0.35372812
893,868,2.106873,0.3459796
698,858,2.407996,0.009522319
629,629,0.0038287118,0.00033342838
266,153,1.6469289,0.48589012
583,583,0.01043994,0.005025685
463,503,0.6545911,0.75771475
906,906,0.0232812,0.0040112734
397,123,0.09428626,0.98886174
895,908,0.21338354,0.9346292
316,300,1.4085739,0.4930248
327,327,0.0013586429,0.00039362907
812,812,0.0006686868,0.21896958
11,11,0.0018833855,0.00022816658
469,469,0.90454787,0.82227576
587,881,2.6363316,0.33577353
321,321,0.0075606033,0.0014142394
138,138,0.002929172,0.0012574792
904,799,0.69458336,0.43091395
106,106,0.11965635,0.72992575
500,500,0.0022045514,0.11245155
52,52,0.015619564,0.6712142
675,675,0.50351113,0.81677824
438,438,0.028404498,0.9958759
