predictions,labels,entropys,plpds
409,409,0.8179996,0.48544595
739,491,0.1267542,0.030006409
29,29,0.17288059,0.0032530427
11,11,0.053083472,0.040314674
421,627,3.1235547,0.33307528
304,304,0.58820486,-0.14574271
373,373,1.7266244,0.032605022
866,866,0.48820832,0.08784664
696,892,4.894147,0.096204996
637,452,2.129729,0.3157362
712,712,0.9491671,0.7797406
827,827,2.2827544,0.53381383
224,224,0.7119666,0.65865535
362,334,3.0354974,0.37946135
633,897,3.127798,0.48291355
464,893,1.5608852,0.4343703
387,387,0.01593265,0.21312833
214,214,0.10635394,0.12458974
706,799,1.5735605,0.35885867
598,598,2.402438,0.46674305
751,511,1.828028,0.5737346
627,627,0.010365464,0.7966067
293,293,0.010585917,0.0224365
92,92,0.005298785,0.030923605
482,482,1.0004463,0.6583821
626,626,0.5103673,0.9401647
834,834,0.5238447,0.2698034
344,35,1.7685788,0.7125531
616,616,0.018026788,0.4131934
950,950,0.04001098,0.0005662441
340,340,0.03829036,0.058338225
611,917,2.004507,-0.17823803
25,25,0.32124496,0.019529164
224,199,1.890511,0.33857262
117,117,0.004399565,0.4297095
142,142,0.23864412,0.8958949
751,575,2.0338488,0.36922383
832,832,0.025583241,0.7951399
835,744,1.6225333,0.70919526
972,977,0.5166575,0.83653694
381,364,1.8702741,0.47983506
590,590,1.9975853,0.53439146
310,313,0.9321885,0.7733754
237,158,1.7896565,0.33876663
182,182,0.33793247,0.9293947
920,911,0.86181796,-0.14021283
117,117,0.0021852679,0.18958664
756,756,0.5202586,0.9219733
18,21,2.1544614,0.27486378
583,583,0.009180052,0.9969891
714,714,0.03208923,0.9852226
416,416,1.1922121,0.76286155
738,716,0.2459832,0.95616865
463,756,3.6441586,-0.10953745
319,319,0.3982079,0.8973428
485,581,2.7298455,0.4365041
73,303,2.4756098,0.41111892
909,923,4.080241,0.18623525
116,116,0.11673102,0.07728827
315,315,0.07921605,0.1251257
230,230,0.62933415,0.38371137
161,161,2.3077674,0.2671801
407,784,3.7617745,0.06031633
865,804,2.5429602,0.5410125
