predictions,labels,entropys,plpds
380,373,3.7744422,0.137329
202,202,0.5269011,-0.0026277304
229,228,0.81977075,0.56831884
211,211,3.4703877,0.21402727
621,621,0.23483625,0.4373381
520,520,0.10376833,0.98494613
408,408,0.17804655,0.95970464
690,690,0.35253724,0.85880035
752,852,0.02467705,0.95600826
394,394,1.029311,0.6851148
297,234,2.1808662,0.4381696
782,782,0.69237274,0.7942623
792,795,1.6276376,0.19502726
918,918,0.083532855,0.96118563
525,525,0.08397337,0.99207175
906,906,0.68823266,0.83517104
724,536,1.5488842,0.5607091
696,696,0.048740335,0.006571114
860,800,1.7661195,0.65254444
464,464,0.1359292,0.96904343
953,953,0.0018367554,0.018568397
290,290,1.2367803,0.60701174
859,859,0.676994,0.8066806
548,598,0.06082336,0.16546601
469,469,0.10208605,0.5046638
957,957,0.03638728,0.0009404421
291,291,0.10544924,0.43555707
118,124,2.558145,0.3791043
421,421,0.028532624,0.1841436
692,868,0.3399381,0.068828344
471,471,0.32374752,0.95794046
177,178,2.0649223,-0.20037347
606,664,3.4160223,0.27950275
272,272,0.037831414,0.025759518
699,837,3.4066167,0.16341192
244,163,2.7794886,0.29317802
620,620,1.9156878,0.66895366
739,961,1.2119377,-0.12164903
539,918,3.7377439,0.20040396
33,33,0.52090275,0.61881316
47,47,0.00936324,0.9964847
77,75,1.2994944,0.5782318
41,41,0.8254713,0.23030692
891,891,0.014562197,0.99884826
741,331,3.7915316,0.26775137
3,2,0.12940924,0.940745
129,129,0.017601876,0.16573435
71,78,1.1558931,0.59572643
30,32,2.6121278,0.3867728
575,575,0.0015145964,0.047237754
319,303,0.8389603,0.88274246
193,193,0.5141341,0.033706367
783,783,0.0016025975,1.5616417e-05
569,785,4.9880567,0.10352388
300,300,0.05633166,0.9462821
415,829,2.9190786,0.43445498
436,436,0.36427742,0.91473067
977,977,0.684065,0.9197967
670,879,0.50227845,0.2787851
42,42,0.04891502,0.93899894
642,642,0.04124358,-0.0021067262
386,101,0.25442994,0.18140036
589,514,0.47208068,0.9354706
947,947,0.022524968,0.0022764206
