predictions,labels,entropys,plpds
737,696,1.3532813,0.7620212
653,653,0.26049837,0.17363536
569,569,0.026138723,0.03201723
463,837,0.9216249,0.8732245
128,128,0.03470239,0.39108783
428,525,3.374681,0.13727336
909,909,0.08842815,0.9901492
649,104,0.21028061,0.97226095
746,746,0.0060902135,0.9895235
48,48,0.025270838,0.9961546
356,356,0.9831814,0.81677663
992,947,0.78864586,0.61616933
835,835,0.9326011,0.7157671
456,456,1.576155,0.73402596
779,779,0.06497475,0.025740921
283,283,0.0085165035,0.85456336
237,237,0.61276954,0.8296908
39,268,2.3042982,0.4446882
125,125,0.5639113,0.8392569
148,148,0.0022652424,0.011618733
206,206,1.2821916,0.23372191
331,81,1.3699774,0.438031
810,810,0.69093245,-0.008966982
312,300,1.1750777,0.67396647
222,257,1.2108788,0.08208132
216,187,2.0403414,0.29906443
511,511,1.5821035,0.70597374
595,595,0.17778642,0.94175655
147,147,0.0026867704,0.3295803
343,268,0.049145643,0.06431985
558,683,0.25457355,0.9652161
939,939,0.1269797,0.95034766
763,763,0.00054737733,0.011316419
814,484,1.0633967,0.69552124
711,907,3.5877228,0.25255227
797,797,0.03144879,0.9962061
157,157,0.075281404,0.0034089088
954,954,0.094206795,0.019465506
39,39,0.024946729,0.9944658
416,416,0.16381618,0.9757233
496,496,0.009078041,0.9689268
615,615,0.07720971,0.2654366
665,612,1.3592186,0.7259072
59,55,1.1898167,0.05186838
944,311,1.8614976,0.6030471
140,20,0.9142856,0.13290912
822,822,0.009328118,0.9985023
202,350,1.0603429,0.77773935
146,146,0.0057317913,0.97221977
74,815,1.806951,0.30172527
111,111,0.75558466,-0.3101595
641,816,2.1788173,0.28827068
831,831,0.033327054,0.9955156
537,537,0.15718825,0.98122454
913,913,0.024676016,0.47522718
419,629,1.4423738,-0.4081407
560,615,0.032885976,0.5561093
989,989,0.036231004,0.00674963
864,734,2.113078,0.08114196
835,494,2.3861735,0.5423179
927,927,0.0013987921,0.015565991
611,611,0.44697994,0.945053
926,938,0.74780357,0.82604635
24,24,0.2668112,0.12374449
