predictions,labels,entropys,plpds
510,484,0.4920331,0.21186656
887,887,0.18837468,0.35595345
22,22,0.010259272,0.003748715
294,294,0.0048799426,0.8839679
811,851,0.5582844,0.9153923
346,346,0.055726185,0.6037431
207,207,0.037980217,0.9823007
129,129,0.07531641,0.9880094
714,478,0.33617762,0.9011634
129,129,1.4956119,0.6953022
942,942,1.3920257,-0.18224263
321,321,0.013834992,0.011624038
259,259,0.036112487,0.98913383
938,938,0.11893785,0.667904
853,853,0.002755621,0.0133141875
827,727,2.8355265,0.3369633
446,446,1.4875109,0.619772
24,24,0.17520908,0.9626552
237,236,3.013201,0.19510396
752,813,2.3585758,0.50162673
923,962,0.33911258,0.9114733
706,706,0.25267717,0.6924711
902,902,0.0018167796,0.9986216
393,393,0.0029428862,0.004867971
320,320,0.6182759,0.772005
945,945,0.0005883691,0.0015107393
162,166,0.9318068,-0.13372302
723,816,0.8794381,0.20155942
783,677,0.4943662,0.84870064
610,610,1.2493227,0.524907
682,682,0.11747061,0.9837142
241,241,0.24729477,0.8677055
869,869,0.5054876,0.9012892
896,648,2.265106,0.34368923
991,991,0.034369618,0.0006273389
788,782,3.0939322,0.4819353
296,296,0.0110002365,0.003768742
697,876,2.525739,0.03135878
649,660,0.45538706,0.9294327
732,732,1.5008296,0.62109256
793,617,0.34517276,0.92978424
142,142,1.1010426,0.10514361
721,721,0.13219415,0.9527871
58,57,0.8652075,-0.0106444955
634,634,0.025716726,0.87966174
130,130,0.004671933,0.0014201403
88,88,0.00065367646,0.97777086
655,568,1.1395941,-0.08297062
981,429,0.5198904,-0.14965045
366,367,0.92387664,0.70484495
126,112,1.1217613,0.72861546
855,855,0.23436987,0.042258024
927,927,0.45200646,-0.090996265
332,791,0.21116617,0.9683606
308,308,0.11807323,0.897748
744,404,1.1429553,0.5232162
450,450,0.0031015612,0.04224837
250,196,2.7936234,0.32928917
982,982,0.18792596,0.9736966
863,863,0.2380287,-0.026548684
809,809,0.56161547,0.6697712
950,950,1.1848508,0.63910955
155,200,2.7667592,0.33830163
263,264,0.13026726,0.8924233
