predictions,labels,entropys,plpds
250,249,0.41323894,0.87486345
30,30,0.030074682,0.9032414
421,421,0.0345702,0.08440524
886,707,0.54519427,0.9232996
672,672,0.026142938,0.43589455
211,211,0.49570823,-0.08190453
655,752,0.911749,0.8546235
870,834,3.051562,0.16494446
339,339,0.108582765,0.31997687
626,619,2.4002266,0.36470544
706,150,1.3895148,0.41468897
99,99,0.058133777,0.6419319
962,950,1.4011326,0.6931526
104,188,1.1469169,0.7109074
846,846,0.27115008,0.9150336
722,549,1.9792176,0.6347454
833,833,1.1472436,0.54940647
219,175,0.9111569,0.4558396
611,611,0.7748355,0.8926648
421,746,2.1801004,0.4694878
577,577,0.2026751,0.9730358
44,44,1.2247096,0.65673745
396,396,0.012924708,0.19950825
830,830,0.26231766,0.9496334
13,13,0.0038248035,0.9876885
618,828,3.243022,0.24919695
989,989,0.42502943,-0.028831124
832,832,0.09918085,0.070908904
863,863,0.27078262,-0.052083373
486,486,0.1042773,0.98804337
547,547,0.17532422,0.96093786
260,260,1.7373898,0.45262453
733,733,3.404386,0.31505334
211,173,0.11139568,0.18797714
83,142,0.9772196,0.6145121
110,110,0.43716443,0.85671073
623,623,0.54351544,0.2816869
260,260,0.0054810294,0.38319886
947,997,1.7005157,0.07488671
205,205,0.71517426,0.84427655
122,830,1.9942614,0.4093269
678,678,0.001026503,0.0035645366
366,366,1.2911835,0.57980645
549,681,0.46181124,0.5725399
112,108,0.4479383,0.91080153
867,569,0.5723808,0.5410051
461,787,1.382851,0.43559256
251,250,0.42018294,-0.0805313
563,563,0.11302851,0.18468434
903,432,1.7435552,0.58162385
819,486,1.4616811,0.5841096
831,750,0.26458842,0.9529933
740,784,0.11438453,0.98726624
136,136,0.008435332,0.9991192
373,373,0.038746968,0.15227288
97,137,1.732152,0.3967944
585,585,0.06879451,0.9826125
748,748,0.7215613,0.80552256
909,315,1.9952385,0.65269446
239,240,1.447644,0.25817347
428,491,0.165929,0.9649494
49,49,0.039183713,0.01229465
954,954,0.019730702,0.9533039
580,580,0.092048064,0.9701089
