predictions,labels,entropys,plpds
281,552,1.3434138,0.027598262
280,222,4.0188575,0.1341502
505,550,0.91934097,0.7172922
611,611,0.8737494,0.5997796
253,253,0.06386291,0.93224007
939,939,0.16656637,0.38436836
537,537,0.14483908,0.9700703
911,533,0.7519008,0.5337818
705,705,0.11160865,0.98182803
482,482,0.4445083,0.4799519
419,419,0.08671379,0.8116444
371,371,0.031171622,0.7842499
260,246,2.1847644,0.3483925
369,378,0.7545376,0.8182346
855,855,0.30060756,0.95327497
146,146,0.024422916,-0.0007658601
803,803,1.7741483,0.3949629
518,518,0.0026359186,0.0058834553
923,923,0.3886823,0.8500573
431,516,0.36788985,0.447597
339,339,0.1499641,0.97167313
770,770,0.004556699,0.046349406
338,338,0.96987295,0.8274538
673,784,0.4002115,0.9333694
362,362,0.0006369959,0.9914259
136,136,0.004839039,0.078817904
386,101,0.5976734,0.7423325
881,881,0.13617083,0.9819054
575,575,0.007894596,0.903667
857,857,0.0068721026,0.9773001
539,815,0.26239386,0.9594086
255,255,0.049982384,0.9858231
357,119,2.2809677,0.15585303
644,644,0.028233897,-0.0006913543
60,67,0.44738966,0.743952
653,653,0.9330053,0.6782467
723,919,0.23769845,0.96789354
637,637,0.0028471774,0.02159053
571,571,0.017230144,0.022736669
213,213,0.02675213,0.23594981
637,844,2.4491215,0.3140139
116,435,1.8567622,0.6595276
535,635,3.0667129,0.2232773
604,604,7.376177e-05,0.0002604127
4,833,2.7312932,0.3273127
218,218,0.16838998,0.72762096
151,237,2.6200707,0.30032763
34,34,0.3209801,0.90198153
874,874,1.4816015,0.54668146
706,762,1.7364892,0.42050958
952,952,0.1769357,0.58823913
921,921,0.9666678,0.5263702
247,247,0.007147203,0.26865476
23,23,0.69078577,0.8840798
76,327,0.75874037,0.5015485
864,864,0.7603864,0.20886752
166,166,0.72622216,0.786673
563,418,0.078890845,0.13211304
992,992,0.670704,0.61659515
130,130,0.01311668,0.117375135
577,494,0.9853404,0.6281037
477,709,3.471723,0.037784338
280,285,1.9182489,0.44606552
529,529,0.6940584,0.22763759
