predictions,labels,entropys,plpds
428,345,0.17484666,0.97742605
513,513,0.563426,0.89587986
485,662,1.2067183,0.6730732
543,677,2.4806514,0.47470322
612,612,0.3632239,-0.057003617
723,723,0.0005822383,0.02974981
891,485,0.9603007,0.6604566
36,36,0.7595698,0.8337051
989,989,0.01867335,0.00409925
232,232,0.8346932,0.73402244
170,170,0.81746805,0.6302426
402,402,0.44842905,0.917811
719,719,0.31604847,0.91713023
618,521,1.5655527,0.5084176
241,241,0.39388797,0.1587736
148,722,0.062138382,0.99224114
690,471,2.575275,0.35385236
11,11,0.0014529364,0.44636554
46,64,1.7275078,0.32805094
480,480,1.1714456,0.76101655
231,212,2.1451545,0.23736842
67,66,0.63028616,0.87205565
270,270,0.20603523,0.9601693
215,215,0.29481483,0.58375037
421,421,2.2439425,0.31827
727,727,0.0010880356,0.004202068
475,705,3.786937,0.20360689
360,360,0.0008833769,0.022808254
499,499,1.3192015,0.35473832
91,91,0.040067784,0.9761733
232,232,0.34660015,0.2552942
597,597,0.0067262417,0.8710372
349,350,1.1586459,0.7494196
410,410,0.43898347,0.8256665
457,501,1.8623817,0.46842942
656,468,2.128364,0.022817403
191,191,0.17652547,0.00045979023
58,41,2.696427,0.3245326
232,232,2.4798536,0.36210775
299,299,0.00446799,0.008342922
610,474,0.18111032,0.9687803
698,698,0.16102958,0.9365581
866,866,0.19056335,0.65159225
106,201,2.0681114,0.57260317
27,27,1.0226878,0.23866826
443,539,0.52593994,0.9168684
891,891,0.0035590408,0.9952953
649,649,0.6795231,0.6666888
15,15,0.46217746,0.022347987
674,674,4.3208575,0.14692304
73,77,0.026479097,0.9963288
783,783,0.8875645,0.42113018
842,842,2.2923439,-0.38580728
418,418,1.7181408,0.47364026
792,792,1.5059872,0.5676251
358,358,0.46150517,0.6244105
437,437,0.2518578,0.9170586
807,499,2.086662,-0.4082137
459,750,1.182841,0.48163813
787,787,0.15675494,0.8230855
209,209,0.011368655,0.21930134
367,357,0.41360733,0.8194928
235,174,0.49713707,0.9045987
235,235,0.03033473,0.9464178
