predictions,labels,entropys,plpds
189,189,1.2498674,-0.07838446
461,524,0.6894913,0.10542399
127,128,1.0002105,0.3573928
644,644,0.06120199,0.027966797
675,675,0.6659933,0.82524765
884,884,0.93063164,0.36161476
957,957,0.022718644,0.0010058284
835,835,0.08990215,0.52743685
739,739,0.07230468,0.026055217
157,157,0.010360478,0.007124901
433,433,0.117101625,0.039111912
643,643,0.6441027,0.8769105
569,660,1.5275512,0.33972138
316,316,0.02362094,0.0071098804
616,523,1.5630629,0.57630396
129,129,0.042309,0.04473853
850,850,1.8083408,-0.39159784
608,681,2.0728884,0.17126614
222,238,0.027179023,0.10203087
520,520,0.29586923,0.81996727
941,941,0.09937022,-0.004719794
598,598,0.16082406,0.85343415
796,796,0.012734278,0.044397354
515,824,0.46005327,0.13194329
739,618,3.1750777,0.3630043
703,703,0.23135437,0.9664699
29,29,0.051576734,0.036951065
662,662,1.2554029,0.50881994
820,820,0.24725842,0.97179335
960,960,0.33073032,0.053379834
421,514,3.68166,0.38425404
321,321,0.043623418,0.034180105
603,603,0.02532531,0.84605217
989,989,0.75913614,-0.03407061
686,686,2.695632,0.15316501
822,642,3.9892,0.21596712
749,749,0.03047353,0.049153924
563,563,0.017615601,0.029145718
240,234,2.131237,0.30734277
515,657,2.7732863,0.2848505
169,982,3.6865525,0.13466282
140,20,0.72781575,-0.36027843
741,741,0.005928303,0.0032560825
485,485,0.7467409,-0.055085838
981,981,0.13534364,-0.0023329258
815,815,1.1495018,0.0582965
84,84,0.66950846,0.5305295
42,42,0.0124791255,0.0008177161
963,963,0.004149473,0.009264171
70,70,0.03594592,0.27347994
564,431,1.0383681,0.49995163
757,732,4.2929473,0.2385746
307,307,0.43302262,0.89509845
514,514,0.07127216,0.10842544
620,681,0.41040504,0.6589066
85,85,0.32373604,0.26929432
672,830,0.79600453,0.8029132
692,692,0.62500083,0.4905509
306,302,0.8082306,0.2203466
225,225,1.034472,-0.16603541
479,479,1.8647186,0.3164204
980,854,4.367159,0.15273623
597,597,0.0040469347,0.488541
220,220,0.020709358,0.028275728
