predictions,labels,entropys,plpds
234,234,0.7520155,0.67579144
775,775,0.63407135,0.25866544
236,165,1.1861944,0.49508333
469,469,0.6441257,0.34713763
502,502,0.008307803,0.002051413
864,864,0.64985526,0.8086289
756,756,1.4122386,0.12821019
709,709,0.054697864,0.026563823
583,583,0.3070707,0.9466329
111,111,0.016046017,0.528149
414,414,2.237576,0.5224068
513,513,0.5556265,0.63792574
395,395,0.018011723,0.03977114
267,267,0.1711156,0.05395937
78,78,0.00035114808,0.00035214424
508,508,0.6231821,-0.16985285
278,278,0.79394764,0.37453294
953,953,0.096663,0.7614225
850,855,0.115655,-0.0040242076
663,663,0.74095845,0.75795704
995,995,0.021299724,0.08181703
875,875,0.40767103,0.16282552
652,652,0.33406702,0.9362163
82,67,2.4069843,0.42541906
138,138,0.0009534559,0.0004708171
722,722,0.0030573646,0.21036959
701,701,0.12661293,0.1498012
534,534,1.145081,0.7192606
96,96,0.021307237,0.005091667
488,488,0.678436,0.059041142
563,563,0.92857844,0.55423933
387,387,0.051325537,-0.003655672
284,284,0.025460094,0.5730493
246,51,3.1421828,0.09329942
122,122,0.08791107,0.008895397
342,342,1.0635054,0.8111011
754,848,1.9101024,0.3914978
898,898,0.07486495,0.16056544
264,264,0.72292924,0.19076657
661,661,0.118654974,0.004016578
964,964,0.016304638,0.008020699
112,112,0.0015072535,4.196167e-05
864,864,0.8411225,0.28320044
720,438,0.7058691,0.7016166
486,486,0.08757765,0.5400264
490,490,0.54113835,-0.13568395
166,167,2.0962439,0.20758153
950,950,1.2486118,-0.3158759
180,195,1.4898643,0.34565613
912,339,1.6519451,0.07714209
783,783,0.010075903,0.0016642809
372,373,1.5162276,0.41267827
888,888,1.3194326,-0.19623846
252,252,1.3129928,0.4087657
695,695,0.3835318,0.4788198
139,139,0.0015861706,0.00031775236
99,99,0.041471757,0.03553903
195,195,1.2911923,0.5722667
104,104,0.039249085,0.9712792
768,768,0.011056809,0.011857212
506,506,0.14977124,0.1424616
374,374,0.045416027,0.08243203
774,502,0.5800123,0.62291926
224,224,0.32098445,-0.026154578
