predictions,labels,entropys,plpds
50,49,1.2571532,0.5614657
839,839,0.01833031,0.90759784
899,898,2.4656353,0.34813148
474,474,0.12624452,0.055772424
844,844,0.23979236,-0.021340966
386,386,0.41907442,-0.098362386
17,17,0.0044498076,0.0016390681
662,662,0.73169434,0.8401918
427,901,0.35843885,-0.04316157
936,936,0.00028154918,0.0016135573
818,818,0.022504535,0.10754049
435,896,0.6724639,-0.1424411
631,838,1.5259776,0.03860262
356,674,2.1115487,0.471391
697,697,0.43682474,0.90727353
696,696,0.046084546,0.22291112
969,762,1.651234,0.6286477
104,104,0.0030619986,0.1142692
169,169,0.0052601737,0.0045416355
151,151,0.18137506,0.022703946
696,529,2.276032,0.43922603
52,79,0.03312903,0.007750809
433,433,0.9213438,0.022784948
904,89,3.3658578,0.27963448
514,514,0.0077618426,0.027007222
546,402,0.46965367,-0.05018711
485,754,1.0973971,0.43842402
43,42,0.73855776,0.5440177
104,104,0.040359322,0.035625696
805,805,0.0009593712,0.00022894144
253,253,0.52599066,-0.11408979
414,748,0.96033865,-0.28714615
756,756,0.030801106,0.08941007
838,838,0.21951145,-0.016352117
1,1,0.14868802,0.014584422
709,709,0.5379239,0.87810653
636,446,2.412828,0.4039308
403,403,0.037789524,0.097753644
824,824,0.14079049,0.03861326
273,273,0.75676,0.55894566
90,90,0.0089152735,0.016391695
751,751,0.38060814,0.025650084
998,998,0.067985676,-0.0024948716
413,413,0.59224606,0.6380551
610,610,0.026067903,0.44431138
143,143,0.0012381832,0.0005711913
549,549,0.022016622,0.0019463301
545,545,0.01904646,0.6598146
761,761,0.35474515,0.8679176
613,613,0.21629764,0.54831904
565,565,0.0007861949,0.00076562166
692,827,0.5434805,0.035812795
38,38,0.023394715,0.084101796
805,805,0.36564407,0.1458593
809,809,0.96584404,0.37716857
417,417,0.3391005,0.62239933
374,374,0.5688734,-0.06994033
763,763,0.3019626,-0.02477783
58,59,0.10464763,-0.0056762695
580,580,0.9181795,0.7457545
87,87,0.002111347,0.0007766485
660,660,0.034938645,0.4144866
562,562,0.44293922,0.8470623
164,164,0.005748698,0.0063278675
