predictions,labels,entropys,plpds
57,57,0.015038392,0.0038428903
258,222,2.2595398,0.28778687
767,767,0.028187288,-0.0026372075
704,704,1.1380668,0.53069943
573,573,0.003952481,0.0033753514
843,602,1.0573955,-0.08218926
705,417,0.3415289,0.9128484
854,854,0.001332972,0.010728836
867,757,0.7216569,0.096031666
969,969,0.0070669344,0.07769233
143,143,0.00018875735,0.00012040138
464,56,1.2085233,0.3902863
572,883,0.14376956,0.20164251
572,572,0.014212165,0.014964044
739,739,0.005335355,0.00046908855
411,689,0.20743757,0.9572279
352,352,0.3241168,-0.037944973
480,860,2.0685835,0.57592887
49,50,0.72890025,0.27261767
832,832,0.02470425,0.10633564
915,915,0.26714262,0.65236616
202,202,0.06460864,0.014879346
370,334,1.8011261,0.29080123
217,217,0.03082334,0.00033134222
605,605,0.0054219645,0.002448678
602,602,0.67380404,0.44670683
16,16,0.008823498,0.03986442
17,17,0.004557007,0.00019538403
950,950,0.0016204967,0.97139966
527,527,0.51845646,0.6228457
704,704,0.0012630746,0.0012786984
973,973,0.04920508,-0.00125283
135,135,0.00091491715,0.0002385974
958,958,0.0044909837,0.0068758726
948,948,0.0003144206,-1.0728836e-06
134,134,0.0070952987,0.03535402
926,926,1.5386728,0.57427466
328,328,0.036827307,-0.00077301264
37,37,0.6767032,-0.16531563
761,761,2.2533782,-0.26728007
235,531,4.2288303,0.2009605
262,262,0.12327945,-0.017617643
737,441,1.3941748,0.40572354
916,916,0.093109906,-0.002923131
919,919,0.00854074,0.0017220974
194,194,0.00976322,0.3212068
86,86,0.32080817,0.07114166
921,921,0.69157976,0.60307217
67,62,0.44606993,0.8599971
331,331,0.39506772,0.12581527
573,612,2.222606,0.41287848
118,118,0.10718032,0.17626107
360,360,0.013176613,0.0024287105
910,813,2.1050858,0.50258315
750,750,0.03507708,0.021351397
684,684,0.010564282,-0.00063055754
264,213,0.98265666,-0.114187956
131,131,0.012736019,0.00352782
140,140,3.2651105,0.23926616
86,86,0.2856498,0.017743468
363,363,0.085349806,0.088384986
882,882,0.082975306,0.982436
315,315,0.04318031,-0.00081574917
151,151,0.5441049,0.13653469
