predictions,labels,entropys,plpds
538,538,0.034565225,0.19334912
886,886,0.3605899,-0.0173316
975,975,0.55771434,0.8027866
636,414,1.0791125,0.6975659
759,759,0.27568984,0.798234
67,67,0.1463348,0.09598309
328,328,0.006516651,-7.659197e-05
352,352,0.058582384,0.025369167
755,755,0.0047746412,0.24541134
410,599,0.15868884,-0.027751923
881,722,0.383244,0.59563684
655,655,0.28674692,0.949534
437,437,1.7797413,0.48450214
641,838,1.3587668,0.6444674
533,533,0.06320974,0.26287007
835,835,0.0009528323,0.00837934
352,352,0.45045197,0.059725463
386,101,0.6402172,-0.10678685
936,936,6.125607e-05,1.2636185e-05
241,238,1.2632545,0.2418697
573,751,0.42533845,0.7436965
650,823,1.996279,0.17992276
869,869,0.14169104,0.005015433
139,139,0.00080083695,0.0005090833
429,429,0.029280808,0.7462456
599,599,0.0005885825,0.00013101101
808,808,0.015097288,0.33769566
628,628,0.0011202374,0.0030126572
909,969,1.540813,0.5144333
534,534,0.03492236,0.52776563
655,655,2.2634892,0.39535198
69,69,0.00010022904,8.9645386e-05
196,196,0.4601622,0.8979197
369,368,0.40981874,0.6408942
696,758,3.822747,0.14801219
236,236,1.8424032,0.43589398
985,985,0.0092387665,0.008919239
75,75,0.06677905,-0.009755492
757,757,0.56049913,-0.08056682
931,931,0.007100923,0.5276592
421,421,0.40863025,0.9073759
853,853,0.0038546533,0.018796086
523,523,0.08656496,-0.007766068
570,570,0.720576,0.07496756
655,655,0.10803569,0.27340317
544,544,2.7617376,0.21851167
201,201,1.4088215,-0.008760393
63,63,0.010476081,0.006179929
104,104,0.001287512,0.0016337037
125,125,0.0034411903,0.004505694
601,601,1.0500231,0.70710933
702,702,1.1402614,0.6260626
862,862,0.17985278,0.9757684
284,284,0.0072852774,0.010005176
283,283,0.033936862,0.14727247
247,247,0.077709295,0.3186111
353,353,0.6880746,-0.21734357
474,474,0.0028529398,1.3709068e-05
617,823,0.55165386,-0.13538831
174,174,0.03911423,0.962442
677,784,0.6116446,0.47049928
968,968,0.5249555,0.85203475
931,931,1.3335094,0.649222
768,768,0.004213958,0.10163993
