predictions,labels,entropys,plpds
928,928,0.004717024,0.00021350384
661,661,0.0038223092,0.0040122867
959,959,0.96824116,0.2645232
213,213,0.02301037,-0.0013480186
998,998,0.5259248,0.06960672
912,912,0.6042321,0.7587796
67,68,1.0733743,0.63191634
619,846,0.097398624,0.02298379
766,766,0.004092754,0.0635823
690,345,2.505245,0.28559217
915,915,0.010725795,0.043517172
294,294,0.006877261,0.38350517
78,78,0.004154535,0.2404238
512,512,0.30351114,0.71726215
262,262,0.40753838,0.86922103
938,938,0.01910257,0.00056409836
954,954,0.0011438899,-3.516674e-05
877,877,4.1866965,0.17282304
843,843,0.008856162,0.2005527
509,790,0.78885436,0.034458637
993,993,0.0016662872,0.015624046
223,205,2.2659488,-0.06589025
898,898,0.17676091,0.66569877
966,907,0.09483647,0.110287726
941,941,0.0052543925,0.0021535754
607,607,0.00014920121,5.6385994e-05
249,249,0.6240465,0.36903992
763,763,0.018692479,0.008043051
639,639,1.0471032,0.32945734
521,521,0.011003598,0.15557313
234,234,0.03846312,0.086053014
501,501,0.1647832,0.44924784
287,287,0.1064124,-0.0074831843
239,239,0.28515926,0.23382342
210,210,0.051046085,0.07118893
243,243,0.72470737,0.78466445
881,881,0.021961832,0.99180096
71,120,1.1371602,0.533612
866,866,0.04712693,0.20481235
653,653,0.009051293,0.85841465
124,124,0.097195014,-0.0119018555
70,70,0.02435348,-0.0017338991
687,406,0.74840677,-0.2100209
659,666,1.6864233,0.57551163
545,545,0.0021151907,0.002908349
149,149,0.0007740337,0.0026363134
817,511,0.73270524,-0.1674279
634,634,0.0010649406,0.008836508
821,821,0.8119643,0.56329095
260,260,0.019553822,0.07219654
407,656,0.009230392,0.0009994507
848,848,1.2789285,0.33543378
965,965,0.03530542,0.47291374
806,806,1.8237088,-0.05124575
221,221,0.01621687,0.0027318
464,508,1.0728554,0.75645727
749,749,0.012005357,0.051544726
991,991,0.044745803,0.014916182
220,220,0.037262946,0.10117662
521,521,0.029094497,0.9938581
838,838,0.99446946,-0.30291122
966,966,0.50096405,0.06795913
321,321,0.010793914,0.0011597276
926,926,0.11409567,0.3565926
