predictions,labels,entropys,plpds
276,276,0.006890567,0.004265487
492,492,0.5905519,0.15891159
975,970,1.239757,0.4984741
340,340,0.0007159348,0.00010538101
775,416,1.0667474,0.57801205
280,280,0.101804286,-0.0062043667
696,696,0.72219497,0.30645078
720,720,0.20450611,0.7493397
108,973,0.020149855,0.0052999854
952,952,5.9014914e-05,4.172325e-06
2,2,1.2201895,0.52150637
312,312,0.07601219,-0.00020307302
313,313,1.4122332,0.3653772
511,511,0.029941417,0.48868012
291,291,0.005901166,0.006633103
804,804,1.2466657,0.4653514
124,616,2.9339724,-0.28192008
650,650,0.13398525,0.983994
35,35,0.11721596,0.017540097
224,224,0.07471046,0.80397284
320,320,0.03083283,0.013137579
34,34,0.25037372,0.4691581
442,442,0.0024402044,0.002853632
758,758,0.01593684,0.008464932
828,828,0.30982938,0.28664398
444,906,1.4051267,0.46790478
711,711,0.028546158,0.004883349
954,954,0.08640533,-0.0046526194
262,262,0.09996713,0.055095315
263,263,0.3294832,0.17368168
13,13,0.010860761,0.023569167
64,64,0.23907275,0.042414844
642,642,0.0008310855,0.00035780668
572,572,0.88372743,-0.34550893
159,180,2.1689074,-0.019934356
980,980,0.007156283,0.006760359
368,368,0.79187536,0.11097574
52,52,0.68841916,0.3943004
846,846,0.41825613,0.8187863
341,341,0.45484284,0.84417903
99,99,2.0083268,0.46173272
840,840,0.503445,0.7784703
117,117,0.0016873741,7.289648e-05
853,853,2.018259,0.67695993
313,313,0.49041346,0.25230527
463,463,0.103155814,0.11171013
243,243,0.0726897,0.008172989
448,448,0.004034945,0.004705012
446,446,0.17999396,0.9739702
794,804,0.22250079,0.08531582
917,917,0.12745258,0.13836199
637,637,0.029602595,0.026905
33,983,0.8859805,-0.19925535
80,80,0.0010905658,0.00016099215
553,553,0.5574137,0.06608355
14,14,0.008741676,0.0009961724
996,82,3.6611907,0.19222403
443,443,0.0019457781,0.001404345
580,580,0.07022408,0.06996918
290,290,0.19376272,0.0055724382
287,287,0.04312996,0.01865381
895,895,0.3193308,-0.024659574
574,574,2.577171,0.2602818
681,620,0.9624111,0.78388125
