predictions,labels,entropys,plpds
103,103,0.22813562,0.6651701
562,562,0.009984888,0.0011270642
121,121,0.17587647,-0.011847019
243,243,0.024367625,0.67655134
741,741,0.005748011,0.011002064
257,222,1.2350214,0.6183072
92,92,0.0021592316,0.00055646896
508,810,0.13324222,0.0097565055
67,67,0.17265896,-0.012093544
809,809,0.9436416,0.08683902
422,422,0.0013872469,0.0011746287
870,870,0.0039012257,0.013570368
674,674,0.0021152673,0.0011841655
859,859,0.8433649,0.55063367
256,256,0.04893393,0.0034450889
496,658,0.45433077,0.8933372
117,117,0.23954421,0.20670992
462,462,0.1576845,0.011986554
917,917,0.056133494,0.1699565
762,762,0.978969,0.5912973
605,605,0.0120097045,0.009301007
312,312,0.018315747,0.35565335
56,56,0.04961778,0.0046759844
74,815,0.58771765,-0.05036533
520,529,0.04751245,0.006454587
502,502,0.7101644,0.61986583
43,43,0.021140382,0.002962172
12,12,0.062505096,-0.009573996
901,901,0.0089585725,0.0025236607
727,727,0.002671129,0.0016551018
362,362,0.008101719,0.003566146
824,824,0.40580648,0.15265626
758,758,0.04321173,0.0032296777
93,93,0.22900434,0.07970983
385,385,0.303465,0.6184566
425,425,0.01716184,0.03611493
215,215,0.008358708,0.006133318
886,886,0.004407094,0.0021032095
868,868,0.4256152,0.31190354
912,912,0.0021037478,0.00016355515
43,43,0.09986897,-0.0038841367
650,650,1.6459873,-0.3103521
218,218,0.24956389,0.10061979
247,247,0.025323205,0.0021539927
802,802,0.0054745628,0.00012552738
316,316,0.0032668584,0.0022821426
675,675,2.234517,0.037927628
239,217,1.4411734,0.41741988
755,755,0.0027249523,0.0006918311
967,967,0.3238467,0.7658261
9,9,0.0002738504,0.003338039
679,488,0.20070851,0.085024655
433,433,0.75148106,-0.05696386
49,49,1.0362966,0.7352621
676,676,0.0095914295,0.00870049
661,661,0.005732472,0.91992736
553,553,0.7460711,0.26737878
739,739,0.0033086198,0.00071424246
988,988,0.0023598312,0.0005378723
859,669,1.100553,-0.18110996
944,944,0.27359626,0.011911154
707,707,0.35939294,0.92544883
421,421,0.0003503784,4.053116e-05
151,151,0.14548315,-0.011624932
