predictions,labels,entropys,plpds
240,241,0.780736,0.02746898
633,633,0.035811413,0.33161056
768,768,0.008523095,0.015869856
807,807,0.011741496,0.002821207
360,360,0.078081295,0.97203547
192,192,0.029788416,0.0015286803
672,672,0.001410531,0.0008006096
406,497,0.088183515,0.43745196
831,831,0.007540992,0.9803501
768,768,0.0011551837,0.00040960312
672,672,0.004391944,0.008305848
250,250,0.58066636,0.13563412
70,70,0.0063922936,0.012628257
475,475,0.0013825938,0.025101721
109,109,0.008817758,-0.0001847744
343,343,0.05809719,0.91602546
846,619,0.62693477,0.6056102
232,232,0.46157128,0.11628616
918,918,0.022218198,0.0023117065
705,705,0.48756927,0.8747159
931,931,0.31536385,0.75247866
707,707,0.15429287,0.62440026
718,718,0.018357513,0.004838705
195,195,0.028902307,0.005971968
209,209,0.6987932,0.029930055
423,423,0.13809407,0.8693304
38,38,0.009179253,0.00047910213
727,727,0.00431191,0.0015339255
913,913,0.011894202,0.0017448068
854,854,0.23508555,0.60509866
446,446,0.29784095,0.062484384
391,391,0.054739393,0.038876414
207,435,0.7021415,-0.1379062
526,742,0.71758074,0.57708144
958,958,0.002814301,0.0068659186
858,858,0.08232167,-0.0031793118
67,67,1.7120985,0.30693474
681,681,1.1126121,0.0033323765
404,908,0.6158656,-0.07878548
986,986,0.019446962,-0.0013237596
772,772,0.10568468,0.9847991
304,304,0.15206343,0.1220032
987,998,1.6736196,0.4550183
258,258,0.049394492,0.10351008
876,519,1.9520093,-0.006373465
203,153,0.8596011,0.60132766
69,69,0.0010768187,0.015750945
998,998,0.7232486,0.11177009
387,387,0.005844885,0.00034928322
145,145,0.00018631163,1.1086464e-05
317,317,0.6064089,-0.2573576
147,147,0.008286666,0.013495266
684,499,0.5595818,-0.0037817955
244,244,0.02152781,0.020194352
427,427,1.2573516,0.5323257
866,866,0.31584144,0.03981942
637,637,0.020824919,0.0077083707
177,177,0.03132431,0.21133906
707,493,1.8945767,0.2970564
226,226,0.025220823,-0.0003194213
552,552,2.010595,0.6981586
879,879,0.4845773,-0.024823487
448,448,0.009957482,0.02624029
634,634,0.022705551,-0.0002926588
