predictions,labels,entropys,plpds
684,684,0.00039509768,0.00041598082
363,363,0.0113289,0.007805109
336,337,0.0076561915,0.047752798
794,794,0.18733989,0.8838864
492,492,0.71262705,-0.2641675
306,306,0.010042459,0.0011687875
324,324,0.0076096216,-1.7344952e-05
686,686,0.009126959,0.044884026
406,406,0.6016631,0.10073286
546,402,1.0596936,0.47771466
973,33,0.35598534,-0.060436606
980,972,0.31981906,0.37389916
520,516,0.9813519,-0.3778578
926,926,0.06990158,0.027394176
882,882,0.074744135,0.10761368
334,106,0.97156614,0.46385857
453,453,2.0495138,0.4821643
893,893,0.20656939,-0.022261322
829,829,0.20479167,-0.007188976
172,172,0.0397426,0.003197968
388,388,0.025027988,0.019285083
259,259,0.08101332,0.007424295
351,351,0.07720724,-0.00045746565
432,558,0.6742176,-0.11562067
481,481,0.017602341,0.003350675
88,88,0.0005790739,0.0001912713
219,219,0.26510876,0.32770747
174,174,0.052442968,-0.00014430285
119,39,0.059323277,-0.00018531084
376,376,0.027600009,0.00089371204
539,539,0.0011949528,0.04500246
146,146,0.008914276,0.9675615
346,346,0.14665139,0.0013654828
833,833,0.014422555,0.042123675
669,669,0.0025141975,0.86519873
703,703,0.022740943,0.36223942
148,148,0.0057608434,-3.2246113e-05
218,218,0.42091784,-0.024090648
420,420,0.124882415,0.9549873
506,506,0.0059249215,0.0024496317
237,158,0.769909,0.5356542
541,541,1.3776166,0.66007364
422,422,0.5190037,0.934523
69,69,0.00067811063,0.00020951033
301,304,0.48824343,-0.12040293
238,238,1.2427714,0.3131656
637,539,2.1913676,0.035532355
117,117,0.0026281448,0.24619663
547,547,0.015806263,0.018626273
157,157,0.012883806,0.014654398
883,883,0.028637055,-0.0011751056
207,207,0.04367928,0.016575396
930,930,0.002248648,0.0002862811
539,539,0.029123757,0.008708119
674,674,0.0012584206,0.0029306412
11,11,0.0031194584,0.00023365021
801,801,0.0019284256,0.0070620775
318,318,0.001414468,0.058054805
277,277,0.20609196,0.0381186
128,128,0.023629485,0.0033874512
401,401,0.0022933302,0.0028477907
461,524,0.503408,0.35075286
648,883,1.6361848,0.39382118
857,857,0.33471322,0.51921856
