predictions,labels,entropys,plpds
934,934,0.0032913801,0.008076787
874,874,0.016702542,0.9947145
705,705,0.03803103,0.0010191798
495,495,0.01907257,0.0019496679
505,505,1.0717162,0.5047848
830,830,0.22013953,0.5412405
742,742,1.0288172,0.7630492
175,175,1.0787451,0.6254924
715,715,0.21584687,0.027843118
790,951,0.8388615,0.4546995
398,618,1.1930445,0.19828612
136,136,0.007286382,0.019842446
555,555,0.01742518,0.01246798
430,430,0.00025002225,0.00059366226
573,573,0.017164089,0.0025303364
857,857,0.0052608075,0.0406304
960,960,0.54621434,0.16900766
898,898,0.823669,0.7891208
162,162,0.6111078,0.007906675
90,90,0.031395473,-0.0005348921
868,549,1.3127403,0.6333959
16,16,0.0006583028,0.00015884638
316,316,0.0063307886,0.63803005
490,490,0.01611756,-0.0008584261
211,211,0.3091992,-0.048449636
735,735,0.080283836,0.11505574
604,604,0.00019131275,0.003639102
394,394,0.007673992,0.01073873
583,583,0.0040600584,0.0223248
172,173,0.46465623,0.024751484
160,160,0.00072890817,0.0021826029
709,709,0.5130108,0.890348
538,538,0.31523773,0.41279638
762,967,0.28684336,0.94393575
953,953,0.054094486,0.5513998
824,824,0.018773446,0.040774047
6,6,0.7021686,-0.17079604
518,518,0.0025166324,0.006708622
823,617,1.5817528,0.29299855
500,500,0.24929592,0.0514127
863,863,0.08143571,-0.0075291395
173,173,1.1682252,0.51331925
509,509,0.65871274,0.8196735
646,646,0.39550987,0.30028206
2,2,0.012856704,-0.00052422285
37,37,0.7202937,-0.22827607
338,245,2.0451846,0.53607607
857,857,0.62605166,0.71217585
95,95,0.00024234552,0.00026327372
67,67,0.83457255,0.15469804
32,32,1.2108545,0.2350815
760,760,1.0308367,0.74011856
93,91,2.1054952,0.44077256
480,480,0.0006726546,0.0103755
490,490,0.02223061,-0.00014400482
38,38,0.07220921,-0.005631745
565,565,0.0010281733,0.0891031
461,524,0.51208115,-0.04537821
993,993,0.0021760813,0.0026126504
71,71,0.008980676,0.00056672096
979,979,0.1768477,0.087596
22,22,0.000429079,8.702278e-06
939,941,0.024816165,0.0076123476
324,324,0.009754143,0.16928256
