predictions,labels,entropys,plpds
246,806,2.146996,0.21853933
207,207,0.39863956,0.8713263
39,44,3.9088752,0.20001058
204,204,1.2266619,0.40692794
950,950,1.0979517,0.030427873
897,897,0.6196121,0.8579396
63,63,0.005812021,0.112125695
571,571,0.05564738,0.79807615
733,682,0.58098614,0.7994665
645,645,2.892395,-0.04387915
913,913,1.0734426,0.8173683
264,264,0.30971378,0.6778991
2,2,0.6127871,0.5440635
858,970,1.4836272,0.38778377
843,799,0.13090944,0.24758297
874,874,0.45049974,0.8986772
803,803,0.06058705,0.03543067
375,375,0.7093971,0.88240606
692,549,2.3959622,0.30011782
871,871,0.1959842,0.09326327
946,946,0.0049607814,0.0013405681
10,10,0.82043177,0.23480776
860,860,2.6962547,0.30828893
36,36,0.008447661,0.009586871
501,578,0.92207813,0.7174578
646,423,4.0418916,0.24354155
315,313,0.7144193,0.7746002
973,973,0.37965506,0.37755167
652,652,0.52457803,0.2808792
452,452,0.052717187,0.9370801
314,314,0.0696889,0.76012546
917,921,0.73205537,0.702337
83,83,0.013152923,0.063266695
584,398,0.5836416,0.677965
485,485,1.873755,0.49444932
362,362,0.004281575,0.9963547
465,811,1.2921613,0.62336355
783,677,3.929529,0.13335884
228,228,0.10935493,0.95392644
639,638,0.7244838,0.1325792
310,310,0.0187468,0.23536849
630,630,0.0065417755,0.026865005
112,813,1.6998141,0.45560855
651,499,1.7004893,0.7097092
261,261,0.022474457,-0.0004899502
108,108,0.011572281,0.13182378
184,368,0.79632187,0.82902753
309,309,0.024070116,0.00048202276
437,460,1.8254566,0.37463427
125,316,0.4732833,0.91302305
396,973,1.457355,0.40789643
877,877,0.060460888,0.037455738
190,190,0.2194906,0.76290375
827,851,3.136684,0.28563496
770,478,0.14343375,0.9743007
233,183,1.2202238,0.4763552
174,174,1.0483423,0.52844113
156,156,0.44948098,0.08598691
160,160,0.16088907,0.023348212
101,101,0.7950194,0.59109926
522,950,1.8310355,0.089176506
830,768,4.319166,0.15507972
271,271,0.008168229,0.040403545
830,664,2.2004204,0.49109468
