predictions,labels,entropys,plpds
250,249,0.52505106,0.0865522
30,30,0.07570621,-0.0056676865
421,421,0.020621948,0.023308039
707,707,0.9267094,0.047528803
672,672,0.06608584,0.9730759
211,211,0.064264014,0.04761398
752,752,0.045029875,0.9861519
834,834,1.4697886,0.55532223
339,339,0.008637066,0.028113365
619,619,1.597521,0.013942659
460,150,1.1099808,0.60739684
99,99,0.00657646,0.01400876
950,950,0.6169551,0.8144329
188,188,1.5687147,0.39154848
846,846,0.31325567,0.86731577
902,549,4.087197,0.1303012
833,833,0.7806037,0.8250116
175,175,0.488696,0.8895503
611,611,0.12506656,0.048758328
783,746,1.926924,-0.24512273
577,577,0.8026501,0.024314702
44,44,0.122007005,0.04254359
396,396,0.0007781592,0.007476747
830,830,0.030310009,0.22525793
13,13,0.0019716597,0.32729965
828,828,2.2718952,0.3713416
989,989,0.6207175,-0.06913322
832,832,0.038430605,0.5729389
863,863,0.017196111,-6.0915947e-05
486,486,0.023908127,0.34514374
547,547,0.045424514,0.9926321
260,260,0.051298343,0.13241106
695,733,3.490812,0.16648781
211,173,0.5554292,0.26474106
142,142,0.09368855,0.19877076
110,110,0.011169253,0.06327367
784,623,0.962098,-0.36140603
260,260,0.0064436863,0.070563376
122,997,1.5381192,0.7050917
205,205,0.2644917,0.89464325
830,830,1.6475284,0.65618986
678,678,0.0073254784,0.9628294
366,366,0.03133551,0.9498116
508,681,0.9200155,0.49226582
911,108,2.137587,0.34230816
569,569,0.15588921,0.9597851
892,787,0.9501064,0.5169501
250,250,0.15977645,0.92082286
563,563,0.0403376,0.012372613
903,432,3.8575215,0.18910985
819,486,2.474492,0.11356552
750,750,0.71128124,0.7006133
740,784,0.06657836,-0.0010305643
136,136,0.0024325766,0.26045644
373,373,0.07467575,-0.0049574375
137,137,2.161368,0.5398134
585,585,0.087852284,0.17883176
464,748,0.6305863,-0.15903872
315,315,1.4671931,0.61650616
238,240,0.52225167,0.0048438907
491,491,0.3005197,0.9153805
49,49,0.034117628,0.0011423826
954,954,1.9423112,0.7163311
703,580,2.1541271,0.39860454
