predictions,labels,entropys,plpds
891,828,1.720803,0.42569554
337,337,0.11057473,0.9052985
534,377,1.6531463,-0.1510461
361,633,4.2119417,0.29027218
103,28,1.2560177,0.46329927
85,85,0.0219426,0.9970586
364,364,0.019504886,0.81137264
269,269,0.45457694,-0.0073977113
490,903,0.6759074,-0.06985569
366,366,0.082402706,0.022604167
738,950,0.51727796,-0.011008859
710,710,0.39685833,0.945706
952,567,0.18112871,0.013674915
759,759,0.04885868,0.99068123
867,675,0.62401485,0.70843464
558,558,0.12005819,-0.004513979
196,196,0.8912819,0.7879433
359,359,0.56763786,-0.02957052
104,104,0.080403596,0.36417586
711,711,1.459905,0.5012429
514,514,0.03973877,0.9396561
945,945,0.025437009,0.016165316
353,353,0.02677563,0.0053532124
678,678,0.029857025,0.99228793
899,725,1.4802346,0.41656464
355,355,0.0017618468,0.0016319156
317,317,0.036858596,0.8997851
910,910,0.6414525,0.78244203
306,306,0.00767795,0.9906244
558,683,1.3831766,0.7816283
621,621,0.20190646,0.8881221
75,504,2.786886,0.2327139
816,816,0.12993547,0.01258409
370,370,1.4928843,0.4140294
760,760,0.7275822,-0.029875278
736,736,0.633134,0.87672305
120,120,0.01768995,0.6658931
261,261,0.29257432,0.3394475
803,803,0.010592654,0.998235
25,25,0.3070928,0.09414017
405,405,0.068438254,0.09322184
272,272,1.2702798,0.2543109
169,176,1.1051226,0.6847197
784,784,0.4915929,0.6432965
776,776,0.59328693,0.7060857
774,774,1.0092913,0.32514906
325,325,1.0656145,0.07709059
362,362,0.31918466,0.54015887
653,653,0.0058603045,0.009691775
470,793,3.2454195,0.23866773
901,901,0.00831656,0.0007147789
410,410,0.04821904,0.023582995
850,265,0.7167775,-0.19342959
698,857,0.32945186,0.1438201
760,760,0.064376414,-0.002170384
258,258,1.0428421,0.6882125
398,398,0.05194453,0.12320781
125,125,0.09447133,0.31190425
430,430,0.09524745,0.2746511
750,824,1.3671188,0.1451051
886,886,0.420427,0.06526083
714,714,0.0016635975,0.25412554
88,88,0.0015507499,0.001342833
236,236,0.8346915,-0.4605546
