predictions,labels,entropys,plpds
602,416,3.5523043,0.17379984
725,725,0.9577453,0.6913931
955,955,0.09792607,0.025544584
819,402,2.0421634,0.52316266
194,202,2.4148932,0.26048172
537,537,0.08752522,0.6617085
250,248,0.84556043,0.5492221
791,519,1.8361175,0.6300674
560,560,0.2340458,0.047025204
599,599,0.0885888,-9.703636e-05
779,779,0.38633198,0.83758736
902,902,0.0955618,0.9619242
204,204,0.2155053,0.1970256
954,954,0.5013269,-0.020994663
12,12,0.024394916,0.0019045472
740,740,0.0764257,0.105374515
218,156,1.5002428,0.32278585
325,325,0.1277352,0.007528305
860,860,0.11670691,0.029672146
676,676,2.2782493,0.4801123
269,269,1.1200454,0.47143316
89,89,0.90019363,0.8803387
459,459,2.0858867,-0.102290004
387,387,0.0053451248,0.006232977
917,917,1.9626329,0.42759934
403,895,0.9220882,0.23816544
668,663,1.6394348,0.5444187
203,203,0.10432868,0.2264731
980,980,0.21650335,0.065311015
280,280,0.052014768,0.026954293
931,931,0.8976331,0.6716711
418,563,0.9103432,0.7974453
543,591,2.4963264,0.34453547
280,86,2.6480174,0.45823675
506,679,2.1367126,-0.20433092
905,905,2.0057964,0.24681848
490,490,0.022242073,-0.00013405085
267,215,2.4092855,0.26161018
883,725,0.6136218,0.86177504
962,962,0.030742204,0.053176463
560,882,4.4130316,0.19458938
896,804,0.8472737,0.073334694
471,471,0.891065,0.80655485
719,719,0.20466214,0.9658725
209,209,2.8024578,0.20123091
656,656,1.1856436,0.762422
665,665,0.26864716,0.2655111
629,969,3.4766698,0.12696692
791,791,0.028415766,0.5783536
541,619,1.9567525,0.4961718
405,405,0.5799301,-0.19522619
516,431,2.6470644,0.3584642
440,440,0.8877045,0.28749895
193,201,3.343122,0.15078066
80,80,0.011427611,-0.00033849478
996,996,0.714513,0.83922005
950,949,0.37365857,0.6526614
275,275,0.019682696,0.009010196
482,482,0.5516288,0.8699876
703,506,0.09869,0.13330203
495,495,0.0104368925,0.0028578043
128,128,0.19011717,0.10098845
591,591,0.015435923,0.048198283
956,956,0.5259453,0.5233948
