predictions,labels,entropys,plpds
851,851,0.17885898,0.9702189
866,856,0.80713683,0.09282681
144,144,0.058637522,0.02550143
502,588,4.6742344,0.10780934
102,102,0.9204638,0.8645442
542,541,0.55682665,-0.061681926
246,246,0.035328083,0.9936596
249,249,1.1184185,0.4936591
643,643,0.17417088,0.8254543
127,127,0.11215054,0.010718703
269,274,1.3876326,0.4443035
239,852,2.2514055,0.4216894
807,807,1.7131876,0.5836295
468,468,0.18122001,0.8893896
725,725,1.5270278,0.13923648
13,13,0.0019208384,0.04516077
723,723,1.3915895,0.5062535
340,101,2.519039,0.27433175
934,121,3.541151,-0.01274243
502,502,0.4795313,0.83695877
470,470,1.1573424,0.78926563
918,918,0.11315131,0.012347579
64,55,0.32052112,0.048272133
31,31,0.4929565,-0.05817598
247,180,1.9908555,0.22161268
978,977,0.5902884,0.78957886
284,284,0.0062394617,0.0056384206
626,626,1.0525626,0.49770418
171,164,1.5410731,0.30012965
930,930,0.23158158,0.5156725
580,580,0.078466296,0.46446294
730,730,0.020253127,0.027086318
949,949,0.23867822,0.24819517
361,359,3.1196241,0.33497596
537,537,0.029402424,0.00041300058
494,494,1.1584275,0.65703505
144,144,0.035203498,0.0032057762
892,892,1.2781512,-0.31791246
26,71,3.0221767,0.07659498
480,480,0.75099826,0.46830013
386,386,0.4314868,-0.034769893
882,728,4.2654114,0.1899898
198,198,2.2611103,0.24269104
700,700,0.13103276,0.9748765
371,371,0.09015781,0.13782185
364,364,0.06648104,0.017565846
121,121,0.07236222,0.0027719736
517,517,0.25054118,0.9256663
226,226,3.0727627,0.19478919
752,752,0.6781846,0.8359543
511,511,0.17812231,0.90604067
296,296,0.2995619,0.08219117
293,293,0.016659629,0.016443849
335,999,1.7563539,0.67466885
653,336,2.001233,0.67020535
239,239,0.2539019,0.46960095
770,770,0.038098596,0.008183479
373,373,0.08113087,-0.0017386079
880,880,0.12389223,0.95292825
303,303,0.13155068,0.1113953
479,479,1.0704718,0.4620875
92,92,0.015080266,0.0031804442
683,558,1.3741204,-0.17963877
48,48,0.070514455,0.015619218
