predictions,labels,entropys,plpds
102,102,0.07966527,0.047908247
155,155,0.28040332,0.3650251
272,272,0.07923932,0.01770413
140,140,0.14626107,0.9550177
568,568,0.009934712,0.012812972
469,909,0.6496474,0.7307342
357,45,1.55375,0.4310516
213,213,0.18132268,0.051972687
643,643,1.0478622,-0.27067047
611,611,0.03923571,0.016574025
682,682,0.1528637,0.9827379
30,97,2.48935,0.36023107
425,425,0.004321938,0.014402807
440,440,0.034383647,0.16119039
102,102,0.14805344,0.9730532
954,464,2.7824569,-0.0011288524
203,203,0.37778088,0.28543425
373,373,0.6054075,0.16210693
154,259,0.789305,0.74430823
162,245,2.8690095,0.17210567
697,697,0.10440969,0.29711318
460,460,0.7618253,0.7949288
73,74,0.7826839,0.697641
832,832,0.94516844,0.6056246
558,764,1.9468201,0.36114955
540,540,0.019993238,0.17530245
858,858,0.16455263,0.8534725
306,305,0.6441549,-0.10709131
518,465,3.767521,0.20953344
505,849,0.39226288,0.39888775
628,628,0.016727544,0.78336596
718,718,0.044706862,0.2309376
288,288,0.09412831,0.31063128
761,844,1.0316947,0.48963335
735,735,0.03317572,0.12704045
46,40,0.8149668,0.122924805
665,913,1.8943169,0.28589088
69,69,2.8987722,-0.03406164
915,915,0.16112888,0.43766958
459,459,0.3773906,0.90310615
716,716,0.43131527,0.6458005
522,522,0.00042264053,8.571148e-05
949,949,0.17970024,0.20990187
540,540,0.068483405,0.013665676
258,258,0.41536605,0.4143079
124,124,0.5546906,0.5087807
926,924,3.0807462,0.08214501
505,579,2.5244665,0.13226041
195,195,0.17780727,0.4836027
938,938,0.008567875,0.001180172
142,142,1.0250916,0.37942192
694,694,0.008044845,0.024596274
344,344,0.0054133814,0.050611198
478,519,1.7638626,0.3080554
354,354,0.25025922,0.12707299
360,360,0.028197024,0.035776734
221,221,0.4572298,0.36726218
60,674,2.9751203,0.32765982
399,399,0.46778327,0.66814196
667,667,0.21196026,0.972189
189,189,0.98090774,0.48349237
31,31,0.12556681,0.8849123
31,31,0.30871528,0.5875064
147,147,0.004564745,0.017490625
