predictions,labels,entropys,plpds
548,548,0.021981424,0.08402693
659,659,0.06039145,0.53584576
188,188,0.25636077,0.2870245
34,801,0.6681142,0.5383741
382,382,0.39083713,-0.011509478
643,629,0.8682055,-0.08524984
110,115,0.35500136,0.82758325
384,384,0.030375466,0.0045709014
7,7,0.041510314,0.0019037724
237,237,0.1536471,0.0195539
378,368,1.5861146,-0.1812365
517,600,2.0293665,0.5285106
30,32,0.74046683,-0.42935902
546,862,0.81353414,-0.15838218
791,791,0.10461805,0.004358232
839,839,0.6694435,0.82111764
385,386,1.230615,0.23828822
878,878,0.3310242,-0.019193947
162,162,0.09969694,0.066490114
175,175,0.18208596,0.048452556
322,322,0.0059725284,0.0003440976
119,119,0.03632282,0.23974383
343,343,0.013326377,0.96025366
637,753,2.034081,0.44906077
707,707,0.113081954,0.95645744
575,575,0.35331407,0.9182022
401,558,1.2706182,0.52553844
597,597,0.44659662,-0.06589401
594,594,0.009240046,0.0025101304
134,134,0.19628447,0.009331524
476,476,1.467179,-0.17395455
863,863,0.32550162,-0.012535214
223,223,0.37639862,0.8888762
248,264,1.6307421,0.33049995
449,449,0.002743899,0.002898693
461,112,4.2077847,0.21844049
771,771,0.0016565524,0.0061668754
759,759,0.07160781,0.35772008
639,639,0.46756846,0.33131337
452,452,0.57656777,0.9144724
73,77,0.8122004,0.47042203
659,659,0.17259917,-0.019199193
656,656,0.484002,0.87986994
713,742,0.24792427,-0.04587215
957,957,0.0010250527,0.00024366379
46,46,1.0147784,0.4931476
351,351,0.017018335,0.011987805
746,746,0.0029006202,0.028246641
110,110,0.0013660318,0.00035226345
678,678,0.03102133,0.9916202
852,852,0.04494545,0.3158992
194,194,0.0039429395,0.028900862
314,314,0.5292375,0.75956744
838,838,0.067935705,0.091916025
816,623,1.4502585,0.40819597
790,791,1.2035507,0.58358526
139,139,0.0053750435,0.002694726
225,235,0.64172673,0.35303134
587,587,0.25614357,0.95744985
217,215,0.39343524,0.91629666
497,442,1.4545145,0.3864565
106,343,0.15548031,0.974714
770,453,1.6071541,0.08909038
657,744,1.4721608,0.61188674
