predictions,labels,entropys,plpds
537,267,1.6988597,-0.4239257
414,414,0.14011887,0.960501
543,543,2.5605984,0.37396133
403,403,0.052099902,0.7241577
268,268,0.894094,0.7016404
21,21,0.055936024,0.2393195
885,798,0.6240393,0.86963564
327,895,0.7171074,0.76696867
421,554,3.1883397,0.31257635
244,256,0.5726355,0.736445
930,961,0.80618286,-0.25087917
185,185,0.4895036,0.9009283
965,965,0.06192322,0.9832356
231,232,0.8292331,0.63860977
725,725,0.9903197,0.7287502
21,21,0.01079925,0.011792898
25,28,1.1358658,0.4255472
766,742,3.0519905,0.4003129
333,333,0.017814562,0.06736642
507,507,0.03509715,0.0049221516
205,205,0.5648427,0.50627637
934,934,0.20797166,0.6293248
56,56,0.25765008,0.95654434
421,905,0.91056937,0.7713203
394,394,0.7701345,0.8523232
685,685,0.00032709783,9.9778175e-05
21,21,0.012344931,0.01745975
954,954,0.07738413,0.14504266
301,301,0.3004703,-0.008121312
109,109,0.028343977,0.0921337
173,173,0.3874303,-0.07553482
499,499,0.016969558,0.4170379
943,939,0.16662198,0.012926757
626,523,4.5041504,0.14622553
678,678,0.006802512,0.039939582
923,762,0.9946387,0.5056835
827,505,1.0938779,0.5060673
745,759,0.13540216,0.13505346
975,976,1.531992,0.31877112
469,469,0.05487749,0.9947858
348,348,0.49746168,0.8391094
822,822,0.02121981,0.9136509
358,223,4.319871,0.07787035
665,665,1.0689813,0.61581784
331,331,0.045795985,0.9017683
279,279,0.07741303,0.8423383
999,850,1.8052406,-0.086693585
269,269,0.61249685,0.82603973
265,265,1.59863,0.58624226
899,669,0.7485096,0.7895104
118,118,0.7319051,-0.23033464
748,748,0.60474956,0.89816713
433,433,0.27844968,0.098038554
468,468,0.06841033,0.7453881
181,181,0.004270141,0.89865637
297,297,0.0787178,0.0036904812
896,896,0.0066740923,0.9991275
517,517,0.022687746,0.9358797
894,861,2.5870798,0.23234937
279,279,0.029736858,0.027686954
893,893,0.5704957,0.010714114
261,261,0.0074742455,0.0057056546
610,465,3.6567085,0.13822678
778,778,0.7721745,0.6284291
