predictions,labels,entropys,plpds
595,595,0.7233284,0.85209394
962,962,1.644007,0.45408133
512,464,2.0021596,0.52925897
980,980,0.01871455,0.028161407
687,687,3.9285436,0.26343125
153,153,1.3794807,0.30139706
798,798,3.537852,0.16532275
421,421,0.035896577,0.9766563
780,914,0.12860747,0.015122116
318,318,0.20238706,-0.0105906725
533,533,0.17178498,0.15585601
118,909,3.7973971,0.1641952
439,439,0.5644645,0.93213516
994,994,0.108435124,-0.0017858148
421,839,4.3278394,0.10286537
761,761,0.2387291,0.0006867647
487,487,0.16635543,0.3680219
164,164,0.17779055,0.0018031001
225,225,0.21406984,0.8298567
191,191,0.32064798,0.16163194
562,460,0.1347807,0.08322477
821,821,0.28282088,0.18585676
750,750,4.816614,0.09737123
441,441,1.3096607,0.72992253
872,872,0.32219204,0.5769719
899,725,0.7414838,0.6183594
421,421,0.4019501,0.26996648
620,918,2.9540453,0.20340466
903,903,1.9539692,0.601627
668,668,0.28702426,0.45166838
788,788,2.5161095,0.4396183
550,550,0.07473048,0.57612205
456,971,2.7365003,0.4348942
272,272,0.9396926,0.40428737
250,250,0.7158825,0.7493924
456,456,0.2444286,0.29554576
119,120,0.2336761,0.24740905
585,585,2.5365238,0.42569843
635,635,1.3139274,0.8182956
902,679,2.234132,0.5445757
648,901,1.5027344,-0.07177687
405,405,0.5174557,0.7345792
234,234,1.067345,0.69367987
21,21,0.3701871,0.9260394
509,509,1.7955369,-0.02653867
922,922,0.11861408,0.01081413
652,652,1.7684932,0.49632108
674,674,0.79760313,0.8395277
745,745,1.0763346,0.79626787
840,119,4.233918,0.06394823
960,928,0.01109739,0.02792877
914,871,1.1262912,0.47156808
103,103,1.4874306,0.7600869
7,7,0.111238286,0.06626475
241,238,0.95340216,0.49947172
98,143,0.5953812,0.044547856
137,137,0.5556932,0.1762054
530,530,0.03068913,0.03303492
696,696,0.85699636,0.27621734
694,694,0.004201699,0.021623611
943,943,0.015760366,0.048355997
63,63,1.4642109,0.8111259
348,348,1.4329772,0.8038076
128,128,0.12008713,0.5651289
