predictions,labels,entropys,plpds
484,484,0.07859716,0.990503
819,819,0.19733179,0.45112687
756,756,0.0484585,0.5924568
469,488,2.4335804,0.613548
692,446,0.712373,0.36573014
680,680,0.05858592,0.3760423
713,713,0.8471928,0.7127869
54,68,0.81192964,0.8128611
402,546,0.8201529,0.55245763
848,482,0.7589561,-0.016370177
586,586,0.07804993,0.98198277
853,853,0.7102186,0.89922166
367,367,2.1124322,0.39426172
935,935,0.8622521,0.78531384
476,476,0.02430152,0.0012934804
301,301,0.29212692,0.112127185
895,908,0.77830356,0.8873694
831,831,0.14890496,0.80701065
330,331,0.28642657,0.12878978
562,461,2.9087071,0.4349132
342,342,0.5048995,0.03423816
254,254,0.08264807,0.38964367
556,508,1.6495328,0.13936722
975,449,0.6103016,-0.0054989457
529,529,0.8502073,0.32079148
769,769,1.6060596,0.4800412
996,996,0.84725714,0.6720843
687,677,0.6740457,0.76658595
3,3,0.23421082,-0.028695643
529,529,0.14493531,0.9434273
744,657,0.65424204,0.69714105
428,856,0.8467999,0.7784534
746,746,0.018741883,0.9980308
941,941,0.021060094,0.07794571
364,364,0.00552801,0.08037752
448,448,0.17402948,0.93043685
958,958,0.14114434,0.23050052
127,127,0.2860766,0.041207492
122,121,0.09236805,0.013500035
686,686,0.016869195,0.20092386
297,297,0.1890541,0.51995426
471,744,0.57963264,0.920461
51,51,0.23638463,0.9761961
231,230,0.56271327,0.4651312
641,473,0.42919123,0.8791746
360,360,0.4871863,0.24280077
996,997,1.2606267,0.43312424
178,178,0.019678704,0.996527
844,455,2.6728215,0.24199466
20,20,0.19343805,0.88037485
111,111,0.04624296,-0.003314793
875,875,0.58657914,0.18066078
40,46,0.90858245,0.7708935
208,208,2.0173573,0.5032991
545,755,0.8310775,0.8550324
948,948,0.16658345,0.9018103
965,965,1.5943778,0.7284551
125,125,0.24726167,0.9762398
558,776,2.394197,0.3521023
129,129,0.3280567,0.15387064
891,891,2.3609126,0.54243743
912,825,0.81214786,0.7757338
475,475,0.025945181,0.16561025
571,681,2.107284,0.59010035
