predictions,labels,entropys,plpds
125,121,0.16184795,0.9781777
491,491,1.6077237,-0.059209168
556,556,0.011032812,0.73701155
435,435,0.84833,0.7296938
634,519,1.4795806,-0.38075376
583,583,4.221141,0.16415553
234,234,0.25963175,0.77743566
914,914,0.0025178678,0.23568779
517,517,0.10580687,0.025717854
529,516,0.0053977463,0.03681475
265,265,0.7655072,0.65750146
78,78,0.0018053956,0.13409734
505,505,1.1843421,0.012499571
251,251,0.033811886,0.38483953
15,15,1.1095791,0.67399704
457,457,0.97097063,0.6556152
319,319,0.012545776,0.7040089
363,363,0.0116876345,0.06907946
513,875,1.6249152,0.18489201
182,185,0.48749653,0.8841004
906,650,0.80118805,0.4749206
697,697,2.1991735,0.42295608
617,617,0.23632473,0.1749515
464,464,1.1696296,0.81265795
231,231,0.10001306,0.08046782
709,767,1.1538084,0.5285678
469,872,1.0755111,0.5132079
477,587,0.6045131,0.8191426
826,826,0.014385359,0.19152844
344,344,0.09390651,0.051949322
247,247,0.01189677,0.873386
886,886,0.7989017,0.73486286
621,843,3.0903835,0.2579464
503,503,0.010309894,0.56919277
412,412,2.3122609,0.57508874
916,916,0.018870858,-0.0002309084
716,715,2.5449202,0.38661727
778,778,1.0282931,0.7001891
767,767,0.052177936,0.1302883
565,565,0.0001998216,5.0663948e-05
659,659,0.0021556646,0.35460377
131,131,0.0018582043,4.249811e-05
414,772,2.6490378,0.1955807
202,184,0.07636502,0.061124563
499,777,0.699775,-0.26030147
162,162,0.054210685,0.04130149
609,609,0.0042603035,0.98698187
486,889,0.77696246,-0.28263128
913,913,0.8799396,0.44107512
248,213,0.9043243,-0.07680696
853,853,0.0100070145,0.097166955
478,520,0.67597616,0.8531616
709,709,1.910136,0.4533969
956,988,2.3451738,0.39003462
457,823,3.0895922,0.33669755
804,631,0.57436675,0.753569
971,971,0.031127805,0.060712576
97,103,1.2610526,0.68289804
539,893,0.26600543,0.9656248
823,823,0.3973881,0.9341002
236,236,0.19598183,0.9623352
250,248,0.79804,0.5367817
701,701,0.0017721036,0.00083750486
946,946,0.049443223,0.026922643
