predictions,labels,entropys,plpds
444,444,0.399791,0.91162175
244,244,0.00971967,0.82408583
29,29,0.006777961,0.006334245
242,242,0.20738712,0.94277984
965,965,0.00094743783,0.04955548
611,611,0.0030475967,0.0033507347
911,618,4.6598496,0.064896405
842,445,1.3015548,-0.34709072
378,378,0.020715121,0.042740524
868,611,1.5977511,0.65544045
697,697,0.06303607,0.10526919
636,608,0.76859313,0.59801817
562,562,0.010430617,-0.000621438
48,48,0.0119443685,0.013385534
506,506,0.58069044,0.9005735
551,551,0.03096179,0.9893948
760,769,2.5671673,0.18666779
31,31,0.0643069,0.797857
233,226,0.19902034,0.521434
774,774,0.108907826,0.06644863
326,322,1.5590656,0.5767273
519,519,0.03553628,0.9525631
342,342,0.61084807,0.27071086
822,542,0.14241207,0.9656657
527,527,0.83594626,0.75401086
594,594,0.011716404,0.9751919
233,233,0.27957547,-0.05484289
902,902,0.16537012,0.01061219
353,352,0.7169532,0.13205162
384,384,0.020290546,0.0007292628
553,492,1.2059269,0.7421902
791,815,0.5787631,0.8469159
601,601,0.025455467,0.82610255
373,374,0.180227,0.96979046
516,398,1.0213368,-0.085165024
413,413,0.64010155,0.009001076
528,528,0.012862391,0.9322617
435,71,3.6087294,0.13453244
853,853,0.31445628,0.76157475
215,215,0.091209725,0.8945757
803,803,0.0007408613,0.0019102693
618,828,0.97954166,0.52221036
766,859,0.8218827,0.84539896
931,931,0.68529785,0.7032825
951,951,0.008283325,0.019383729
140,140,0.008217309,-0.0008119941
86,86,0.49326172,0.008743048
349,349,0.6202818,0.47459304
711,711,2.6756892,-0.5071095
844,844,0.043779038,0.91499436
874,874,0.035517294,0.34216428
884,406,1.4099201,0.26659757
652,652,0.6213013,0.32168442
371,372,1.0080233,0.24003819
517,561,1.2856953,-0.41232705
726,726,3.191601e-05,0.0003296137
103,103,0.04366359,0.28789783
921,893,1.0369211,0.743213
409,826,0.86620796,0.43476534
609,609,0.06053681,0.029039979
111,114,1.3385632,0.45852566
343,343,0.0027289316,0.9993488
1,1,0.03708011,0.034247935
544,544,1.9022739,0.5552379
