predictions,labels,entropys,plpds
798,798,0.012797489,0.014885187
22,22,0.015913934,0.99867356
445,445,0.30050886,0.22725439
337,337,0.025922561,0.88659084
894,894,0.41455352,0.85360307
613,613,0.007327214,0.23569107
380,380,0.17696244,0.8177032
491,491,0.04821021,0.14681774
68,130,3.3795428,0.19662143
770,846,1.93747,0.36015472
739,739,0.30638942,0.03668648
186,185,1.1766483,0.6330482
615,906,0.23092204,0.0227983
909,567,0.9143185,0.5794983
869,869,1.1771245,0.6736797
119,488,1.0917284,0.7380518
372,371,0.04937137,0.018672109
146,146,0.0028652025,0.00739938
914,914,0.028937567,0.24297434
111,111,0.094502434,-0.0075176954
356,356,0.015317966,0.04059255
6,6,0.4296499,0.44945368
591,591,0.051780403,0.1920594
218,219,1.408572,0.5125168
909,959,1.4617116,0.31788167
770,978,1.6212949,0.33935603
893,893,0.15051623,0.04534638
157,157,0.021885915,0.8436173
467,467,0.028791975,0.9843564
475,475,0.0014064638,0.027985454
726,726,0.0019466567,0.0018498898
736,736,0.00033771744,0.002141893
21,21,1.2810028,-0.4749695
605,482,0.79423374,0.7774837
743,743,2.0903053,0.5236204
47,47,0.0036566749,0.08794665
374,374,0.010646538,0.6719971
243,243,0.052383814,0.44346333
821,821,0.37779278,0.8808077
373,412,1.2715973,0.7012497
304,304,0.08515017,0.25162572
718,718,0.090153515,0.010787189
985,985,0.11675495,0.14636308
15,15,0.0012447219,0.002532959
567,567,0.26015177,0.87123466
156,156,0.023568181,0.7557143
779,779,0.05509947,0.069497585
529,838,1.5637369,0.25343123
761,761,0.011706454,0.0098849535
603,603,0.31103295,0.8400551
912,912,0.0025984067,0.0003877282
374,21,0.26853526,0.8167592
909,809,1.0498782,0.29321125
958,958,0.14678663,0.24330181
539,904,0.03212145,0.95617664
922,922,2.037985,0.5122792
252,252,0.40175635,0.9250526
137,137,0.0070842537,0.16226465
65,65,0.056656703,0.008116722
756,756,0.265399,0.959043
616,616,0.0034065188,0.0003066063
769,769,0.007981947,0.037308753
357,357,0.45959705,0.75545764
641,469,1.3614368,0.706846
