predictions,labels,entropys,plpds
832,832,0.015892621,0.43771988
384,384,0.04141865,0.28514522
857,854,2.5472488,0.25051716
223,223,0.07841257,0.46083975
867,867,1.0895224,0.69466144
622,622,0.55015707,0.33868432
614,614,0.007330884,0.0074168444
731,731,0.65870816,-0.36084044
671,671,0.2597232,0.3860616
194,190,1.2850388,0.13512737
616,616,0.18766522,0.9741703
133,133,0.0050797295,0.8443437
748,748,1.1587491,0.43149534
882,882,0.025731038,0.99773794
297,297,0.014388885,0.3780008
308,308,0.04217504,0.9687455
302,302,0.14101772,0.9727666
701,701,0.0013246211,0.0054213405
990,990,0.0016274119,0.00037813187
561,561,0.47063112,0.8675323
234,165,0.050212823,0.6602299
30,30,0.5860996,0.3218723
257,222,0.75413287,0.7840018
564,564,0.057901036,0.8295955
970,970,0.45761815,0.6801668
866,595,0.07770845,0.01685983
114,114,0.0010726638,0.0004813075
511,717,1.3819914,0.49407238
934,934,0.57947755,0.7923157
379,381,0.08358817,0.7865882
649,649,0.006041078,0.0018380284
972,649,0.44895947,0.89054316
129,129,0.07521334,0.07656163
880,880,0.088325635,0.97519183
439,439,0.00093117054,0.03784442
814,814,0.017515931,0.06828529
234,347,1.7569765,0.64866686
652,652,0.14615823,-0.0061716437
923,962,0.1727178,0.111649096
348,348,0.9729738,-0.32413292
690,690,0.3474051,0.4830074
235,235,0.4253014,0.22260815
570,845,2.8637657,0.24016799
643,643,0.0011916435,0.0006104708
204,204,0.1697328,0.66052794
646,646,0.002942353,0.07767218
73,77,0.66729903,0.57292485
334,334,0.3952099,0.8894488
218,218,0.41870195,-0.08877033
913,913,0.39422202,0.9307402
453,453,0.07466814,0.59802514
518,518,0.01621855,0.9986118
331,331,0.0035813022,0.043897033
989,989,0.4143386,-0.03255278
957,957,0.0032918022,1.04904175e-05
537,537,0.0068232566,0.16982353
926,926,0.020810932,0.041112006
823,823,0.46858376,0.5319438
246,246,0.005135511,0.41595274
129,129,0.0043784766,0.0044780374
896,804,0.77863896,0.009246945
194,193,1.4111865,0.6300516
766,766,0.027795723,0.3558402
209,209,0.007516989,0.02410078
