predictions,labels,entropys,plpds
21,21,0.36352035,0.8054886
283,283,0.07117584,0.9316801
368,368,0.27649412,0.94692314
128,127,0.09243462,0.16981566
900,900,0.08576464,0.43899572
738,883,1.2510879,0.7305656
726,726,0.8882092,0.79891413
281,953,1.1407263,0.4905992
741,741,0.3606851,0.7904523
367,369,0.8233197,0.21714038
567,813,1.4682608,0.7506285
403,403,0.4167826,0.041071415
420,420,0.45631316,0.9493976
530,530,0.2074742,0.5325036
571,735,2.6294165,0.45006463
392,392,0.0014032875,0.0008581877
743,877,2.0199966,0.26380542
48,48,1.8055354,0.6940485
684,684,0.35671416,0.9427407
829,829,0.37644094,0.4946521
996,826,4.450196,-0.4632057
985,985,0.11155654,-0.00011253357
138,138,1.098156,0.68058383
766,521,3.7952209,0.14174186
707,707,0.028914241,0.028011978
453,493,1.5550518,-0.24623072
437,900,2.383689,0.39703974
794,794,1.0102928,0.03148365
214,224,4.221978,0.11346573
674,674,0.12942764,0.834819
651,651,2.743205,0.22447827
344,344,0.35419762,0.037286222
673,673,1.4369338,0.6339964
283,283,1.0389681,0.85051805
449,557,3.3661404,0.19881459
867,675,0.1986596,0.32708818
548,548,0.6852468,0.105796814
421,421,0.6213274,-0.0027652383
897,897,0.40318942,0.956031
199,199,0.07932732,0.94099146
37,36,1.1948876,0.24662383
411,411,0.015224236,0.3568344
202,184,2.5781424,0.40662715
480,800,1.1551089,0.8099913
605,605,0.8757862,-0.15975738
86,86,0.23366278,0.95405555
9,9,0.024400845,0.99717504
556,556,0.317407,0.9657488
376,376,0.030454814,0.21471304
244,244,0.032056663,0.63140523
869,869,0.13768876,0.77069443
615,615,0.09861844,0.85275906
799,799,0.2456772,0.7788704
711,711,1.0808558,0.7052982
866,866,1.107567,0.36182985
856,856,0.09584088,0.8767508
860,424,2.5434308,0.41776022
874,874,0.048206553,0.8771844
340,340,0.07631268,0.17993611
433,433,0.12616256,0.8751352
872,872,4.257994,0.22115967
151,151,0.34682274,0.05770743
880,93,3.7110052,0.055931285
729,729,1.6174395,0.56087726
