predictions,labels,entropys,plpds
290,290,0.0980901,0.030669808
48,48,0.81416506,0.9028395
639,638,1.2113662,0.5360414
421,421,0.055047892,0.16177678
855,855,1.6805165,0.2403509
546,546,2.5587316,0.6202348
99,99,0.0476762,0.027776003
880,880,0.3641652,0.23753268
133,133,0.4175886,0.11230534
281,282,1.026254,-0.15048683
679,679,3.6145926,0.14247204
50,50,1.7330648,0.3797648
118,118,0.39267766,0.16322076
713,713,1.2680442,0.1716488
658,658,0.72022617,0.08351916
707,761,2.8394823,0.2578574
252,199,3.584447,0.050508082
940,941,1.546021,0.40064853
418,635,3.5599706,0.19787848
507,507,1.1286125,0.54203904
692,692,0.6595166,0.6252118
220,220,0.054035183,0.07728702
64,55,0.26501617,0.2794001
190,190,0.35645023,0.79083294
63,63,0.19920087,0.10894793
281,281,1.4011528,0.6144236
530,468,2.588994,0.3801574
386,386,0.88815665,0.6091354
986,986,0.37975472,-0.016039968
389,389,0.32474852,0.49226135
892,409,0.7365569,0.08642101
814,814,0.36766905,0.008395433
491,491,1.0844097,0.8320953
923,923,2.6807265,0.05162832
891,700,4.797948,0.07320053
38,44,2.5177584,0.33521453
570,691,1.693555,0.1378966
409,767,2.899386,0.4763708
951,951,0.6509194,0.33326
45,41,1.7916354,0.43507788
441,572,1.808888,0.7218967
872,872,1.3741672,0.827526
735,824,0.35806227,0.57966685
556,556,4.035637,0.288127
788,788,0.15816845,0.116550624
463,756,1.0515008,0.5024924
583,583,0.35901064,0.9293009
195,195,0.44545913,0.23746794
965,965,0.30414194,0.9324569
360,360,0.4111945,0.032158136
69,69,0.06255483,0.09834683
76,76,0.3445146,0.87417054
41,44,2.4287534,0.44299924
441,441,0.29928204,0.0837329
959,959,0.7762315,0.36569667
416,416,0.4505093,0.11355555
177,170,1.0039201,0.46329287
726,857,2.0920758,0.49981844
693,693,0.59134084,0.86290014
259,259,0.12635598,0.6902158
462,462,0.42071664,0.07081443
660,660,1.5400512,0.39632988
758,758,1.8879254,0.20725596
693,693,1.2115242,0.21468544
