predictions,labels,entropys,plpds
283,283,1.0799532,0.7530072
170,199,1.7428329,0.39453667
506,506,0.86791956,0.050979674
148,148,0.0091973785,-6.0141087e-05
925,925,0.3159087,0.123198986
113,113,0.0021287974,0.00048094988
530,651,0.56441325,-0.1704874
988,988,0.041515693,0.47524887
720,680,2.4755719,0.13916269
822,752,1.9423411,0.3942161
726,726,0.01579225,-0.0010442734
988,988,0.0033555138,0.0029449463
553,553,0.056323282,0.9845769
553,553,0.3726403,0.96156234
303,44,2.9747276,0.41989905
395,395,0.042778846,0.600777
343,343,0.041042488,0.6946626
737,737,0.3519003,0.7649226
367,367,0.18218759,-0.014385998
73,74,0.29732516,0.24684024
660,660,0.16681072,0.70057464
782,664,1.870073,0.31059116
118,118,1.115659,0.26803336
242,262,2.128574,0.3565151
814,814,0.17895234,0.09859359
780,780,0.12294792,-0.006719172
854,498,0.1357306,0.47390562
866,856,0.7857118,0.32364482
907,907,0.3074429,0.007387519
546,546,0.14788397,0.017407179
784,784,0.26846665,-0.01740563
191,189,1.7079002,0.29682618
165,165,0.057322405,0.9312644
263,263,0.57069325,0.52305555
176,172,2.2577178,0.21941517
277,277,0.039729573,0.017853975
613,613,0.22005811,0.965793
440,440,0.24166843,0.120174944
509,509,2.14441,0.35449
709,709,1.1763957,0.4121127
721,721,0.30383256,0.823061
500,500,0.43083003,0.19221067
194,194,0.0677118,0.93935525
333,333,0.00820706,0.006948054
622,622,1.996919,0.41825312
216,216,0.0061227586,0.0011016726
919,919,0.08973083,0.044410765
883,883,0.77472377,0.5499308
394,394,0.08123372,0.052779853
948,948,0.0020495206,0.00020599365
701,350,4.0704727,-0.18704718
66,68,0.78825307,0.32405683
884,884,0.07294186,0.2351116
336,337,1.1098638,-0.3538953
273,273,0.049297255,0.014712989
896,428,4.006455,0.3458658
187,187,0.77300715,0.1637147
366,366,0.024697386,0.04783857
492,771,1.8579817,0.37385958
40,40,0.24199738,0.046491265
403,403,0.15500103,0.22621411
817,511,0.910248,0.49067754
965,965,0.008503081,0.11187339
962,962,0.0773429,0.98899126
