predictions,labels,entropys,plpds
410,410,0.029902816,0.00084376335
314,314,0.09566173,0.04345435
739,739,0.4615906,0.9477459
802,802,0.009790685,0.008882165
882,882,0.014217625,0.0051039457
980,980,0.017194591,0.21076328
834,834,1.0354382,0.06338227
169,170,1.32479,-0.33917248
85,85,0.74220854,0.23253706
823,823,0.25847426,0.7693741
378,378,0.22092235,0.08213079
882,882,0.11123554,0.98607105
760,729,2.179573,0.2721624
307,307,0.023509836,0.00453943
806,806,0.2925703,0.58373165
140,140,0.026868414,0.0066821575
450,450,0.014159017,0.12744945
599,599,0.001552901,0.0004838705
624,624,1.1049566,-0.1976608
59,59,0.42631513,-0.024952173
301,301,0.13055772,-0.020325065
194,194,0.019199807,0.5721992
341,341,0.038769897,0.009206653
460,460,0.051944215,0.56727934
138,138,0.0024964106,0.06516248
765,765,0.14936137,0.9645808
550,760,0.24767981,0.9718835
38,38,0.06680639,0.09280276
12,12,0.0038634632,-2.7894974e-05
98,143,1.2683779,0.643618
394,394,0.01092755,0.025659561
105,105,0.16155837,0.17125279
680,443,0.45035827,-0.01088506
736,736,0.0098343305,0.0018427968
871,821,2.1644769,0.30232954
300,300,0.01394399,0.008179724
335,335,0.0013220228,0.0020381212
874,874,0.04437343,0.91721034
717,717,0.008825514,0.017637849
17,17,0.011177156,0.0047459006
943,943,0.22840177,-0.051002502
408,408,0.008639311,0.0019437671
742,742,0.52171457,0.438174
546,546,1.5738637,0.58360016
143,143,0.18412279,-0.007224679
982,982,1.6347115,0.6895459
251,251,0.027828265,0.012972891
733,733,0.12903303,0.76143473
268,377,3.391161,0.21648884
387,387,0.023698054,0.01457113
619,846,1.0364498,0.19561416
949,949,0.9034952,0.8071163
963,963,0.0078102625,-0.00021022558
483,483,0.028606314,0.011630058
342,342,0.21848737,0.0381217
187,187,0.15975995,-0.0040178895
778,778,0.008752232,0.6449269
160,160,0.25501645,0.95663065
850,850,0.14280678,0.020284057
628,628,0.029767802,0.0032178164
543,543,0.16123314,-0.016447663
938,938,0.0028052698,-7.086992e-05
525,525,0.7640173,0.651487
213,213,0.037538905,-0.0005147457
