predictions,labels,entropys,plpds
179,179,0.15265983,0.19990629
610,610,0.026757618,0.9890651
956,956,0.08286859,0.049534082
810,878,0.2947163,0.0046930313
223,223,0.12427962,0.8193423
608,608,0.006119405,0.00041520596
340,340,0.0041665826,0.00037014484
499,499,3.4362564,0.14596796
571,707,1.6241317,0.042595446
895,134,1.2735656,0.5239107
602,602,0.034959074,0.12385881
408,408,0.023205576,0.9871717
40,40,0.5636311,-0.0039944053
472,472,0.086334094,0.16506189
219,219,1.354774,0.49156418
477,771,0.22994201,0.9663842
269,269,0.10228114,0.06637889
264,264,0.028834509,0.018414795
954,954,0.069325276,0.031354666
181,181,0.016376384,0.22353327
215,215,1.9356282,0.45734394
371,371,0.027321797,0.14766306
563,563,1.3729757,0.546787
857,406,1.664751,0.6120277
224,224,0.67362696,0.14811203
100,100,0.0029731435,0.0034496188
690,690,0.12523732,0.56378794
541,522,3.0736365,0.2711641
375,375,0.048682738,0.067479014
701,701,0.001286174,0.0003492236
395,391,2.055887,0.37859434
451,451,0.017750006,0.003962457
114,114,0.017097805,0.8164694
572,572,0.08036591,0.54248244
223,273,1.3812933,0.41133618
178,178,0.033892453,0.0045127273
965,965,0.064537965,0.46828616
473,473,0.36763328,-0.019104123
469,607,1.6740937,0.50264007
775,775,1.1647766,0.1692704
167,162,1.0252476,0.29855886
537,537,0.19020829,0.89740366
697,697,0.28348994,0.51093566
286,286,0.0032492154,0.0038203597
117,117,0.028150756,0.108079135
903,617,1.5699346,0.40816414
799,799,0.66723186,0.2646804
473,473,0.4290562,0.8319906
857,857,0.9988943,0.8742915
487,590,0.910046,0.6936565
778,778,0.028711598,0.16719276
706,706,0.5862043,0.8507646
917,917,1.4656682,0.50215685
842,842,1.0318563,0.5136347
787,787,0.005714183,0.34846312
639,459,3.2852783,0.08791029
477,477,0.9387526,0.7200615
992,992,0.23620224,-0.027678728
751,751,0.0999272,0.0029329062
746,746,0.0002457865,0.0008484125
818,818,0.45029345,0.06746715
917,917,0.058620196,0.0057404637
330,330,0.01902097,0.9830816
558,683,0.049517594,0.98098946
