predictions,labels,entropys,plpds
107,107,0.0002856183,0.0002477765
386,101,0.7115143,-0.14298481
384,380,0.7079552,-0.16687661
819,819,0.23253103,0.24626905
288,288,0.7089601,0.6186157
574,876,1.7848294,0.32885358
111,111,0.37785617,-0.044794023
841,841,0.20707387,0.91682917
53,60,1.3789549,0.54321533
364,364,0.15489802,-0.017979324
574,574,7.43867e-05,1.2516975e-05
42,42,0.08711517,0.06619203
505,550,0.7018209,0.3496466
686,686,0.12723424,0.1944238
580,580,0.05621876,0.009546876
837,444,1.8306944,0.11947551
222,222,0.021193177,0.4881522
32,32,0.09847781,-0.012038052
255,255,1.3296254,0.54259264
641,818,1.5892303,0.5091947
903,552,0.84949636,0.43408486
902,558,1.3895866,-0.27479774
784,784,0.37556976,0.41828048
735,728,0.6960732,0.74636835
964,964,0.004527534,0.14250958
442,442,1.0759065,0.3091426
822,822,0.09824657,0.98492825
754,754,0.10461372,0.9868092
584,623,0.501959,-0.17138487
312,318,0.38319248,0.9138382
273,273,2.0139778,0.054334134
232,232,0.40749803,0.7031039
68,66,0.98722696,0.2921785
855,855,0.008858893,0.040784836
221,221,0.13489012,-0.02033192
596,596,0.040709555,0.32713485
279,279,0.020506576,0.061884046
957,957,0.07205917,0.19126081
573,573,0.0756218,0.051978767
859,859,0.31542826,0.94478166
482,482,0.91836846,0.10039532
69,69,0.0026883977,0.0027660728
911,911,0.21934742,0.33353376
363,363,0.0043316456,0.024178803
760,760,0.13501245,0.0044217706
639,638,0.59556997,-0.015895367
466,466,0.0006687307,0.00026857853
586,586,0.0073720324,0.020356
940,940,0.0044561042,0.8006104
696,696,0.006134972,0.0013323426
842,842,0.59636295,-0.16472006
190,190,0.14099224,0.06298387
944,944,0.0587838,-0.0063117743
692,692,0.06340115,0.098006725
646,646,0.106829554,0.5573069
86,86,0.46509072,0.2729811
328,328,1.1647961,-0.06201178
234,234,0.093214825,0.14947706
403,403,0.0037641325,0.0007529855
239,239,0.35960403,0.9118254
161,161,0.033227816,0.10125905
382,378,0.89486015,0.018776894
990,990,0.0005990967,0.013033807
370,370,0.021138212,0.08683902
