predictions,labels,entropys,plpds
454,454,1.06742,0.57422435
204,204,1.1273324,0.56646776
416,416,0.08622406,0.45818287
17,17,0.00022994282,0.00050115585
193,187,1.5788603,0.43807855
442,442,0.44673482,0.3991682
388,388,0.0014499899,-5.6266785e-05
884,884,0.006811533,0.2800666
910,843,0.79506445,0.49036387
620,526,0.6941487,-0.11792058
524,461,0.5751947,0.12280393
29,29,0.06385878,0.65500546
913,525,1.0657382,0.7720913
762,791,2.605317,0.31209385
0,0,0.01477807,0.1715315
278,277,0.24827932,-0.010773897
545,545,0.006864605,0.08445817
675,836,2.4727812,0.33163267
507,507,0.03333427,0.029724598
308,308,0.0012508313,0.024038851
630,630,0.15856597,0.13263321
547,547,0.016043397,0.279773
788,652,1.7272692,0.67343086
283,283,0.0137762,0.0122256875
0,0,0.018029716,-0.00020468235
123,123,0.08926274,0.029142797
33,33,0.052146487,0.8532651
876,876,0.22878775,0.94345015
127,127,0.2686481,0.7088051
819,819,0.38314208,0.9205533
442,663,0.12313719,0.024467766
913,913,1.3724496,0.5359847
345,345,0.24083272,0.719309
538,557,1.1821787,0.54872155
188,189,1.1947448,-0.011235267
506,506,0.19829264,0.96741754
246,246,0.010532698,0.00023341179
552,808,0.33628446,-0.07450479
32,30,0.964059,0.7600072
420,420,0.11392662,0.9554744
647,647,0.013857419,0.034734905
827,827,0.060652338,0.9831311
868,659,1.198091,0.008235693
199,199,0.11928351,0.34293824
799,648,1.5383935,0.33252797
26,25,0.8140725,0.63971984
432,432,0.12855808,0.52122563
516,516,0.6811534,0.6941444
606,606,0.25399894,0.86143154
471,560,1.8200395,0.5030206
995,995,0.001091389,0.0021865964
63,28,3.5061793,0.27024037
210,210,2.2162008,0.45615205
790,790,0.49225727,0.82696664
401,401,1.2941736,0.6998604
731,707,4.4618177,0.12838599
992,947,0.08842516,-0.011570692
277,277,0.07739757,0.069636405
844,745,1.3003429,-0.43375927
312,312,0.6983342,0.12553826
937,937,0.007596341,-7.170439e-05
17,17,0.016522259,0.0062214136
642,642,0.0021289845,0.0005232692
530,530,0.31740814,0.3786801
