predictions,labels,entropys,plpds
957,957,0.0014747386,-5.4836273e-06
195,164,0.88584304,0.48289308
252,252,0.20468482,0.8436696
781,781,0.007756032,0.07323432
46,40,0.79021573,0.42980236
892,892,0.012506101,0.021600485
313,313,0.18129662,0.31628054
10,10,0.13394646,0.97593004
441,441,0.005808956,0.08958703
771,771,0.0902912,0.25512058
707,707,1.0216364,0.7195853
149,149,0.011919103,0.93066394
726,726,0.012465047,0.03217733
485,848,1.0903924,-0.24650013
737,643,2.2627168,0.27313223
703,703,3.2432299,-0.6476591
4,4,0.0020373003,0.15995204
339,339,0.26391244,0.17288464
698,698,0.07535272,0.055605292
466,466,0.0063315253,0.5831535
923,924,1.3640347,0.35409027
775,775,0.40822434,0.9148448
246,246,0.9286765,0.12837669
795,795,0.25897643,0.77858436
215,215,0.010531092,0.10869193
654,717,0.8766159,0.6353825
40,40,0.7994387,0.050466985
401,401,0.27694908,-0.04981166
854,854,0.0014505313,0.00039553642
317,317,0.0010555107,0.19742936
739,739,0.009178175,0.0058285594
301,301,0.19705966,-0.025843501
477,477,0.40318662,0.93865025
775,775,0.057105895,0.010671079
273,273,1.5463113,0.38233802
57,57,0.0069960807,0.003493607
579,579,0.040960044,0.026387155
429,574,0.4973372,0.74789274
974,974,0.0025502297,0.0026521683
785,785,0.034798905,0.4929633
421,733,1.1878724,-0.47036588
932,932,0.10730216,0.027327478
348,348,0.7503713,0.59012496
72,72,0.8180363,-0.34466946
872,872,0.10650793,0.9745742
515,515,0.42433652,0.048276067
816,816,0.00016540033,0.00049483776
417,417,0.4545618,-0.019806266
326,326,0.18919252,0.05046153
387,387,0.0069570695,0.0008806586
705,733,2.602717,0.29155198
774,774,0.21561661,0.27856356
570,570,0.075265035,0.8177711
610,610,0.11106412,0.28293157
194,185,1.1943381,0.7202525
737,737,2.1406999,0.38582355
862,862,2.4583511,0.5807024
187,651,0.5576511,0.793507
703,703,0.0023520514,0.19155121
333,333,0.0032057273,0.002308488
322,322,0.019683555,0.0032910705
586,586,0.10698161,0.045555115
253,253,0.00650842,0.0026587844
357,357,0.95061976,-0.012559533
