predictions,labels,entropys,plpds
405,405,3.6984398,0.24967813
990,301,0.80502343,0.3428195
664,782,0.55008686,-0.025790095
611,611,0.12550627,0.8958919
820,820,0.0014394681,0.004282713
116,116,0.01425272,0.6021352
982,982,0.103080995,0.0496881
376,376,0.0130536035,0.00095009804
827,827,0.032360986,0.9952468
984,690,0.95271957,-0.109638155
322,322,0.042948443,-0.0047280192
671,671,0.057521455,0.18109995
454,454,1.9073848,-0.33614808
715,715,0.05067372,0.35879588
527,664,1.2658831,0.6305835
627,627,0.005217026,0.0021137
220,219,0.707042,0.07840541
248,257,0.7614979,0.16916919
73,73,0.062399443,0.7719792
479,479,1.046322,0.558903
424,424,0.32497948,-0.05028373
448,448,1.5300965,-0.03502977
705,705,0.33423585,0.10348302
201,341,0.083720386,0.20032698
433,433,0.017368361,0.06865871
382,371,0.4388404,0.08451921
777,542,2.9158335,0.32256997
718,718,0.22827977,-0.029046535
584,488,1.2354456,0.7670692
509,509,0.18996917,0.2050783
37,37,0.16925718,-0.0033242702
14,14,0.3087458,0.39241272
849,849,2.0478714,0.49537173
842,842,0.2746472,0.0052123666
442,892,0.37259346,0.15003783
387,387,0.017046764,0.0044826865
879,879,0.084022745,0.03518206
332,332,0.27423018,0.01097244
882,882,0.19848932,0.20997965
726,726,0.00013258656,0.0003247261
341,467,0.016658518,0.07230574
434,434,0.21846962,0.71889496
425,425,0.1159183,0.5621791
696,777,1.4583542,0.3916672
670,670,0.27376086,0.7200522
805,452,2.8925624,0.21946168
885,531,2.4558113,0.25656784
233,233,1.6753747,-0.0067526996
969,969,0.07897106,-0.005451083
426,426,0.002180955,0.005442977
62,62,0.46548685,0.85445666
835,835,0.0639406,0.29491812
195,195,0.04962428,0.0059949756
52,52,0.021003485,0.0005771518
931,931,0.0048588123,0.0037944317
380,377,0.457981,0.7637939
579,579,0.008877877,0.00047951937
922,922,0.7004666,0.64707196
533,533,0.7215233,-0.119620204
102,102,0.0042599584,0.00068354607
242,182,1.6624678,0.4727759
218,218,0.08877905,-0.008302808
368,368,0.0046220636,0.00012123585
411,689,0.007891137,-0.0003132224
