predictions,labels,entropys,plpds
51,51,0.19858146,0.96281135
143,137,1.8784779,0.1715788
766,766,0.00013422384,7.855892e-05
33,33,0.030113826,0.06558353
874,874,0.13026418,0.4764049
603,603,0.04138124,0.9816603
846,846,0.055554595,0.8438209
693,693,0.23637825,0.35661352
682,682,0.021563753,0.49440467
480,480,0.15473366,0.08384788
604,604,0.002394963,0.47204936
410,410,0.013405075,0.045642793
450,454,2.2184918,0.4659634
625,625,0.009721898,0.0025064945
937,937,0.0053830002,-0.00026279688
312,904,0.21748842,0.9430841
954,954,0.21315226,0.097156525
530,530,0.0008128103,0.0004544258
920,771,1.7781504,-0.51681036
974,974,0.48570085,0.69761056
897,897,0.06863853,0.71253663
318,310,0.8014296,0.7898862
146,146,0.00059976726,0.00012886524
3,6,1.0890534,0.23633286
631,631,0.059377916,0.14305782
607,607,0.0004859663,0.00035774708
53,58,0.8654022,0.49769285
542,642,0.17750521,0.24048501
953,953,0.32025343,0.0061715245
970,730,1.6097183,0.51045954
848,482,0.7677935,0.69151706
116,116,0.00052161067,0.56234086
596,749,0.8143368,0.6659295
299,299,0.06797735,0.9786182
340,340,0.38408712,-0.05940813
767,710,1.0542779,0.24370065
13,13,0.0015162976,0.0004451871
822,822,0.0047833277,0.020252764
514,514,0.19771251,-0.016243875
643,570,0.8636921,0.640829
302,302,1.1002508,0.64432806
715,715,0.026937205,0.93511945
528,528,0.033595026,0.44784003
17,17,0.5663337,0.7050978
770,770,0.00026229158,0.0020158887
468,468,0.0041570687,0.0042355657
785,785,0.009171416,0.0051310062
340,340,0.00033023575,0.00057947636
371,371,0.012770854,0.0006593466
711,711,0.010001587,0.53466654
113,114,0.1069402,-0.011084199
38,44,2.1192331,0.3450734
397,392,0.16149569,0.97904956
4,4,0.0196252,0.24824381
602,602,0.7929286,0.04633963
980,980,0.0048114643,0.5985284
652,652,0.73099124,-0.31846195
933,933,0.0049261344,0.10569531
894,851,1.7863111,0.17706719
200,200,1.0601189,-0.15253264
322,322,0.0034472686,0.00013846159
633,633,0.057573702,0.0010070801
333,333,0.028237497,0.0013216138
751,751,0.62652403,0.77464324
