predictions,labels,entropys,plpds
921,921,0.06154093,0.20719558
22,22,0.017773509,0.00018042326
684,617,3.320991,0.25307888
527,782,0.7665903,0.6850776
331,331,0.3978247,-0.10428256
59,59,0.44296467,-0.03392905
975,975,0.14463483,0.5212152
594,594,0.0070333527,0.0006535053
701,701,0.004299264,0.0016191602
741,741,0.0015366741,0.003175795
329,329,0.010221399,0.16909456
422,543,0.30707815,0.78800905
538,787,0.028208517,0.91810524
151,151,0.30234778,-0.019992173
509,509,0.29643223,0.050285816
220,220,0.0056723673,0.02816695
478,823,1.0380182,-0.31418788
945,945,0.0019512723,0.0016652346
112,112,0.009253373,-0.0009546876
835,835,0.0034379798,0.16418588
713,713,0.24426374,0.042197883
516,516,0.81047094,0.40556705
958,958,0.857825,0.37897426
353,353,0.59941685,0.5122211
838,838,0.13080966,0.15731615
525,881,0.7198097,0.47804046
849,849,0.80123264,0.5518023
857,857,0.27544147,0.9535735
696,696,0.16669595,0.97461265
506,506,0.11342694,0.042171717
727,727,0.0060382,0.9644762
109,109,0.5949013,0.15996742
980,980,0.042458348,0.863859
235,235,1.5840867,0.50218266
59,55,0.30507818,0.1757667
611,611,0.017456738,0.024862766
504,968,1.8414644,0.56035155
619,846,0.40607408,0.8709088
892,892,0.03304122,0.08201873
827,827,0.18940301,0.5676094
294,294,0.027202073,0.08513814
355,355,0.005130431,0.00495559
964,964,2.4122682,0.31289968
140,140,0.0030871981,0.0014898181
730,730,0.0065756487,0.028634608
725,901,2.274111,0.2963463
516,520,1.2661641,0.45922998
622,966,2.0501418,0.56511563
76,76,0.028631655,-0.0028164983
758,600,0.6363886,0.8304311
517,517,0.09192905,0.008494258
456,456,0.07148882,0.98599046
891,935,4.191537,0.12014902
66,66,0.2082228,0.3261751
10,17,0.38754034,0.9112663
854,854,0.0057088346,0.6266792
709,398,1.1964841,0.59286356
86,86,0.54456383,0.76196927
790,790,0.04345811,0.8701662
400,400,0.5343747,0.66466415
696,696,0.00088102825,1.9550323e-05
955,955,0.007283509,0.004604101
368,368,0.3765864,0.030942857
845,845,0.09553979,0.15346152
