predictions,labels,entropys,plpds
703,655,3.6957211,0.28460643
31,32,0.53800166,-0.09878951
921,921,0.24345085,0.9434279
466,466,0.00023054535,0.00064080954
531,530,0.0129207475,0.016947329
714,714,0.014489981,0.046114683
893,893,0.092806846,0.70265806
167,167,1.3086365,0.36920962
996,996,0.04286333,0.2329449
874,874,0.061128214,0.9915434
688,688,0.0024920264,0.0017513037
545,545,0.0035391815,0.36959893
273,273,0.07533018,0.053114712
312,312,0.60476714,0.35117745
660,660,0.022680452,0.038535357
60,52,1.2946165,0.42285952
159,159,0.11290203,-0.00680542
760,760,0.002603727,0.005290687
389,389,0.015140354,0.35778332
286,286,0.0018241962,0.0020976067
959,959,0.000269711,0.00030517578
423,423,0.02954564,0.98435855
543,543,0.19596092,0.1190055
250,233,0.6977799,-0.0082319975
14,14,0.025368705,0.1310646
907,907,0.7979069,0.5976948
727,727,0.0024136007,0.06707132
762,762,1.1532152,0.6450285
739,739,0.00032252527,0.00080627203
80,80,0.0028002984,0.0008453727
80,80,0.0016280661,0.057118893
750,750,0.23466173,-0.034911335
769,769,0.10195829,0.46556246
690,690,0.6842461,0.4090853
384,383,0.6218289,0.4705124
807,807,0.023299072,0.01824361
457,457,0.27387333,0.95217514
35,37,0.64638376,0.3872032
946,108,0.94622517,0.12444025
777,777,0.0045013595,0.034582555
632,662,1.651066,0.501787
631,585,0.702003,-0.059807956
871,871,0.15816756,0.25995225
639,639,0.3681898,0.07689583
506,506,0.2110771,0.11786544
562,557,0.4346284,0.37452126
188,188,0.04756718,0.17295843
270,270,0.44239387,0.009575129
286,286,0.0011516281,0.00048154593
868,504,1.1588233,0.46008483
78,78,0.19104467,0.96280104
117,117,0.35845947,0.47096103
357,357,0.017901476,0.092434466
716,716,0.32209805,-0.04468447
500,500,0.002614757,0.001811266
564,564,0.004754582,0.9768846
474,474,0.83236694,0.6445526
76,76,0.20252655,0.06385583
478,478,2.4410877,0.3813637
307,77,1.661495,-0.48781642
703,703,1.090225,0.65932286
137,137,0.0016247712,0.0041181445
91,91,0.06291384,0.11348814
157,151,1.8892405,0.29744953
