predictions,labels,entropys,plpds
983,983,0.0029956547,0.00093990564
435,876,0.93081176,-0.04177445
726,726,0.00031439128,0.062154412
17,18,0.75980425,-0.4730628
120,120,0.00092071644,0.008930385
535,535,0.00095696736,0.0011436939
578,578,0.7785045,0.6323349
522,522,0.0009269752,0.00010371208
406,406,0.024461335,0.967215
386,386,0.095106065,-0.013991654
568,568,0.0024575877,0.0033789873
636,636,0.036577232,0.75666314
198,198,0.39220235,0.20698923
192,187,0.94858277,0.7415495
413,413,0.22591783,0.44564867
655,697,2.7529998,0.23535007
639,639,0.69792175,-0.17882526
930,961,0.0038016697,-0.00010508299
719,719,0.009507526,0.22271448
121,121,0.03542786,0.13569069
798,798,0.0023893425,0.0013024807
679,488,1.2246674,0.61025506
893,446,1.9025043,0.3071188
47,47,0.0074632755,0.06510818
814,814,0.0057529644,0.739593
756,756,0.53570604,0.31311315
496,496,0.2220886,0.62347126
117,117,0.0004039376,0.0002707839
144,144,0.006801892,0.00016742945
879,879,1.5866346,0.7533305
831,831,0.16750132,0.9265708
540,540,0.0038526787,0.4715789
433,433,0.0069783544,0.009211361
7,7,0.11465119,0.05968404
725,725,0.91155577,0.6047269
756,756,0.06302396,0.0017380118
101,101,0.8663089,0.37519646
493,493,0.4638321,0.758999
108,991,0.14741516,0.46214676
946,738,2.0781016,0.66072774
656,799,0.17177832,0.97365296
55,40,0.96594656,0.15663803
450,450,0.003937632,9.87649e-05
110,110,0.001706631,0.0012344718
357,357,0.431067,0.8781629
562,562,0.012781873,0.14349675
701,701,0.08709871,0.0317204
200,200,1.055029,0.16541499
376,376,0.019723373,0.6627835
406,677,2.7766037,-0.017329544
330,331,1.2332401,0.50187004
738,313,0.98121476,-0.26259184
475,836,1.1861222,0.47609478
359,359,0.28631765,0.029838085
277,278,0.12840997,-0.008857846
238,240,1.0474088,0.4767097
729,729,0.0030867434,0.0068662763
902,531,1.7626615,0.548977
708,708,0.21125636,0.5950906
201,201,0.16752027,0.010211289
847,408,0.41486737,0.665949
851,918,0.9392621,0.50026023
746,746,0.043762818,0.011998892
129,129,0.0035692125,0.005642414
