predictions,labels,entropys,plpds
68,68,0.7120633,0.22899902
737,737,0.16297343,0.009731472
524,710,4.5698795,0.20320205
156,156,0.17088512,0.012891293
916,916,0.58419293,0.14409345
191,175,1.6300433,0.1347523
890,890,0.12690888,0.023771346
851,782,0.02348584,0.14197373
887,887,1.9113332,0.06874448
388,388,0.027638258,0.0050581098
805,805,0.05500233,0.9390626
532,532,0.02998628,0.6290777
415,415,2.2457566,0.41429532
858,380,1.9155953,-0.5489409
168,168,0.38037103,0.3728692
611,741,4.8846555,0.011798672
370,370,0.15475318,0.9007732
886,886,0.028273929,0.0888899
996,57,2.6351745,-0.4949929
551,631,1.7471862,0.5435009
822,822,0.006813227,0.04521817
960,960,0.45292285,0.012683868
28,28,0.0729644,0.02187556
950,951,0.844807,-0.31365108
466,466,0.0032906525,0.053569615
998,987,0.7120419,-0.15288919
142,142,0.10588571,-0.010382116
497,497,1.6930391,0.18975827
900,900,0.08346142,0.95542413
104,104,0.73098767,0.82462096
791,717,3.696949,0.13525757
857,885,1.267653,0.6390881
125,61,5.1615624,0.05615343
135,135,0.0038529455,0.0008316636
408,586,0.6355717,0.8239506
335,335,0.22275418,0.094316006
53,63,1.5198722,0.36713162
941,941,0.019847754,0.011211753
743,698,1.5278392,0.42819688
933,933,2.2531304,0.40878302
303,303,0.12680267,0.027268112
965,965,0.16152325,-0.008815408
398,398,0.023211945,0.0049737096
239,239,0.027511239,0.13692307
568,568,0.2759158,0.85238975
990,990,0.010645857,0.0021195412
10,10,0.00074311486,0.033614516
921,458,2.0260303,0.45783707
661,661,0.5620177,0.8615703
462,462,0.30767217,-0.030188322
516,876,2.3766246,0.32944292
65,65,0.05902843,0.023548901
520,520,0.18557093,-0.019646227
945,945,0.05254768,0.011296809
56,56,1.2701058,0.69230497
26,47,1.0529326,0.56640536
406,687,0.369954,0.9223387
221,221,0.17922433,-0.019958973
233,226,0.48470205,0.73521024
122,122,0.08234303,0.0043259263
992,947,0.6044967,-0.1204859
882,882,0.18108411,0.94898474
994,994,0.008711046,0.2952518
744,657,0.7168949,0.3601033
