predictions,labels,entropys,plpds
931,931,0.032116883,0.93170536
533,533,0.0067698406,0.89937216
59,55,0.19010933,0.21321088
339,339,0.016151987,0.4435621
936,936,0.00031823438,0.0004557371
911,758,1.1997104,0.8129389
15,15,0.0033677476,0.00019276142
889,486,0.03668333,0.20013827
355,355,0.0035760403,0.9984692
534,534,2.8897877,0.25801423
770,770,0.2337155,0.11072528
750,750,0.045602612,0.008109152
177,177,0.2780882,0.9151408
113,113,0.14402609,-0.021459699
326,326,0.0013199961,0.00010544062
730,595,0.77154374,0.35054845
872,872,0.32246375,0.006135106
875,875,0.01209553,0.16871792
197,197,0.27790928,0.279738
632,632,0.9749949,-0.31424952
536,536,0.10495381,-0.006365776
870,870,0.5614375,0.56619906
290,290,0.0058018724,0.0006276965
594,594,0.0011933758,0.05241382
306,306,0.008826942,0.004136026
100,99,0.41632172,0.83599347
556,556,0.2623297,0.94539964
848,848,1.007911,0.7305778
959,959,0.1295323,0.8389123
901,901,0.003134776,0.008661389
652,652,0.029904978,0.031995952
364,364,0.58641523,0.92094654
733,758,0.9009067,0.11148897
546,546,0.22259778,0.9293972
510,510,0.18940544,0.20860553
130,130,0.0005463023,1.6093254e-05
442,743,2.0659685,0.32730523
120,120,0.035537727,0.11485326
552,552,0.49973062,0.8243115
248,248,0.6209934,0.16245258
860,860,0.67367375,-0.12498629
994,994,0.0416263,0.008631051
815,815,0.09012673,0.012912452
733,733,0.0037719845,0.0038798451
142,142,0.018112388,-0.0016536117
900,900,0.090763316,0.30392712
554,554,0.024507266,-0.0018408895
292,292,0.15799545,0.05148554
471,847,0.15671651,0.3666911
20,20,0.024020053,0.07443726
786,786,0.0037091672,0.24554336
310,310,0.014306558,-0.00035071373
563,563,0.0010724093,0.0019358993
925,925,0.9048582,0.43032107
626,626,0.0023555923,0.0028503537
62,62,0.2828055,0.10839242
636,636,1.0729827,0.6544666
357,357,0.0683599,0.95437557
188,188,0.19610476,0.04761064
340,340,0.0003334242,0.00022655725
259,259,0.04742883,0.77667224
425,425,0.12757462,0.3528785
73,73,0.03119316,0.014923394
724,724,0.6703001,-0.1780895
