predictions,labels,entropys,plpds
698,698,0.65873563,0.8315958
518,518,0.06359637,0.9903759
992,992,0.6388438,-0.21747285
21,21,0.069075614,0.43890995
974,974,0.27002078,0.87084985
330,330,0.17764314,0.52283454
457,593,2.294384,0.36105946
216,216,0.13009307,0.97746634
16,16,0.035180796,0.9949661
867,867,0.2855528,0.9254026
183,183,0.16207111,0.004104197
753,753,0.06340828,0.6872288
383,383,0.32377714,0.03790146
35,36,0.86919045,0.6260467
98,137,0.72280955,0.8099241
394,394,2.554698,0.55065286
732,732,0.11822238,0.07826227
100,100,0.004620529,0.00067710876
182,231,3.4939892,0.17209595
701,701,0.0071328245,0.0037258267
832,832,1.9160595,0.51879317
700,893,2.7097507,0.23373353
546,402,0.09717642,0.022726655
950,879,2.2189758,0.49670717
483,483,0.24084917,-0.027116418
58,58,1.0957267,0.06311184
913,913,0.10055226,0.97362465
147,147,0.3421447,0.90660596
443,443,0.3868335,0.9055177
372,372,1.4290313,0.5636964
677,816,0.3051072,0.6204082
700,700,0.034604102,0.99296427
252,252,0.13086191,0.8991253
246,246,0.80498904,0.7227519
725,505,2.554792,0.22159767
426,426,0.07509111,0.9929582
70,70,2.7557182,0.26025146
738,756,1.620767,-0.09825355
41,38,1.3872163,0.7313951
613,704,4.981452,0.055703737
738,583,0.250663,0.035034835
58,103,3.997543,0.21371607
285,285,1.6923594,0.24413225
724,780,0.7175801,0.6122848
476,476,0.3355685,0.0061472654
636,636,0.05402759,0.986359
462,462,0.089864805,0.40016562
999,999,1.0900471,0.5930084
979,979,0.028701678,0.47891563
595,595,0.65117276,0.070153356
733,416,1.5976639,0.32677877
203,203,2.6354256,0.3440554
682,682,1.564461,0.72126234
464,464,2.2573566,0.58535993
980,980,1.2160298,0.529751
192,185,2.2090397,0.062377095
270,270,0.80574304,0.8032915
685,685,0.007918859,0.0008177757
452,828,1.4543178,0.68469846
389,389,0.038325313,0.007098675
453,495,0.9572764,0.19699797
576,576,0.0011273407,0.010956228
671,671,1.121809,-0.1780932
854,854,1.826095,0.6145734
