predictions,labels,entropys,plpds
117,117,0.89369285,0.6480227
413,465,0.88517714,0.5809604
850,850,0.0130619835,0.21155304
646,640,1.0024791,0.7017744
207,207,0.18272248,0.9516455
314,314,0.80632746,0.86665314
408,408,0.00915821,0.067858875
233,252,0.8939811,0.41895366
601,601,0.99969304,0.4695129
163,163,1.7601738,0.32455653
690,345,0.35403582,0.93864906
917,851,2.8085353,0.28616202
28,28,0.08350135,0.00079482794
396,396,0.029241394,0.13556778
24,24,0.004757729,0.3781327
364,909,2.3323197,0.5023927
254,254,0.08609551,0.048332036
574,574,0.10234905,0.9870944
728,154,1.8083329,0.7339288
458,458,0.52490246,0.10889435
865,850,2.0351825,-0.4504098
531,826,0.22673516,0.92555296
926,926,1.3120811,0.28491545
303,309,0.75807273,0.30511075
19,19,0.015681984,0.0026839972
555,555,0.43919232,0.017811775
61,61,0.42332038,0.71728086
256,197,0.30187327,0.9409056
285,285,1.8649302,0.4688594
561,561,0.025661223,0.01769805
688,688,0.041973095,0.0069096684
219,219,0.17843486,0.87850416
204,153,0.54571563,0.7715942
911,464,2.7612877,0.25389174
172,172,1.5766429,0.5007945
664,664,1.112915,-0.0035335422
937,937,0.026977748,0.00011640787
920,867,1.677454,-0.31149295
683,683,0.80332637,0.47034222
270,270,0.17843255,0.016920924
841,678,2.6025374,-0.25266257
760,760,0.17604077,0.968388
718,821,2.4178824,0.33123046
431,516,0.6584269,0.37260196
141,141,0.021950062,0.007838607
226,226,0.2642554,0.5173105
477,596,0.8865408,0.0013287663
158,171,0.6942044,0.82784325
894,897,2.232977,0.4730944
777,777,0.5113323,0.8880871
862,862,0.5685165,0.54970497
283,332,1.3560939,0.6411476
456,456,0.38659167,0.8230018
675,675,0.09344701,0.79633415
41,41,1.1453893,-0.04543388
582,582,0.11358749,0.14238757
496,680,3.085904,0.3479553
239,239,0.042200267,0.04931414
206,183,2.1558475,0.3304154
104,104,1.1058946,0.7902899
273,273,0.075133264,0.030720294
511,511,1.0229566,0.58350956
694,694,0.004414425,0.002044797
559,559,0.0855385,0.99101895
