predictions,labels,entropys,plpds
335,335,0.16487695,0.22414744
364,364,0.16488063,0.03183949
187,201,0.8156334,0.654579
690,346,0.726104,0.78307664
996,996,0.547548,-0.13319927
808,808,0.006006811,0.0016095042
434,434,0.1102653,0.9877522
979,979,0.048122425,0.84957427
393,393,0.038070537,0.009772241
816,816,0.18730794,0.9746859
579,526,0.72629577,0.89105016
138,138,0.002726072,0.9995554
644,644,1.1551932,0.13303769
641,929,1.1227374,0.37303764
280,749,3.1525316,0.26175594
708,708,0.019783866,0.056248426
152,152,0.44879586,0.86513335
476,476,0.04695656,0.9811452
893,851,0.05928795,0.85822237
710,710,0.108622685,0.39114064
163,168,1.0118291,0.59462744
367,367,0.06994469,0.3127126
812,833,1.0944818,0.8622685
377,377,0.2783911,-0.013372719
433,433,0.85404235,0.29617125
384,298,0.8392786,0.51155984
850,850,0.03582959,0.024150789
632,632,0.15315683,0.9767888
590,487,0.9878237,0.6892168
198,198,0.12015605,0.0024568439
613,613,0.32058036,0.8196063
739,742,1.7959073,0.6993168
288,288,0.27781022,0.45170638
904,904,1.8415946,-0.2697418
551,551,0.10830563,0.06199217
151,151,0.81593436,0.3254011
360,360,0.1423504,0.9200797
28,26,0.08695209,-0.004628122
186,186,1.2079475,0.46510446
195,195,0.4584749,0.09410292
722,574,3.1135297,0.35034752
745,818,2.0973856,-0.40762937
49,49,0.042124767,0.56544745
127,127,0.8988672,0.85699373
982,982,1.0215681,0.67218065
252,252,0.24086665,0.96204007
188,189,1.433382,0.4905439
375,375,0.2037943,-0.022316515
73,77,0.11702812,0.93050694
816,816,2.1466165,-0.40101
405,405,1.7019575,0.7505662
728,481,1.4810977,-0.28200644
412,631,2.1523533,0.5144344
332,332,0.045351062,0.5171232
903,903,0.11476748,0.9538748
995,995,0.011649028,0.116687894
993,993,0.3239532,0.9613276
590,590,0.05382978,0.98169065
560,917,4.6386623,0.14903979
385,385,0.25985956,0.1909725
587,587,0.25397193,0.96028626
883,711,1.1882277,0.7192181
374,370,2.07766,0.30806893
692,969,0.05843906,0.74765664
