predictions,labels,entropys,plpds
632,632,2.4765334,0.36547583
949,949,0.045929607,0.06846917
73,815,0.6086582,0.66831756
38,38,0.0072035166,0.5660422
807,807,0.002378631,0.00037783384
195,195,0.08047766,0.03086865
824,735,2.0653105,0.3257413
531,531,0.24649793,0.94795907
360,360,0.01893803,0.0020400286
803,554,1.6368344,0.48406458
881,881,0.05572181,0.9578986
94,94,0.49261653,-0.04289198
96,96,0.16650334,0.88149667
106,106,0.38654047,0.75919765
596,596,0.014084084,0.55835867
178,178,0.022390753,0.926762
86,86,1.6365044,0.36194667
783,845,1.6208415,0.39949778
561,561,0.24231723,0.971023
496,496,0.01876147,0.009958684
949,949,0.005701927,0.00034546852
190,190,1.9459505,0.47415024
898,898,0.87044,0.82744694
18,18,0.071945846,0.95176804
28,28,0.02626593,0.001329422
753,753,0.7985679,0.8339966
464,447,0.6370725,0.8058899
665,665,0.26529375,0.9511333
533,533,1.5366979,0.6999734
177,177,0.026954524,0.93459404
419,419,0.02250193,0.0031722188
149,149,0.011824484,0.7956
239,238,0.9003307,0.63270396
709,584,2.9633722,0.31554174
151,151,0.8174422,0.83671105
637,637,0.0112969205,0.004237473
783,783,0.012162857,0.019911885
191,219,1.2581928,-0.358392
39,39,0.3820791,0.08462691
983,983,0.0030519352,0.024364531
393,393,0.0075268657,0.00200665
649,649,0.0048373807,0.00069880486
732,732,0.059540324,0.9891475
802,802,0.02038127,0.5454837
834,834,0.6464193,0.37621152
245,245,0.018114014,0.010368407
68,67,2.2424057,0.5065403
885,824,0.6644644,0.8123352
560,560,0.13069224,0.011797309
92,92,0.003829812,0.020134926
15,15,0.0012678842,0.25827944
464,464,0.059166014,0.22208655
524,461,0.98393404,0.46392727
885,434,0.66022706,-0.028358042
805,805,0.006141494,0.08383018
610,504,0.81508994,0.87239844
352,352,0.41196296,-0.09934664
94,16,1.4259342,0.7112816
905,905,0.22694895,0.80262196
610,610,0.030584168,0.9921182
510,510,1.6051761,0.6413275
578,578,2.7532966,0.19698474
360,360,0.20670767,0.06598663
513,513,0.8860446,0.66434467
