predictions,labels,entropys,plpds
264,264,0.11173275,0.037034452
690,345,0.25526804,0.94070673
862,667,1.6582243,0.45154405
510,540,3.1821632,0.28302863
105,105,0.009870913,0.13622361
931,930,3.6644535,0.3077619
362,222,4.1707287,0.17967753
664,664,2.2105622,0.17940798
355,355,0.0045335973,0.0010317564
447,447,0.12505747,0.15795547
502,502,0.013978418,-0.0016984344
877,877,0.07723273,0.99197775
898,898,0.025804402,-0.0027014017
293,293,0.003068237,0.028655231
580,406,3.0053484,0.3443543
832,832,0.021631014,0.79410326
677,677,3.8201196,0.2835725
637,637,0.0013657444,0.942005
706,428,1.0549285,0.7774925
372,372,0.008436786,0.34389836
263,263,0.30230415,0.9538325
36,35,2.2806134,0.4919459
732,732,0.11371291,0.98127
568,568,0.06830264,0.02698946
684,684,0.014837987,0.0176664
821,672,0.85041463,0.5476847
469,725,0.24980478,0.66257167
806,929,0.768345,-0.12984282
936,936,0.00037642574,0.00024467707
560,560,0.00012995693,0.0006636381
812,812,0.5391411,0.9066242
633,712,1.792783,0.48064256
763,763,0.0024169225,0.011190176
178,172,0.3956626,0.89093333
701,701,0.23161958,0.0028659701
485,482,0.749904,0.6622165
625,625,0.03434347,0.13761455
125,125,0.15472366,0.9509667
747,747,0.19640574,0.9344895
348,355,0.69332385,0.42013764
182,182,0.045313418,0.013807178
6,904,2.5823302,0.5244788
819,601,2.3091767,0.4252041
333,333,0.012974894,0.0075417757
807,807,0.036227465,0.99642676
55,55,1.6560059,0.37479004
496,431,1.0974963,-0.4242928
293,293,0.09926146,0.012762547
760,651,0.070284545,0.9932611
380,380,0.20389426,0.9220564
880,880,0.025650848,0.04134786
644,644,0.11607011,-0.009131014
396,396,0.0076151476,-0.0004387498
430,430,0.0022356147,0.0035997033
55,55,0.60940456,0.42847118
978,363,0.74082047,0.74960077
296,296,0.008692855,-9.083748e-05
934,934,1.4755502,0.20823842
971,971,0.0064946497,0.6047079
224,224,0.30612522,0.31529397
231,231,0.66479135,0.32950345
342,342,0.2787573,0.44739538
642,642,0.016136171,0.10025203
166,166,0.98926383,0.7072446
