predictions,labels,entropys,plpds
646,646,0.79204,0.22870994
441,441,0.4051069,0.8186113
548,548,0.62947595,0.77814287
288,288,0.42468747,0.019443572
939,939,0.04732032,0.13833159
239,239,0.77867407,0.7751305
123,123,0.5523429,-0.062817395
839,839,0.0005730582,0.004975319
689,689,0.90696406,0.67772317
44,44,0.52155274,0.8694269
254,254,0.1398462,0.08645862
827,827,0.0038220931,0.8705772
705,705,0.9466187,0.8294379
968,968,2.0377016,0.640846
829,829,0.009088941,0.09395194
221,221,0.20611562,0.024417043
621,621,0.0065862904,0.002436757
865,865,2.6498694,-0.33609146
390,30,1.3812035,0.6551104
5,5,0.85000575,0.86483246
740,740,0.03890181,-0.0049256086
912,59,2.2844472,0.3863778
896,896,0.071802706,0.38442618
672,814,0.24663681,0.96629095
35,37,0.8985348,0.5830997
968,509,3.5255609,-0.03534296
685,685,0.0014311662,0.0004056692
399,818,1.788445,0.52437335
409,409,0.44747925,-0.039750338
254,254,0.035244443,0.98963034
535,535,0.11900685,0.080494285
495,495,0.29453176,0.12776226
599,599,0.23948082,0.094512105
770,770,0.0006372062,0.04437834
434,188,1.5507796,0.7163331
445,445,0.16100556,-0.029034019
613,721,0.6283344,0.26467186
411,411,1.287976,0.46988684
397,392,0.06415729,0.818025
362,362,0.013972904,0.99732214
557,557,0.05655793,0.012527168
382,319,3.7427444,0.172706
511,511,0.03618241,0.76860875
777,777,0.0027163979,0.104963064
6,6,0.19535498,0.971451
103,103,1.185463,0.48592645
95,95,0.0011473753,7.1167946e-05
914,914,0.056229196,0.38215733
824,824,0.93242335,0.6949325
242,180,0.7243113,0.37338397
218,218,0.18290645,-0.011685133
229,229,0.023517914,0.005980313
621,621,0.9782946,-0.042811453
260,260,0.038825925,0.5597249
437,437,0.020153902,0.37239325
298,298,0.3746729,-0.0076844096
562,562,0.0023676194,7.349253e-05
126,126,0.00083008374,0.99921423
204,204,0.243381,0.94288486
850,940,2.6741686,0.5820929
734,734,0.022278333,0.98692054
816,816,0.25682777,0.94815797
362,362,0.0009961321,0.0016037822
428,791,1.2759414,0.71744365
