predictions,labels,entropys,plpds
383,383,0.20511276,0.34617925
79,79,0.7461371,0.8321404
289,289,0.3206516,-0.070317864
432,432,0.01304114,0.99773407
631,585,0.5789189,0.66299284
337,337,0.052228943,0.77907825
41,41,0.0025773053,-0.000117599964
3,2,0.11108013,0.16655505
83,83,0.0004597276,7.772446e-05
640,640,0.0059009297,0.0018023252
227,227,0.044716224,0.21091282
284,284,0.0003079302,0.0010635853
540,540,0.011665251,0.0015510321
95,95,0.0008458351,0.0031828284
636,636,1.4099354,0.69671047
833,833,0.0031281481,0.9979515
563,563,0.06865474,-0.0050108433
361,361,0.00321695,0.01096189
506,506,0.48898238,-0.106129706
488,653,0.048265044,0.040269256
886,754,1.4903297,0.57903475
328,328,0.035057053,-0.0021072626
428,428,0.4600317,0.93503964
65,64,1.9041582,0.5893348
708,844,4.3496795,0.09376205
443,434,1.5323994,0.6771459
266,266,1.9038057,0.32794866
299,299,0.008522261,0.4563384
268,168,0.1713221,0.9658191
213,213,0.025521575,0.614126
916,922,0.012121439,0.023925364
302,302,0.07456194,0.2915694
510,510,0.008629315,0.99930614
541,542,0.88622516,0.15745968
785,193,0.8097142,0.74113446
501,501,0.029158149,0.99633056
643,524,1.6119852,0.36033744
343,343,0.010150865,0.99660134
870,870,0.1171252,0.97944444
445,639,0.46077007,0.14828193
543,543,0.49707156,0.67660177
217,217,0.12387823,0.84553754
475,554,3.0197492,0.44014016
697,697,0.20394675,0.5490862
814,814,0.040651724,0.28630215
259,259,0.39383316,0.93544155
335,377,0.61133766,0.8572718
571,860,1.1705546,-0.27011764
574,574,0.00016865476,1.4424324e-05
993,993,0.0067943875,0.46428972
464,662,3.0445275,0.18094864
107,107,0.00017958277,0.18662798
304,304,0.097567104,0.3076461
759,745,0.15452692,0.97491807
137,98,0.40465236,0.831918
962,935,1.2665192,0.5371606
294,294,0.6745759,0.85471714
439,439,0.002965867,0.008038819
604,604,0.00065718446,0.9980393
744,744,0.77781844,0.5516156
43,43,0.026150953,0.331518
654,654,0.0777799,0.75748503
720,585,2.8855748,0.39653274
938,938,0.0005971249,0.0001437068
