predictions,labels,entropys,plpds
565,565,0.045718167,0.26060134
703,703,0.038137473,0.021684885
192,186,0.18070233,0.96759886
170,246,1.9203017,0.5137762
562,416,2.6931267,0.2915497
916,916,0.3783828,0.90154374
280,280,0.103694834,0.4145549
34,34,0.45396525,0.29663414
193,193,1.0763937,0.2921069
456,456,0.66732717,0.7295438
548,548,0.74880326,0.4104189
118,118,0.73460925,-0.04072261
200,265,0.9599976,0.8050978
996,996,0.09479332,0.021358848
829,803,1.4174417,0.38751847
405,702,3.5877414,0.29788145
518,111,4.742949,0.07245352
466,466,0.033478454,0.26363796
747,747,0.094314516,0.9331287
366,366,0.018118234,0.0018979311
167,167,0.8920473,0.69153523
936,956,0.8139129,0.7588092
468,407,1.0492659,0.81514674
968,967,1.8904729,0.4116969
254,243,0.363457,0.017177463
773,804,1.273522,0.6595993
448,448,0.021540249,0.01947248
136,136,0.01129329,0.013949275
766,508,0.9881701,0.83838624
529,838,0.17479424,0.969268
437,873,2.4310663,0.4290344
263,173,1.2666227,0.5374242
904,904,0.72861016,0.5949795
496,496,0.9340055,0.68239135
4,146,1.1921597,0.6434013
264,263,0.62495553,0.754632
71,71,0.10574661,0.45175987
382,382,0.3506276,0.42649186
429,429,0.064007714,0.77036273
714,714,0.10009772,0.09080988
497,538,0.47429347,0.8255554
415,498,1.7239255,0.5090788
834,982,1.1810298,0.84717673
583,583,0.15628928,0.48965743
473,473,0.23589392,0.95726186
430,722,4.9145465,0.11557544
475,581,1.1248131,0.3977281
487,590,1.1788228,0.65033233
150,150,0.22089122,0.5232569
70,70,0.041628443,0.11692315
82,82,0.2538668,0.60440695
770,770,0.015309177,0.00424999
393,393,0.041623,0.01978147
985,985,0.4150684,0.7566877
356,66,2.1278343,0.40905872
597,465,1.3521233,0.47092018
820,820,1.0830563,0.47410685
393,393,0.70676124,-0.02253282
822,822,0.027325537,0.07401371
219,219,0.6639215,0.79944944
707,707,1.1430848,0.7812834
562,649,2.076251,0.4515172
148,534,2.7055569,0.49017665
562,852,4.225104,0.15257497
