predictions,labels,entropys,plpds
456,981,4.7904825,0.10953336
363,363,0.561394,0.010250866
653,756,1.4994253,0.52526504
562,468,1.0190578,-0.07838416
289,289,0.25801578,0.57945234
733,600,3.874959,0.14858505
429,429,0.93888533,0.041439295
90,90,0.1728183,0.23955446
698,698,2.2544494,0.26102495
505,328,4.5566754,0.1538949
170,176,2.3954797,0.26329246
778,426,3.5645943,0.26078415
364,923,4.755268,0.113248795
936,939,2.4070792,0.47420135
562,988,1.3161968,0.24241757
779,779,0.23821013,0.2356795
723,584,0.9217881,0.87959385
0,0,2.5054145,0.5348482
614,265,2.864865,0.570663
469,544,0.9773526,0.80795234
654,654,1.0960109,0.46627712
212,287,1.9631767,-0.012249738
245,245,1.9407793,0.50720704
693,693,0.7772038,0.8316491
241,241,1.9568651,0.45027652
738,738,0.35492843,0.35611218
230,230,1.1895576,0.75033045
720,700,2.1008615,0.59873265
48,48,0.4599236,0.9003638
562,619,3.3207955,0.2809734
718,718,1.8777006,0.57112163
562,593,2.363332,-0.40278125
48,48,1.717526,0.4701988
917,447,4.230991,0.30078867
21,813,6.538233,0.00054634735
998,309,2.546649,0.59266406
348,348,0.8051988,0.8590197
582,762,2.663483,0.40509647
82,608,4.20654,-0.2536327
562,831,4.4829726,0.12288191
822,822,0.41592276,0.8848507
596,596,0.57227814,0.9261667
661,479,1.2454199,0.7434905
358,809,5.184191,0.046782497
562,685,0.56613004,-0.004332483
650,63,2.8702414,0.44230813
575,575,0.59690225,0.34025162
996,926,3.5029578,0.15226686
345,345,1.62706,0.7671404
255,255,0.45945787,0.8547556
562,976,1.5463161,0.6661376
949,960,2.2736897,0.48825747
450,485,2.8740406,0.54754245
322,322,0.13459781,0.8571142
562,925,1.0843806,0.3280794
562,786,2.5012195,0.64683676
466,466,0.67747295,0.92865545
562,346,1.4594862,-0.22816485
612,469,3.845824,0.2402005
865,618,3.5451674,0.08534981
139,139,0.012322684,0.02624631
78,78,0.046807855,0.29348361
147,419,4.95127,0.11560243
13,13,0.162534,0.9466742
