predictions,labels,entropys,plpds
947,947,1.9264455,0.007554829
261,261,0.009680569,0.89882445
985,985,0.040170252,-0.000107586384
524,461,2.172381,0.4588012
687,406,1.1485866,0.62742144
94,92,0.999264,0.6990187
746,746,0.048968352,0.06288195
314,302,1.1440456,0.73991036
861,861,0.3868969,0.9458076
953,953,0.5641781,-0.047981024
896,651,3.9758282,0.1441237
272,272,0.113090366,0.23567474
618,813,0.8768597,0.7629429
920,882,2.8438087,0.2671053
943,943,0.6445349,0.76780707
535,535,0.19808456,0.9705684
734,407,0.50887465,0.40911806
476,120,1.6304886,0.6169758
828,714,2.8977213,0.4390721
788,788,1.1389,0.24580419
779,779,0.012143008,0.003766477
996,996,2.5350854,0.02217099
868,868,0.09822856,0.98569095
405,405,0.23251452,0.9556757
365,365,0.07663973,0.03215295
248,248,0.85860664,0.19445968
728,728,3.8855748,0.26853305
707,60,3.3596923,0.29583862
254,254,0.43887675,0.91069
588,588,0.61081934,-0.052485645
679,679,0.14616323,0.18676502
10,10,0.18439727,0.9789581
802,802,0.40004057,0.75294733
258,258,0.29810286,0.15973282
181,190,0.26056522,0.21001321
883,883,0.051928863,0.93850446
213,213,1.0177383,0.6179946
904,694,1.900079,0.46984905
450,768,0.7279594,0.8507383
817,817,0.116599455,0.9492352
473,473,1.545015,0.4605132
391,391,0.3164364,0.9591533
395,395,0.01012722,0.03954649
405,405,0.010716109,0.99599075
254,254,0.81549966,0.3798915
235,235,0.09786739,0.0986079
594,594,0.028905272,0.99263006
74,815,0.8811423,0.57662773
779,779,0.006960297,0.0014030933
365,365,0.01991195,0.043605626
304,304,1.3734758,0.29799625
537,537,0.8837418,0.101416886
805,805,0.1321142,0.951163
683,683,0.1215141,0.033898413
309,309,0.46054745,-0.036209166
984,984,1.3689059,0.4260092
135,135,0.009686658,0.88246065
693,693,0.18351626,0.4404891
209,206,1.3419641,0.76408386
492,492,1.2868147,0.7852929
578,578,1.1326681,0.42904684
786,786,1.4249179,0.75177854
874,874,0.023832873,0.93969643
45,45,0.5269643,0.87671024
