predictions,labels,entropys,plpds
406,887,2.08561,0.111494094
531,530,1.5448761,0.48818558
196,182,0.6943853,0.8419726
936,936,0.00061277335,0.00019568205
379,379,2.1896384,0.2900582
215,215,0.13583487,0.24444109
152,152,0.21816339,0.9043262
576,576,0.0076915156,0.025322974
469,469,1.3235091,0.8010572
814,814,0.0013033353,0.704635
900,900,0.011250695,0.0038660765
159,159,1.6411103,0.4687205
543,543,0.19069383,-0.011308253
640,640,0.0036578216,0.09856731
141,141,0.03375285,0.00037419796
307,307,0.027958054,0.20975095
316,316,0.0040574903,0.009088099
562,708,0.6632955,0.8385865
946,946,0.0044611134,0.003388524
839,839,0.49629858,0.8153277
913,536,1.5052297,0.7352077
73,73,0.04774913,0.70556164
442,442,0.49581254,0.9085242
655,474,1.6762398,0.6556668
33,33,0.08471204,0.7300091
67,114,2.9282436,0.39923728
219,219,0.393291,0.68473417
493,493,0.42847592,0.917851
548,548,0.048856184,0.99311376
675,675,0.29195902,0.96611804
73,77,1.4303924,0.4216971
764,764,0.47826326,0.93930036
583,583,3.026153,0.30195278
282,872,1.7258359,0.4647227
852,852,0.0638702,0.5149038
865,865,1.1308244,0.4816197
468,468,1.4125781,0.31900334
219,220,0.27133948,0.4143784
142,142,0.0111778565,0.028665364
260,260,0.17594838,0.9594007
924,924,1.2551305,0.39785546
545,499,4.5844307,0.0979619
506,421,0.015450993,0.42706335
853,853,0.05353667,0.9925905
920,920,0.8444242,0.7535175
151,151,0.091467604,0.98677635
520,520,0.40087703,0.91836596
923,962,0.70902157,0.3007589
471,471,0.22670637,0.51117
433,433,1.1273359,0.7346938
674,674,0.015883192,0.97966707
898,737,1.6036264,0.5012065
995,995,0.031986106,0.64648384
39,39,0.034264464,0.9888194
859,859,1.4368417,0.702836
713,742,0.16099143,0.08880454
927,927,0.03027334,0.9839515
720,838,1.821317,-0.26561087
998,998,0.9666426,0.22919574
920,920,2.6196418,0.29930693
383,383,0.12363897,0.010290742
770,770,2.2620797,0.30270502
280,109,4.4682074,0.108815596
449,449,0.5923786,0.8069708
