predictions,labels,entropys,plpds
258,258,1.0760509,0.13386807
14,14,0.011455873,0.032345176
99,99,0.019678548,0.06680578
389,582,0.37904915,0.7148067
480,480,0.008974262,0.009031534
186,186,0.0328086,0.66025984
793,689,0.48345435,0.90672475
578,578,0.02837369,0.7741846
769,769,1.144203,0.8042591
462,462,0.008901008,0.14077014
896,943,0.8577947,0.80454403
203,203,0.19117561,0.13243002
855,773,2.5967395,0.40503854
438,438,0.069102824,0.079012394
667,667,0.49583778,0.26192665
883,653,0.9568558,0.83813447
90,90,0.007916556,0.023573935
447,463,2.2892697,0.48014107
718,405,0.36123472,0.93254346
280,286,1.8124845,0.36554402
171,171,0.022612788,0.9938677
619,669,0.5044652,0.92955786
17,17,0.12650259,0.6639037
882,882,0.20504546,0.07364875
388,388,0.0020351831,0.025493264
538,698,1.0546376,0.54557437
21,21,1.023196,0.39111435
736,736,0.045312256,0.63904583
843,843,0.055961356,0.10270339
383,383,0.49040282,-0.14387059
21,21,0.0833969,0.9910448
480,424,0.7466453,0.8232846
421,860,2.533578,0.26593962
859,710,1.109966,0.7605894
804,804,0.2239801,0.9641146
694,694,0.05852867,-0.004305303
386,386,0.61597055,-0.1930952
6,109,0.56633997,0.9048246
439,439,0.005812001,0.00054210424
445,445,0.9528233,0.68775445
632,598,0.36216623,0.025224924
872,872,0.022465656,0.18095785
593,593,0.15816367,0.9796578
700,794,1.3352101,0.23576844
604,604,0.044298396,0.5528301
229,230,2.6165743,0.2641165
674,674,0.10891949,0.34822083
63,63,0.107059665,0.96139246
421,421,0.7190535,0.79998547
910,910,0.79337394,0.8866457
770,606,0.09043905,0.63128793
529,529,1.377619,0.58443844
966,966,0.058677625,-0.004932523
922,922,0.028738245,0.010234654
496,709,1.6561171,-0.4850941
580,843,4.2196965,0.10064904
707,462,1.027313,0.7727183
5,5,0.004962364,0.999585
990,990,0.7578249,-0.12783742
324,324,0.036265142,0.97771585
27,27,0.7446863,-0.22827321
195,195,0.7443144,0.55569243
259,106,3.267064,0.38873288
763,763,0.09863423,0.03709185
