predictions,labels,entropys,plpds
253,253,0.55163544,0.9023609
895,895,0.045204084,0.9581579
234,234,0.08839473,0.44667113
759,732,1.1173103,0.7234583
799,682,1.9133434,0.54340446
489,489,0.5050425,0.5480875
904,904,0.9333482,0.020639837
162,161,1.5430806,0.4113149
579,579,0.0056486595,0.2811206
170,170,0.3123597,0.04776299
911,735,0.6963547,0.6528224
254,254,0.014728358,0.0045382977
659,962,3.8921053,-0.0410524
304,301,0.5660414,0.9314907
898,686,3.276215,0.21763526
343,343,0.10090861,0.9877017
783,783,0.00075272913,0.00017148256
162,167,0.9557876,-0.22475895
142,142,0.2369948,-0.048324883
507,507,1.7782103,0.34779364
619,619,0.6696569,0.65232295
276,276,0.62278235,0.8882329
610,610,0.17467359,0.962844
525,556,1.1697634,0.57174426
792,792,3.9474945,0.17454064
719,719,0.3431685,0.9440513
147,147,0.0077415593,0.5581834
710,710,0.2043101,0.977375
975,972,0.7050843,0.5379176
842,459,0.8773207,0.7442123
392,392,0.0035505611,0.0023766756
737,737,0.06645441,0.3586182
785,785,0.015807675,0.09826523
731,731,0.06914908,0.98757136
306,306,2.1188824,-0.55049217
11,11,0.027927063,0.059557855
871,484,1.2037495,0.7495163
664,782,1.4627733,0.5090448
832,492,2.303103,0.54078627
69,69,0.3479041,0.94724005
456,456,0.43261427,0.95056003
475,475,0.003711943,0.6449069
868,588,0.02333322,0.9975609
611,611,0.027552955,0.03000778
658,841,3.5456123,0.34895736
390,390,0.035081647,0.032751262
228,228,0.055143688,0.017451882
830,831,2.2588472,0.5732773
199,197,0.97255576,0.54316777
96,96,0.004792534,0.015752137
952,952,0.9920573,0.48709223
586,586,0.009620959,0.061440527
338,338,0.024111355,0.0038471818
515,889,1.9954883,0.3843341
577,613,1.9693153,0.71383846
571,571,0.011880415,0.85275066
662,662,2.9425566,0.45417514
759,872,0.02293277,0.8267497
674,674,0.046255283,0.99602264
577,494,0.39546266,0.8685248
409,409,0.13685563,0.9816296
598,598,2.5546954,0.2990818
891,859,1.9857183,0.4526621
155,204,0.14198354,0.17708349
