predictions,labels,entropys,plpds
91,91,0.09904781,-0.0026624203
766,357,0.34467357,0.96188694
891,891,0.0013162452,0.033641696
513,776,0.35116285,0.36772913
561,561,1.0747507,0.39088616
100,100,0.0008160207,5.3286552e-05
300,300,1.3211814,0.65650976
184,184,1.7086496,0.6104424
926,926,0.35755056,0.07116252
980,818,4.058163,0.16149236
389,389,0.013641675,0.020733893
350,350,0.01288066,0.0009903908
946,946,0.0018365349,0.00010603666
480,664,2.5468442,0.27195242
163,163,0.7579584,0.20616394
6,33,1.2469769,0.45413178
293,288,0.022603797,-0.0014905334
673,653,3.4495206,0.1995296
90,90,0.0007598821,0.0008389354
645,645,0.008681343,0.0018063188
261,260,1.8721123,0.4028091
168,168,0.8458079,0.6993488
339,339,0.010089042,0.391555
4,4,0.004158727,0.009030163
840,840,0.054723408,0.975411
608,608,0.0895243,0.11097008
712,712,0.26759776,0.09317088
853,853,0.1815526,0.8152297
661,661,0.1475557,0.80639255
172,172,2.1995149,0.2787185
455,720,0.07489617,0.0055720806
368,368,0.039728954,0.9712955
338,338,0.014347248,0.9547009
327,895,0.9184774,0.6948527
782,851,1.1050612,0.6640703
588,588,0.034829393,0.0031707287
669,669,0.024845554,0.996717
352,352,0.16971204,0.9667996
423,764,2.1630714,0.49737728
102,102,0.8753938,0.5519005
783,784,1.2556862,-0.21624357
756,756,1.562355,0.4970135
636,636,0.119695865,0.045902908
684,684,0.047255456,0.99421555
755,755,0.083280295,0.95409364
235,248,0.55968887,0.82626396
394,360,2.098852,0.2940435
221,221,0.012362285,0.010819435
800,800,0.17806897,0.47657531
560,560,0.0002376088,0.0013049245
672,672,0.14828576,0.9352108
2,3,0.65277964,-0.100051045
606,606,0.0124465395,0.2133277
9,9,0.0010508468,0.029678702
0,0,0.022500243,0.042917192
616,616,0.008750765,0.072113395
199,205,2.5827217,0.20968226
885,689,1.8468385,0.65482754
960,928,0.5706795,-0.17698205
604,604,0.9328133,0.8301357
571,656,2.6005106,0.3458446
676,676,0.003263234,0.009728372
365,365,0.009153412,0.0046772957
614,541,1.4453824,0.41147438
