predictions,labels,entropys,plpds
509,865,0.6623135,0.8341328
63,56,0.23737693,0.1458928
994,994,0.0001939039,0.06639731
269,177,1.0422615,0.64527225
744,657,0.63913226,0.33713347
436,436,0.01531871,0.9555969
43,43,0.2810599,0.9458703
421,743,0.37611598,0.90394324
738,738,0.43377173,-0.10314381
550,550,1.4318798,0.72299486
178,178,0.015996894,0.88093156
737,737,0.14607581,0.9805043
532,532,0.085664876,0.9893775
970,795,0.15103197,0.95892024
340,340,0.0012046259,0.00040769577
640,640,0.44210866,0.85016704
902,902,0.016912557,0.99159485
888,888,0.010034781,0.0027512312
523,523,0.024784792,0.9967282
306,306,0.22464964,0.9521039
576,576,0.81911886,0.78058696
456,456,0.008625027,0.44595075
148,148,0.18793498,0.90427005
58,58,1.8999834,0.3229016
160,368,2.0434904,0.41217476
834,906,0.9233794,0.71657234
93,96,0.49786818,0.0098282695
469,469,0.0045326594,0.97624105
881,493,2.5385559,0.37680265
814,814,0.002133027,0.99963754
113,113,0.00251788,0.01276958
66,54,1.0360342,-0.33769363
364,364,0.012635995,0.966032
8,8,0.058587875,0.9811395
854,854,0.7119638,0.894283
131,131,0.020143077,0.83284193
792,792,0.0096209105,0.51228607
786,786,0.08291622,0.9899499
55,55,0.29124552,0.19789165
207,207,0.068037234,0.12629932
568,929,3.0864227,0.2684159
911,533,1.2556915,0.38567147
575,575,0.0017839298,0.3097182
44,44,0.01289284,0.19551069
819,819,0.13033654,0.9846685
455,440,0.118453026,0.10674846
297,297,0.14236064,0.84054273
875,776,0.396134,0.50152314
61,62,0.5348279,-0.031437516
679,679,0.0067456746,0.0047796965
925,809,1.2417227,0.2763737
858,858,0.30460727,0.8877044
935,935,2.3082962,0.36819375
99,99,0.9112015,0.4840182
291,291,0.07361902,0.2992099
909,567,0.1460915,0.57851934
904,904,0.054140005,0.13916403
571,571,0.016067712,0.8579154
764,764,0.67326224,0.7878695
131,131,0.102290094,0.35117722
773,855,1.7054089,0.6501381
884,888,2.6426241,0.2714407
780,780,0.035044033,0.0035437346
393,393,0.007719988,0.05775994
