predictions,labels,entropys,plpds
182,182,0.0053276625,0.3976881
556,556,0.013151945,0.8577541
150,976,1.1433823,0.6100561
277,277,0.46717253,0.5558871
185,185,0.3314665,0.919904
411,735,2.7457743,0.47005713
572,633,0.23597997,0.96512175
278,278,0.7407757,0.5320457
988,988,0.048136774,0.765203
344,346,0.2808475,0.93048596
687,687,0.0021398945,0.010255575
602,702,0.9605644,0.5704118
458,458,0.026498374,0.89879715
157,152,0.9879548,0.4669147
820,820,0.0002676383,0.034475148
796,796,0.29156741,0.9229958
837,443,0.56529003,0.15927547
168,168,1.2581494,0.5892359
210,206,3.1912377,0.27876163
975,980,0.08194701,0.29470915
904,497,3.7221127,-0.0003171116
843,843,0.045153406,0.99465597
481,754,1.1159624,0.77271205
366,366,0.00045337842,0.0035292506
389,389,0.3060876,0.27201104
776,776,0.8704493,0.78521454
833,833,0.00011049545,0.12772244
164,164,0.5027346,0.022748053
60,61,0.40643567,-0.0326277
37,37,0.4840123,0.8661055
288,288,0.5869411,0.57349735
945,945,0.019559542,0.0026457906
447,447,0.0567501,0.11616939
685,685,0.0014199398,0.00018233061
412,412,3.148156,0.31093514
878,658,1.9486561,0.2351307
923,935,1.9290546,0.2944745
310,308,0.6755997,0.76718056
128,128,0.028254742,0.80472714
866,866,1.2570119,0.6956376
946,946,0.0021033161,0.0006811023
389,389,0.17705733,0.97214794
493,648,1.0014309,0.62128305
966,572,0.5449915,-0.13525987
467,467,0.15967917,0.117845595
78,78,0.005652927,0.09128368
458,458,0.023862433,0.31796223
420,420,0.056290004,0.9930213
595,856,1.4999671,0.46088296
407,407,0.012668161,-0.00022941828
866,866,0.6946359,0.7277265
287,287,0.010279331,0.0029005408
903,841,1.3862102,0.40201205
267,181,0.28241313,0.90199393
602,602,0.49694934,0.14560401
30,30,0.0051168203,0.016617537
775,775,1.6670012,0.7350643
90,90,0.127481,0.9751445
919,919,0.041247785,0.054661334
785,838,2.1729662,0.6054952
476,476,0.11294574,0.07988638
363,363,0.00064040127,0.003175974
451,451,0.01774522,0.07224876
910,910,0.23250985,0.34895194
