predictions,labels,entropys,plpds
344,344,0.7204037,0.81168187
351,351,0.03298202,0.078338325
202,202,0.43931094,0.3260761
294,276,0.47079802,0.847165
932,931,0.19867165,-0.022384167
642,784,4.732783,0.0986561
419,419,0.32565343,0.9231604
9,113,3.061779,0.39633363
535,535,0.92343605,0.7582205
776,546,1.6735086,0.6209905
522,522,0.00039742448,0.00030899048
517,718,1.8165891,0.5096873
891,827,0.43162322,0.88132197
696,367,3.911508,0.27654594
363,363,1.8317689,0.62164766
976,976,0.614228,0.38249516
673,447,1.9406179,0.118879676
412,828,1.5305053,0.71497035
6,6,1.220321,-0.30680686
326,322,0.07241762,0.057535112
944,944,0.09957199,0.6485636
475,475,1.4628205,0.7731081
290,288,0.81101334,0.54210424
788,743,2.6430645,0.31185314
150,150,0.21026663,0.09082031
876,793,0.38055372,0.9405376
277,277,0.340805,0.30120713
72,72,0.64407814,0.7656333
320,320,4.3741016,0.16705422
568,339,1.8138938,0.5709426
905,905,2.6508439,0.20567262
438,438,2.0958169,0.6479737
838,838,0.8031634,0.84352994
349,348,0.43444127,0.03995627
905,581,4.0132236,0.14834589
207,208,0.5116669,0.59244734
224,224,0.32616758,0.90168345
651,651,0.6671841,0.6952711
111,111,0.039598517,0.7103791
307,307,0.4508279,0.93199354
891,579,3.9777417,0.23064071
776,699,2.8761244,0.26960135
817,479,0.33123052,0.7223823
408,408,0.5926655,0.89530975
585,882,3.6182058,0.116019025
261,192,1.0017667,0.77437246
193,187,2.9791403,0.26068124
233,233,0.14394729,0.6760914
359,359,0.4023607,0.13482958
517,517,0.31388044,0.1329053
513,465,2.3718781,0.3488491
735,735,0.023530427,0.97915876
896,896,3.5583959,0.4317821
536,536,0.22021866,0.92802083
333,333,0.38108253,0.95752925
692,440,4.8263226,0.120585
810,810,0.465459,0.70549726
363,363,0.18015791,0.9834024
397,397,0.21552894,0.9681535
954,954,0.113129765,0.019910932
311,311,1.4340944,0.65459704
448,448,0.051942766,0.9853223
235,235,0.5887438,0.7821688
79,79,3.2834988,0.38735875
