predictions,labels,entropys,plpds
868,967,0.9289034,0.6278604
723,723,0.3927276,0.6754086
959,959,0.20873345,0.36337733
98,146,0.75293994,-0.026097
480,480,0.33877212,0.62596047
444,444,0.07157484,0.99204636
880,842,3.4000192,0.38228738
107,107,0.21661027,0.12454599
17,17,0.007182248,0.00093114376
147,147,0.00042441965,0.0014333725
5,390,3.3336966,0.2695037
250,274,2.149623,0.3491652
504,968,2.3275301,0.29899046
218,215,1.2092874,0.68116874
987,998,0.85629416,0.0320006
566,566,0.24484938,0.38576692
228,228,0.061218888,0.9636486
755,755,0.04462508,0.9876783
435,876,0.60543245,0.32815215
880,880,0.030288901,0.9937047
824,735,1.6641635,0.45079815
440,725,2.1874576,0.42099464
961,961,1.3524544,0.53873914
310,304,0.24357992,0.21018362
608,608,0.0043001175,0.7709628
120,120,2.8647685,0.20971759
692,918,0.2672677,0.3426401
117,117,0.0022320217,0.011652172
321,321,0.15799113,0.041954577
93,93,0.013744466,0.28348553
511,436,0.7399633,0.7787331
744,744,0.6478473,0.6256361
508,508,0.5507162,0.005314648
885,885,0.023818672,0.020052433
287,287,0.023516044,0.7758318
596,596,0.015864594,0.118842185
555,555,0.05055441,0.05124128
918,918,0.07942776,0.042193115
37,36,0.09641221,0.03279674
245,245,0.037458267,0.4070394
428,588,1.4088144,0.79518354
398,499,0.307823,-0.010759771
964,935,1.5472229,0.49513358
546,508,0.54790777,0.22345972
552,552,1.657816,-0.06773037
334,380,2.6821384,0.31976053
801,801,0.053155486,0.064887285
884,884,3.7326226,0.23934595
681,620,0.78437597,0.68819827
825,649,2.1218467,0.4622523
221,221,0.10434303,-0.0014193058
14,14,0.012600888,0.78891546
995,995,0.028548796,0.0688892
233,233,1.850678,0.30921
978,888,2.144352,0.28836676
670,603,2.6536014,0.3116158
868,967,1.3409957,-0.23831251
954,749,2.1681073,0.6171348
621,199,1.028152,0.55350256
857,915,1.4897704,-0.047530234
222,258,2.5410957,0.2474858
203,203,1.535375,0.6427341
131,131,0.054190397,0.043432236
923,868,1.1424258,0.61379594
