predictions,labels,entropys,plpds
880,880,0.004974654,0.26308197
541,541,0.044580363,0.071608245
702,702,0.1324212,0.9567399
382,378,2.9141576,0.31615618
660,660,0.09842338,0.68701005
218,156,1.0081017,0.18944088
525,525,0.034927145,0.35659462
713,742,0.6098373,-0.22528177
699,432,1.1659323,0.009867847
366,366,0.017061729,0.81429875
700,700,0.54008234,0.8467267
532,532,0.16159947,0.9769054
515,515,0.15641592,0.96876794
489,652,1.0950842,0.741782
255,255,0.0033887266,0.201963
731,731,0.11754605,0.7235286
969,969,1.5686114,0.49835125
692,667,0.34756374,0.86193013
973,115,3.216074,-0.27897775
697,608,0.620054,0.4310718
654,654,0.23946966,0.94625014
157,157,0.00797529,0.009534955
670,670,0.15787809,0.97668236
687,687,1.171001,0.29764077
946,946,0.090177596,0.2200175
699,423,3.2760932,0.23478091
311,313,0.7819314,0.8764864
923,937,1.5038357,-0.111879885
924,924,2.4416032,0.5657732
802,802,0.018453762,0.5100599
324,324,0.25643998,0.07945585
514,514,0.44642013,0.8711289
667,400,0.17919494,0.5980078
752,752,0.693504,0.9098869
177,177,0.03190949,0.9726596
35,35,0.5510609,0.7743506
250,198,1.9585552,0.30834705
947,997,1.9833615,0.4475339
993,993,0.4520924,0.8762718
593,650,2.983209,0.1445353
265,194,1.5232953,0.520941
421,919,0.5304617,0.84389806
699,699,0.006422053,0.0036619306
73,73,0.04135973,0.9920939
82,85,4.449602,0.11406602
327,623,0.40418798,0.9337851
874,874,0.21449032,0.96246463
426,640,2.4540854,0.5045327
519,624,1.7274754,0.6430162
968,615,1.0264825,0.67739236
229,229,4.01685,0.2646471
226,226,0.27012044,0.9138628
627,627,0.031312775,0.9925587
282,253,2.0072308,0.16164315
281,281,1.2703167,0.3750323
684,684,1.3077059,0.6977407
871,484,1.07375,0.74811286
233,197,0.15487984,0.7839554
172,172,0.23395026,0.7911897
250,462,3.567226,0.14400896
740,740,0.33657312,0.94091594
1,1,1.6981876,0.661757
632,707,3.684889,0.19503926
126,126,1.2591375,0.11347026
