predictions,labels,entropys,plpds
342,342,0.6203185,0.38294697
398,644,1.4766915,0.28382257
148,148,0.0009177284,0.018155992
404,404,0.042720128,0.9941303
45,45,2.3527586,-0.23923266
834,834,0.6932089,0.5370871
687,687,0.06908715,0.99094594
858,498,1.3312547,0.22791535
435,431,1.7047763,0.55081415
476,476,0.0028995974,0.61819863
355,355,0.037658755,0.9681564
845,716,3.2319503,0.30194995
34,34,0.46501166,0.8429893
272,334,3.788113,-0.11728665
4,4,0.60882634,0.9143486
667,400,1.4255658,0.4379895
913,285,1.7607169,0.54300946
132,132,0.08277718,0.1369803
772,772,0.73794156,0.85630214
326,326,0.35325563,0.91684264
113,113,0.00132598,0.029413104
12,64,3.4350445,0.10975331
753,811,0.09593454,0.98587185
819,819,2.8829,0.21274988
101,101,0.7372372,0.535532
32,32,0.1082226,0.9876626
51,51,0.02835204,0.07782543
767,767,0.2563165,0.5040082
368,192,2.8246067,0.33660647
763,763,0.011019843,0.86581635
795,430,3.5379114,0.2206796
867,867,0.873968,0.60974205
737,886,0.47579056,0.8148702
341,416,1.8960764,0.4276638
751,751,2.394527,0.26010957
491,43,1.9544165,0.6563425
579,579,1.3765967,0.78029215
227,234,2.0969727,0.3525854
412,465,2.3926573,0.38408044
425,425,0.61214054,0.012029171
522,522,0.38751793,0.79646546
509,886,2.3274202,0.25854826
866,866,1.4453647,0.58453
384,383,1.178211,0.5941839
477,477,0.17733222,0.9794413
695,891,2.7118528,0.43534538
435,435,0.92974234,0.6979786
60,56,3.3603406,0.14613594
294,294,0.08555944,0.21553302
250,174,1.5403743,0.11617991
605,605,0.030348223,0.9946647
690,690,1.1887809,0.7450351
828,828,1.8999853,0.32355615
311,311,0.32631028,0.90838224
401,401,0.0034446688,0.45711017
351,351,0.028052896,0.99622273
63,42,3.0982385,0.2766052
692,481,0.05425212,0.9924044
870,870,0.25938052,0.945645
582,943,0.9851103,0.8137527
83,83,0.00032066062,3.170967e-05
322,326,0.14999932,0.5895894
69,69,0.007890763,0.760771
609,609,0.002140962,0.0015229583
