predictions,labels,entropys,plpds
195,195,1.2025706,0.76704717
207,207,0.073434815,0.014437079
759,794,1.2534643,0.71780556
157,157,0.10271832,0.9835433
898,898,0.25352874,0.963788
947,54,1.6598599,0.570802
479,479,0.037104744,0.0074864626
762,725,2.2799711,0.37488106
187,187,0.23396045,0.17629838
353,353,0.45391554,0.79418945
725,725,0.49447748,0.512743
321,321,0.01891953,0.03794861
225,225,0.036970273,0.025859296
17,17,0.050910052,0.7280545
766,766,0.00411159,0.03461486
555,791,1.6292144,0.41813982
863,863,1.5751922,0.770707
542,542,2.3707814,-0.2862239
788,865,0.96282816,-0.08643949
248,264,1.7613072,0.41211846
611,611,0.5584949,-0.05501288
683,683,0.14065409,0.94402456
4,4,0.10751989,0.9701337
372,370,0.016493559,0.15756744
904,904,2.4194894,0.5324505
189,189,1.3732347,0.54662174
256,224,3.9269743,0.101840265
131,131,0.03386661,0.030478358
372,372,0.15969212,0.9527109
112,956,3.9002848,0.35966095
70,70,0.010584755,0.010754645
779,779,0.013601311,0.7206379
133,133,1.0490514,0.7262794
706,799,0.43767577,0.9370346
250,249,0.95792454,0.2608565
476,476,0.5581759,0.87350863
31,46,1.3564565,0.69296986
76,76,1.3555081,0.8038375
141,141,0.0139442645,0.88345206
85,12,0.073282324,0.46075964
423,423,0.6314159,0.21778679
5,65,0.5882294,0.86725587
6,6,0.09799157,0.9790753
317,317,0.02563984,0.8575371
619,619,0.05112709,0.99314904
310,310,0.009355143,0.0039641857
576,576,0.15897226,0.96368146
819,819,1.3560317,0.42744443
964,962,1.6221335,0.52839065
213,213,0.024943586,0.15636045
910,910,0.8532396,0.32896844
570,570,0.24112412,0.5394211
250,249,1.3063216,0.5473513
210,210,0.12116054,0.6468078
536,536,1.9844589,0.11231725
678,584,1.393166,0.5239421
838,838,0.52896565,0.87284577
437,437,1.0915853,-0.10466838
545,545,0.47053498,0.8447962
641,971,0.7993525,0.6885538
651,651,0.24630736,0.7822683
171,171,0.27001444,0.37081128
76,76,0.6178092,-0.121355236
137,137,0.011255414,0.08228904
