predictions,labels,entropys,plpds
540,540,0.116272576,0.19957107
543,731,0.359749,0.4129091
789,789,1.814556,0.5257368
143,143,0.0010571252,0.0005406141
560,560,0.12563977,0.9041488
290,289,0.10063846,0.46146512
543,997,0.41544747,0.9038984
140,140,0.66576594,0.77485496
397,397,0.003695129,0.9992885
680,684,1.2491188,0.8045176
632,632,0.057363324,0.9922671
269,269,0.09251696,0.6504791
537,537,0.011476139,0.04381466
925,923,0.36496878,0.17862141
631,804,0.79453576,0.84779024
645,645,0.7430519,0.66148543
464,502,0.9149252,0.56767875
348,348,1.5710311,0.58417535
82,82,0.26395395,0.8939928
378,381,0.05391271,0.526566
310,300,0.19138245,0.13548964
980,980,0.6280117,0.91021013
29,26,0.06593907,0.9756713
716,497,4.3310194,0.23815258
476,476,0.008964397,0.1466856
686,686,0.46450478,0.9201695
699,930,1.6938184,-0.4906023
468,848,2.358325,0.2021749
585,544,3.8587928,0.15489528
343,101,0.111424014,0.9642346
272,272,1.0828935,0.43278384
524,420,3.0024183,0.1480023
250,250,0.70978564,0.26644683
791,792,0.6586672,0.9008733
207,208,0.73623747,0.54729563
255,255,0.07298604,0.987075
528,528,0.00422807,0.97250026
63,63,0.2571164,0.9296765
605,605,0.48853862,0.9199227
202,192,3.4433556,0.23373036
615,615,0.016618188,0.99021244
250,176,1.3716486,0.66482383
999,467,1.1357454,0.53210497
625,625,0.24267969,-0.03330612
743,743,0.007332774,0.18110347
232,232,1.8682699,0.4044778
911,911,0.09457351,0.23361856
567,961,0.9486233,0.5500098
448,494,3.0205004,-0.21877792
568,568,1.3263111,0.5590639
516,486,2.6826339,0.47944018
904,904,0.08293225,0.59837544
828,828,0.47064447,0.7758354
284,284,0.04310464,0.4030226
606,606,0.0969594,0.9605156
924,924,0.010269431,0.0010048747
38,38,0.0054983883,0.03301549
674,674,0.5532018,0.7702293
35,35,1.2412616,0.4811705
5,5,0.052502073,0.9895831
382,380,0.5545378,0.3724973
317,312,1.4262314,-0.35015383
604,604,0.00011481705,0.008216858
848,754,0.8914371,0.13974887
