predictions,labels,entropys,plpds
653,898,1.5349655,0.4872865
983,983,0.004480064,0.0001295805
385,385,1.1617423,0.04970002
381,357,1.7389321,0.4777221
771,771,1.0748749,0.6924922
5,5,0.0028589894,0.13006634
9,9,0.0061540115,0.19285327
371,371,2.2832494,0.41560996
570,731,4.8987627,0.149369
271,269,0.8632859,0.5811467
169,171,1.2075005,0.63325894
972,832,0.2873919,0.9604919
726,726,0.004693516,0.7008308
469,469,1.047178,0.7778319
189,189,1.913183,0.25664997
808,515,0.36655253,0.85205644
542,542,0.35702547,-0.048892617
959,959,0.031378217,0.31919712
194,194,0.009817593,0.043451786
306,306,0.062418938,0.041908026
482,485,3.1653452,0.18637995
451,451,0.247291,0.37903178
124,124,2.2201657,0.53974485
233,197,1.4397331,0.44111094
584,600,0.055936933,0.4050684
320,320,1.3495946,0.5225043
267,183,1.3968737,0.58051896
435,435,0.65857065,0.19466102
9,9,0.15674418,0.88631594
475,475,0.003548922,1.9788742e-05
274,274,0.012663953,0.24482328
363,363,0.0050484585,0.08803284
403,403,0.020770747,0.005100727
993,993,0.0015708813,0.00037169456
979,979,0.32882953,0.42355883
797,797,2.1182153,0.31966722
276,355,2.768312,0.47588488
723,723,0.241069,0.14077735
656,436,0.50011724,0.88561445
842,460,3.3764548,0.16738069
850,676,1.5094427,0.15774104
686,700,1.6075072,0.43572497
911,533,1.3945599,0.68681306
560,560,0.0014880667,0.00072056055
97,97,0.008827215,0.003580153
516,601,1.8394585,0.5645385
296,270,0.09359975,0.03497213
122,306,1.2738234,0.5856352
305,305,0.029211722,0.99410063
497,912,2.3658137,0.35180506
966,966,3.485844,0.2055139
160,160,0.008653844,0.9127388
822,483,1.2588645,0.6627984
735,735,0.11048528,0.568329
470,470,0.0017685824,0.041273713
583,583,0.005718816,0.003437817
490,490,0.8439672,-0.100025415
142,142,0.02277574,0.028940141
324,324,0.026597518,0.005561769
185,185,1.5474689,0.62919414
718,839,1.4963608,0.3341263
82,82,0.13814299,0.9772387
507,507,2.6415825,0.2739932
261,230,0.59447145,0.9010454
