predictions,labels,entropys,plpds
98,98,0.011906444,0.38532925
747,747,0.23355092,0.9308981
207,208,1.2494313,0.40885657
331,331,0.008257107,0.40258044
78,302,1.187939,0.6223612
99,137,0.13368884,0.9820879
373,373,0.004432558,0.63635504
260,260,0.010556181,0.076799154
170,233,1.4982541,0.45863667
441,441,2.384765,0.4326806
983,983,0.0035184345,0.18530387
252,252,0.21237978,0.88671124
129,129,0.5042181,0.8177281
642,642,0.20760351,0.9502821
512,512,0.1636648,0.9725539
920,745,0.26545396,0.94722253
167,173,1.7316375,0.12749544
374,375,1.483868,-0.10061145
132,132,0.24641412,0.8355278
485,848,1.1721253,0.74957013
319,304,1.44347,0.37291637
192,192,0.015750216,0.15348023
561,561,0.015893932,0.65712994
69,69,0.73658276,0.3941993
787,702,4.3696938,0.1596966
204,185,2.2776115,0.2746664
849,588,1.777798,0.40367788
528,528,0.0046596956,0.20000273
115,114,0.02573268,0.57726586
98,98,0.0011291443,0.0023352504
934,934,0.43447816,0.8144792
16,16,2.7916152,0.39053765
262,262,0.029184878,0.050111473
243,262,1.0437328,0.7932643
584,597,0.98945045,0.73025346
884,406,1.2971075,0.49014255
987,935,1.9819162,0.2773935
810,810,0.22534677,0.92719907
146,146,0.030686729,0.8387152
58,58,4.1341805,-0.8348109
489,489,1.0344176,0.58352685
948,948,0.07909077,0.13841236
247,247,0.027491856,0.060499728
462,840,0.5141808,0.83760685
303,303,1.4694097,0.66038984
39,639,4.088126,0.19280885
799,905,0.40333706,0.9387183
131,131,0.06542418,0.99073356
970,970,0.041008264,0.0036965013
692,692,0.04300118,0.91607004
265,266,0.5034571,0.8473728
86,85,1.575695,0.25186855
533,533,0.29798537,0.9512249
615,341,4.314429,0.13302884
421,936,1.2445536,0.78534853
649,649,0.90956044,-0.07742858
253,253,0.031823814,0.07941955
45,289,2.5050578,0.26466942
867,586,1.6299994,0.30588347
788,788,0.3020807,-0.053845942
144,144,0.08035964,0.029756367
10,10,0.34989697,-0.020451367
884,884,0.85652363,0.8251217
236,236,0.023841739,0.013297856
