predictions,labels,entropys,plpds
754,632,3.5437627,0.19557914
382,382,1.3543136,0.08108577
839,839,0.18152007,0.87776285
107,107,0.0006169512,5.710125e-05
708,708,2.3890924,0.60780543
415,932,1.3273664,0.36682194
554,554,0.011496613,0.98925304
761,761,1.8056006,0.03134638
395,758,1.0956417,-0.52628523
819,402,0.40984994,0.051275194
641,641,3.1759233,0.24777427
47,64,0.22244579,0.6643343
462,462,0.67241967,0.8022951
896,905,1.8004556,0.6138059
609,609,0.81700957,0.728655
612,612,0.19466071,0.9814845
857,857,0.0007891025,0.2107088
327,393,1.1135825,0.41880184
916,59,0.1341844,0.06111586
498,498,0.010846677,0.11583328
132,132,0.023399584,0.8835234
807,807,0.0022660242,0.06391835
64,41,1.4427569,0.4949584
743,682,1.6006241,0.40120357
793,793,0.010970907,0.9448817
14,14,0.0319501,0.028445482
217,258,2.7977688,0.26307422
9,492,3.9117594,0.24024513
608,514,0.70994794,0.6904246
795,795,0.8136722,0.054680943
374,381,0.12973097,0.0984754
542,542,2.4914427,-0.4748754
5,34,0.41591835,0.7093804
885,840,3.3078587,0.050211936
881,401,1.6577209,0.77160245
371,371,0.10066853,0.7357057
825,730,2.1435535,0.49365422
696,696,1.2400868,0.4091361
684,684,0.0067121116,0.0012227893
366,366,0.0033492234,0.008217633
701,701,0.70582736,0.42565072
634,519,1.1283672,0.67185825
36,35,0.42826256,0.47009563
86,86,0.52973264,0.18182844
113,113,0.16497362,0.93465376
933,933,0.018953374,0.63909197
377,377,1.1993036,0.029028296
993,993,0.02922769,0.015134811
56,56,0.016741805,0.0041887164
367,367,0.10278394,0.0055740476
929,929,0.45426995,0.93209136
922,922,1.0955278,0.7141539
295,295,0.019905109,0.012984693
905,905,0.97166115,0.59164155
528,528,0.017788073,0.53309345
505,849,0.054607738,0.8079157
120,120,0.0010718007,0.052096665
508,810,0.3963649,0.23780376
301,301,0.09278739,-0.013383508
35,35,0.5273542,0.84356254
659,659,0.03119504,0.9948365
498,498,0.7637816,0.805991
46,46,1.7397481,0.42783362
884,497,2.1352842,0.5412936
