predictions,labels,entropys,plpds
345,345,3.8423383,0.1439979
513,513,0.006142105,0.9873577
485,662,0.3471715,0.9519587
677,677,1.2668726,0.34702572
612,612,0.025265817,0.25752407
723,723,0.004415472,0.0029652715
485,485,2.1597774,0.44886962
36,36,0.38958472,0.9259319
989,989,0.0030735575,6.6399574e-05
232,232,0.31660464,0.92422056
170,170,0.27254874,0.92996943
402,402,0.148928,0.7616007
719,719,0.072022595,0.11521065
910,521,0.97583526,0.36046293
241,241,0.19144419,0.09308064
722,722,0.33379608,0.14639342
471,471,2.0419514,0.66261756
11,11,0.0014661849,0.0049307346
64,64,0.3902186,0.009099364
480,480,2.432917,0.3621366
169,212,0.92152524,0.73142236
66,66,1.1036414,0.29515058
270,270,0.22819798,0.96412665
215,215,1.2722983,-0.016554683
421,421,0.039440878,0.85788244
727,727,0.0002965259,0.13469046
600,705,1.5067167,0.6536402
360,360,0.0021748068,0.0008981824
499,499,0.76240563,-0.006165564
91,91,0.0150645925,0.28800613
232,232,0.14814757,0.5216081
597,597,0.018888034,0.26175004
349,350,0.41293514,0.17114234
410,410,0.5804653,0.21295977
643,501,1.2924018,-0.08842605
656,468,1.6007823,0.3969525
191,191,0.12703581,-0.010291338
41,41,0.77550364,-0.019001245
212,232,0.93730986,-0.07528728
299,299,0.020239344,0.96244687
474,474,0.7797699,0.7558717
698,698,0.23340738,0.8521955
803,866,0.13057268,0.7494104
187,201,2.6883245,0.5339244
79,27,0.9263771,0.4459061
539,539,0.5444585,0.86072665
891,891,0.001514674,0.71018493
649,649,0.01323999,0.014855385
15,15,0.0068797613,0.3733508
674,674,0.03522852,0.99093986
73,77,0.051480595,0.6202079
783,783,0.0014265683,3.9815903e-05
445,842,1.5072227,-0.3925942
767,418,1.7358936,0.4291973
462,792,0.77929723,0.5156633
358,358,0.26508343,-0.04237336
437,437,0.549728,0.558753
807,499,1.4844449,-0.4045155
597,750,2.5453532,0.6066209
892,787,2.548471,0.37171525
209,209,0.050908264,0.40696937
357,357,0.22107813,-0.030881286
227,174,1.9795127,-0.5729969
235,235,0.12699378,0.15448755
