predictions,labels,entropys,plpds
39,39,0.51322937,0.20753658
419,551,3.0654662,0.47597387
364,288,3.2457538,0.3097303
843,199,2.2411008,-0.013799429
33,33,0.37913954,0.725067
366,369,1.0781374,0.64092267
441,441,0.90340745,0.58852786
282,282,0.8395304,0.37736142
155,154,3.3934152,0.34479135
3,3,0.1908082,0.0865863
230,390,4.0123134,0.1355322
4,4,0.022256808,0.048709035
440,38,2.6041687,0.59117866
850,850,3.7500377,0.18522495
420,420,0.18603635,0.9582726
744,895,0.9371073,0.74388206
632,613,1.3211366,0.7703264
36,36,0.815283,-0.04624796
832,832,0.61555153,0.93373585
540,540,0.22129837,0.9457668
542,542,3.1734076,0.34163305
435,669,3.9501882,0.23885202
659,659,0.033780333,0.80186594
428,788,2.1020126,0.53044516
108,108,1.2599585,0.583974
569,517,3.0284498,-0.008204848
657,657,0.84356713,0.7217048
843,247,3.3985276,0.34188372
244,154,2.3369102,0.38823536
913,115,2.359748,0.6020033
894,894,0.48156506,0.8184705
167,167,0.46377406,0.21206641
700,266,5.075407,-0.077173196
931,961,1.1295009,0.6509244
975,748,5.2819505,0.08378709
545,51,3.445517,0.26860464
38,38,0.17730738,0.62387025
895,143,2.7502236,0.26843685
608,608,0.7083368,0.4593572
516,765,2.9715524,0.31976557
177,177,0.13809183,0.9648882
299,45,1.5343806,0.76571155
255,255,0.022467952,0.16114688
488,695,3.3290472,0.34412467
805,844,4.410033,0.24610882
655,731,2.9343543,0.3962101
738,738,1.241969,0.65951055
125,125,0.5153761,0.9479561
385,101,0.8323622,0.82016987
686,495,1.9860756,0.5569744
156,156,0.7669269,0.897198
551,551,1.4174747,0.74041694
800,800,0.87877893,0.79510176
233,233,0.30780113,0.34647965
638,639,1.8397646,0.29664904
571,571,4.1724825,0.15908237
738,463,0.04909587,0.02624023
27,27,0.8249736,0.0073205233
376,376,0.32365388,0.0048579574
386,386,0.25194883,-0.017178595
164,232,3.4653926,0.24796656
323,323,1.0104253,0.87905115
288,288,4.995591,0.11615033
55,55,0.8465598,0.521965
