predictions,labels,entropys,plpds
979,979,0.009202644,0.353006
696,623,0.18446922,0.97391737
710,748,1.2979028,0.82135403
555,862,2.6551394,0.32301882
330,330,0.2855506,0.5556532
124,122,0.8293585,-0.03639251
691,528,4.4720564,0.23798676
850,333,3.3566277,0.3406278
566,122,4.221382,0.055836365
709,636,1.6351404,0.42226946
600,686,1.9211658,-0.32591426
899,901,1.2969998,0.35683063
334,334,0.14478138,0.9311767
544,544,2.7228918,0.31991425
71,71,2.2820263,0.1866689
616,616,0.002936941,0.009743214
763,763,0.19077438,0.9297439
374,293,1.8720975,0.54084826
951,951,0.25519502,-0.036102593
244,244,0.3922304,0.94726646
562,562,2.112154,0.44001603
609,308,4.6206946,0.16342328
269,271,0.8713286,0.53300303
327,327,0.016708184,0.0068827868
321,321,1.6595185,0.5307156
816,816,1.8910407,0.49444866
675,734,0.40097815,0.9297579
267,267,0.16723341,0.85125935
886,886,0.6374129,0.8339679
5,36,0.2704748,0.8129179
337,337,0.646317,0.8347741
791,692,2.5521212,0.22699413
150,150,0.41066128,0.87363684
308,308,2.231668,0.50749576
315,315,2.0336857,0.7361777
48,41,2.9475014,0.28782782
823,823,3.2077575,0.4793626
845,623,1.7384146,0.752247
847,847,1.3156116,0.49423045
808,808,0.05566338,0.8287579
618,813,1.285229,0.604785
686,686,1.118442,0.8449946
781,781,0.3357847,0.94701314
873,873,0.20161703,0.9077238
93,93,0.02829118,0.011248291
412,412,1.7309327,0.499092
714,861,4.188773,0.26416722
751,751,0.4271241,-0.040923536
830,691,2.0113316,0.11397445
291,291,0.047735393,0.9815658
638,465,2.897677,0.2565293
161,168,2.1059947,0.5667373
503,830,4.6846933,0.083667085
333,333,0.022113238,0.95148224
156,218,1.4710094,0.39983803
78,78,0.297695,0.511113
466,8,5.0105696,0.071949095
294,294,0.12598777,0.8074112
805,768,2.56183,0.5117772
955,998,2.0022905,0.5178755
279,299,4.0502424,0.20046388
139,139,0.006998093,0.12691528
176,176,0.23063722,0.9427157
450,450,0.2014888,0.94897485
