predictions,labels,entropys,plpds
565,565,0.0026722308,0.6709304
703,703,0.049451806,0.15312213
186,186,1.4197482,0.09362072
451,246,1.4707413,0.5430061
416,416,0.41829392,0.6108013
916,916,1.323822,0.7194569
280,280,0.17974965,0.00055247545
34,34,0.13731816,0.5172808
201,193,1.1993369,0.21399128
708,456,0.8687533,0.8389047
548,548,0.1265322,0.98237634
121,118,1.1967249,0.31578633
214,265,1.5204281,0.5895972
996,996,0.035809983,0.004705906
803,803,0.0112162335,0.012157142
148,702,1.9063141,0.67501795
60,111,3.5364518,0.21116604
466,466,0.32437682,0.9025455
747,747,0.058347836,0.7191014
366,366,0.0046733157,0.0068409443
162,167,1.1779846,0.41277742
956,956,0.016633596,0.0056898
407,407,3.3460536,0.30512017
901,967,1.6295835,0.55557144
245,243,1.7882259,0.6499507
773,804,2.5515606,0.3291075
448,448,0.04135643,0.012617886
136,136,0.010007089,0.90379775
891,508,2.0313106,0.44519907
838,838,0.3208096,0.37133926
873,873,0.1448147,0.12708294
338,173,2.864493,0.26263195
738,904,1.6934111,0.68550444
555,496,3.691474,0.17517367
327,146,0.47657293,0.84329563
263,263,0.36685252,0.6830981
71,71,0.014112642,0.95873183
382,382,0.4649522,0.073322
429,429,0.00786143,-0.00019711256
714,714,0.0010139364,0.0090152025
663,538,0.78485984,0.8088181
498,498,1.5922832,0.5208373
653,982,2.464764,0.32344365
583,583,0.009728468,0.13206935
473,473,2.9594753,0.1631603
722,722,1.4643812,0.46302378
818,581,2.4228487,0.43103957
605,590,1.7398517,0.44033313
234,150,2.8737626,0.3919411
70,70,0.5573201,0.87662363
82,82,0.7104372,0.8763952
770,770,0.1555998,0.9355346
393,393,0.014357805,0.1548956
985,985,0.06618185,0.048116088
42,66,1.8766315,0.5314993
465,465,0.039971564,0.02006483
565,820,0.8351199,0.3693303
393,393,0.40142745,0.07723045
822,822,0.06311837,0.046693206
220,219,0.74328154,0.15926513
523,707,3.5014133,0.3450426
975,649,2.0411043,-0.0927127
534,534,1.2192225,0.5989506
147,852,1.4752452,0.79465663
