predictions,labels,entropys,plpds
546,402,0.5708446,0.71343285
529,529,1.3521128,0.5201414
464,530,0.60601443,0.81796926
975,978,0.055019025,0.027404547
596,596,4.504705,0.12687819
357,81,0.66011655,0.8421616
167,167,0.8044189,-0.31869876
365,365,0.11960145,0.98175526
738,811,3.0225744,0.3203709
73,73,0.28319702,0.022568166
481,481,3.0805542,0.2897824
783,783,0.032956846,0.0046445727
843,843,0.1310085,0.34824574
752,752,2.3490095,0.39744866
73,74,0.33060104,0.7727527
273,273,0.117081955,0.822593
291,292,1.576442,0.61067414
515,870,1.14823,0.71004003
294,295,0.43700886,0.8143973
257,257,0.15157965,0.96455556
491,491,3.101428,0.29770732
148,148,0.012193846,0.0027359724
107,940,4.312323,0.21149719
482,482,0.2712943,0.09065664
696,653,3.7227476,0.19688946
889,889,0.3801607,0.9255924
939,943,1.8919609,-0.16781342
970,970,0.13545656,0.024782658
405,405,0.001223601,0.9931683
526,526,0.9999633,0.45605898
84,84,0.15291053,0.8509173
716,559,4.5930886,-0.09744328
225,225,0.015881594,0.02101332
653,401,3.146754,0.025325298
332,256,2.6002064,0.31277198
13,13,0.010911716,0.1522252
481,481,0.10869244,0.8952272
487,477,2.064235,0.39764994
854,694,0.16095832,0.17888737
602,602,4.8384104,0.10159385
141,141,0.010537999,0.008377075
299,299,0.06771493,0.60616875
850,662,3.0416555,0.41370293
923,923,1.3102155,0.70044184
31,31,0.5022926,-0.03016603
407,734,0.36793357,0.15181446
386,386,0.4650486,0.8452211
188,203,2.0426025,0.3368872
546,546,1.8290201,0.6201012
85,85,0.03225249,0.110131085
293,288,0.28968894,0.025937974
357,357,0.13692948,0.9830441
602,602,0.78839415,0.4910614
975,405,1.3169063,0.44593358
249,270,1.0505048,0.14061934
599,599,0.06656767,0.11029339
874,874,0.071939364,0.15356952
822,999,4.322906,0.026472501
250,171,1.7669506,0.33880535
719,842,2.5065427,0.4617634
156,156,0.29401985,0.30828565
542,767,1.7020651,0.6248219
258,960,2.1963904,0.39016587
815,815,0.11186205,0.9170527
