predictions,labels,entropys,plpds
18,18,0.0019642948,0.0010892749
669,669,0.11479916,0.9795577
12,12,0.017527882,0.97808856
509,467,0.92588496,0.30784145
682,682,0.96081346,0.6770628
863,863,0.007377029,0.00028908253
759,759,0.41261068,0.8764794
965,965,0.030099941,0.9001877
720,720,0.025801308,0.87073195
630,630,0.1853406,0.05063528
290,288,0.44052103,0.051688194
780,780,0.054286964,-0.0036806464
181,181,0.2013946,0.95024633
342,342,0.174275,0.06970012
215,215,0.1631783,0.67089105
670,491,2.728109,-0.5047945
460,741,2.0229392,0.30894676
70,78,0.025688123,0.17742032
75,75,0.35220456,0.092110336
328,328,3.341682,-0.7424158
478,631,3.1550286,0.41334745
191,191,0.35576776,0.015189052
828,828,0.050290376,0.96159804
136,136,0.005549481,0.00017797947
333,31,1.1297548,0.84446406
999,999,0.6920556,0.6357884
97,97,0.004841211,0.03343928
344,344,0.0065264134,0.0076040626
291,291,0.0071210624,0.17557156
293,288,0.7813107,0.3674628
51,501,2.1079094,0.47539595
687,687,0.066975474,0.9530137
885,885,0.37539652,0.07861221
250,269,1.3974574,0.4965927
707,848,2.6979837,0.31741315
849,849,0.12026431,0.9781488
269,269,0.23409978,0.9102066
547,547,0.013508163,0.29095834
10,19,0.17992932,0.96292615
721,721,0.037009463,0.99645257
543,543,0.1772855,0.95260227
678,678,0.02380894,0.9960782
903,903,0.02006184,0.64514565
710,710,0.7748642,0.66253537
907,907,0.6386009,0.55115074
891,810,0.2471132,0.9443038
899,725,0.5742361,0.76233256
93,93,0.0025574286,0.042119324
93,93,0.006003536,-0.00029963255
40,40,0.837566,-0.06669378
19,19,0.0007131016,7.081032e-05
978,449,2.227233,0.2671715
517,517,1.0378429,0.50771236
338,338,0.01854766,0.9030861
947,324,2.6379275,0.41355672
44,44,1.0654695,0.47517836
63,63,0.023026317,0.80775785
576,576,0.032779664,0.9957161
660,660,0.21267655,0.76462543
903,903,0.38896656,-0.028588116
27,27,0.69872636,-0.30020177
421,421,0.02207263,0.98629946
698,663,1.6604003,0.5366159
56,56,0.022705851,0.0018875003
