predictions,labels,entropys,plpds
515,515,0.011596888,0.0032216907
29,29,8.197325e-05,0.0002860427
194,194,0.39718047,0.8397039
479,479,0.05367604,0.41258085
997,997,0.4805853,0.71745
315,315,0.0032277429,0.000895381
950,950,0.00062152406,-1.8000603e-05
855,855,0.020539904,0.095658064
511,511,0.7265204,-0.21278882
388,388,0.0016435676,0.8916825
207,207,1.3233962,0.68193376
754,593,0.7660445,0.87252766
286,286,0.02956007,0.37491328
864,817,1.0952492,-0.25526297
927,927,0.00041988073,0.034225762
404,460,4.042153,0.18122321
833,833,0.0031006131,0.9992284
48,48,0.10857263,0.6384611
412,827,0.6794726,0.87439376
164,164,0.29543296,0.10247511
265,265,0.71390957,0.6099237
906,834,0.44967172,0.83003217
211,211,1.3172619,0.61049414
280,85,0.8972405,0.83063257
497,497,0.74210125,0.43453714
722,722,3.4875977,0.19795229
569,864,0.07595932,0.5047466
385,385,0.20547728,0.7774304
264,264,0.030529087,0.18006724
420,420,0.19907576,0.9813821
613,613,0.02091755,0.969977
180,225,2.6456232,0.18013309
644,948,0.9416194,-0.063343525
671,671,0.027761843,0.007959187
142,142,0.058561504,0.8167544
100,100,0.0007550645,0.00016993284
545,545,0.0058343466,0.19438142
893,893,0.061117057,0.0019652843
494,442,0.16390929,0.56662774
38,38,0.0021297932,0.51836705
542,623,1.6090832,0.46820086
590,590,1.3611944,0.18233919
788,860,2.7310252,-0.050252587
959,959,1.030746,0.8695123
883,883,1.0192772,0.7388559
703,754,0.17797822,0.98098874
936,938,0.021524867,0.13924861
243,243,0.0196171,0.30449164
342,342,0.2704275,0.9362472
148,148,0.0011345387,0.0073412657
122,124,0.9318118,-0.13814181
218,218,0.37011647,0.3042748
350,350,0.00049827,0.00601995
609,609,0.5910411,0.76792437
515,880,1.4597111,0.7691057
713,713,0.0053038388,0.048805356
227,227,0.46186712,0.9133505
194,194,0.16487631,0.8947379
225,242,2.0103095,0.36472934
538,538,0.030087862,0.7884498
793,655,1.2215868,-0.06332773
478,904,2.5449092,0.46003878
621,621,0.025359895,0.896418
742,664,2.3080282,0.35563722
