predictions,labels,entropys,plpds
383,383,0.030850964,0.020188808
79,79,1.0720406,0.3874427
289,289,0.097916976,0.45860165
432,432,0.052554555,0.6268324
631,585,1.0819663,0.6453453
337,337,0.053280864,0.99373144
41,41,0.00672409,-0.00034070015
3,2,0.04808398,0.25515467
83,83,0.00042853004,0.01876551
640,640,0.0037616272,0.9770412
227,227,0.093284816,0.50347257
284,284,0.00056735624,0.00084763765
540,540,0.0132318465,0.050245702
95,95,0.00034111246,0.027837396
794,636,1.3671212,0.44856584
833,833,0.0009605843,0.06369442
563,563,0.014954256,0.9906228
361,361,0.07776941,0.8266458
476,506,0.81082547,0.7569561
653,653,1.1126189,0.6193616
485,754,1.1277194,-0.008775473
328,328,0.029175723,0.98200935
409,428,0.75287986,0.8992834
59,64,1.0463922,0.6068856
606,844,4.494459,0.120434426
680,434,1.1261797,0.65486
204,266,1.4911239,0.32024622
299,299,0.012945376,0.37714034
168,168,0.33798555,0.61034906
213,213,0.056453507,0.6832272
916,922,1.3311397,-0.110444546
302,302,0.09499914,0.97807556
510,510,0.0061223092,0.26138747
542,542,0.74982023,0.38866508
785,193,0.5275201,0.76812327
501,501,0.22113396,0.9629193
524,524,1.8758345,0.5524669
343,343,0.019541822,0.9960195
870,870,0.38373291,0.9240992
445,639,0.5289655,-0.103230596
543,543,0.4167716,0.9069125
217,217,0.24158266,0.78140867
554,554,0.38869768,0.76494867
697,697,0.020283828,0.65121454
814,814,0.010017554,0.032288194
259,259,0.19991878,0.8929044
380,377,1.403996,0.6457697
498,860,2.326767,0.43644103
574,574,0.0027885046,-0.00013524294
993,993,0.0007047061,0.00034707785
662,662,0.08792726,0.79332834
107,107,8.9638546e-05,0.0011619925
304,304,0.11338449,0.41749483
759,745,0.7131041,0.14332896
98,98,0.0006849263,0.00083714724
959,935,0.18428615,0.10451537
295,294,1.1253796,0.7854316
439,439,0.0011955517,0.0188874
604,604,0.00015656935,0.00045895576
471,744,1.0533462,0.46023738
43,43,0.011169242,0.054932
654,654,0.05958186,0.5143086
902,585,0.37935767,0.5363396
938,938,0.0011691349,1.013279e-05
