predictions,labels,entropys,plpds
1,1,0.0013403621,0.22673476
0,0,0.0011373856,0.0011540055
4,4,0.77530134,0.50338346
3,6,0.2588913,0.9401084
0,4,0.53627825,0.81835324
4,2,0.0005958221,0.99742585
9,9,0.00010837868,0.013443887
5,5,5.2866904e-05,0.028295696
5,5,0.66896904,-0.30587184
4,4,0.0023122234,0.9989468
5,5,0.0060604447,0.6211936
7,7,0.65848553,0.64167047
6,6,0.00031942586,0.085020006
8,8,1.3715569e-05,0.00038063526
1,1,0.00022582142,0.27279168
7,7,0.062298164,0.9886457
