predictions,labels,entropys,plpds
294,294,0.47442567,0.30152994
407,705,2.8767476,0.2008032
637,637,0.86352414,0.8610166
272,269,1.552291,0.23035362
818,818,0.21811041,0.51523924
978,460,2.3713388,0.31575772
319,319,0.44865358,0.09989059
293,383,3.9524362,0.17729913
328,949,2.1680086,-0.03708303
275,63,4.1176634,-0.69778067
92,92,0.20627995,0.07551855
891,891,0.28661162,0.9192786
946,946,0.19104722,0.8690905
43,45,2.8763313,0.36149362
860,424,2.9427125,0.1970803
303,300,1.4993415,-0.26290047
878,878,1.1940881,0.47598112
528,528,1.4201193,0.52092624
822,822,0.1610632,0.13238132
350,350,0.156084,0.3659287
328,690,2.292761,0.6974686
568,233,0.7540934,0.5610571
842,433,4.5643883,0.1089858
272,271,2.1209621,0.57177573
384,951,1.4640758,0.3904888
554,554,1.4881282,0.7254936
419,121,3.9927106,0.13435927
718,540,2.3588796,0.56212974
729,729,3.1518078,0.2883324
738,730,3.2803798,0.33741444
300,300,0.3190847,0.96130985
112,115,1.7101628,0.4416373
881,881,0.278094,0.90135694
426,861,3.2247918,0.24955773
886,921,0.44324297,0.15167952
436,436,1.5359919,0.6068061
457,424,1.7090962,0.70754385
361,361,0.24620046,0.35425323
271,271,0.23730081,0.38076562
633,52,2.3905053,0.6212461
283,286,1.8123779,0.56333405
449,842,3.748845,0.22810864
461,819,4.0227313,0.07198417
128,128,2.9058194,0.4766444
508,508,0.9401778,0.8193151
34,66,3.374363,0.3123712
328,122,3.5068812,0.4301904
884,873,2.5396986,0.17881018
897,861,2.9483883,0.34871542
134,134,1.9031789,0.50334036
328,649,4.0191727,0.1855915
328,321,2.740296,0.30105048
785,686,2.2043123,0.47503665
574,574,0.1391336,0.428976
779,779,0.18605068,0.8199835
794,794,1.3329831,0.80889064
620,681,0.73256326,0.84414804
124,124,0.5566969,0.3695433
154,248,1.6597183,0.62401396
889,889,1.0288663,0.20429897
441,441,1.6515191,0.7481391
990,990,0.27758408,0.04507345
948,948,1.9136388,-0.19445413
426,426,1.0713408,0.5104878
