predictions,labels,entropys,plpds
685,685,0.08341263,0.08531052
47,47,0.25747603,0.69782686
271,271,0.089143775,0.015187621
12,12,0.2170907,0.52139574
863,863,0.1847199,0.099868774
885,837,1.954076,0.13806821
677,677,0.46651274,0.8957684
346,346,0.09654443,0.27234608
236,165,1.5044023,0.36280772
440,767,2.2037332,0.378321
80,81,1.475776,-0.20905966
204,204,0.9405159,0.6225242
342,342,1.4140863,0.47422794
749,477,1.300171,0.69423705
975,124,3.9381666,0.3065614
608,414,2.4548523,0.2603119
380,377,0.89607596,0.13959923
782,485,1.6917725,0.04804027
989,428,2.5965712,0.10236001
214,214,0.4474603,-0.04895073
219,185,2.7695382,0.3539028
429,429,0.07438356,0.43492377
715,715,0.8053086,0.7658584
478,804,3.0088742,0.17527053
838,836,4.1828938,0.098008156
51,51,0.16647792,0.16992396
651,860,3.1639009,0.31452945
629,629,0.0431663,0.004835844
523,523,2.628468,0.31950957
840,840,0.7685526,-0.0398255
687,687,0.94296217,0.81741947
754,754,1.7880193,0.2977526
175,175,0.18533558,0.6157646
450,450,0.21361831,0.114002645
543,543,1.4304067,0.71620804
473,740,2.213843,0.49575028
661,717,0.5180445,0.9228693
718,839,1.0835173,0.74885106
7,7,0.11734292,0.0103802085
363,363,0.10829663,0.6646453
901,901,0.09155453,0.84541684
157,169,2.537906,0.38805878
78,78,0.08838811,0.9172179
108,108,0.2586925,0.05256343
437,437,0.34268498,0.04643631
94,94,1.3406143,0.76578593
388,500,1.5908775,-0.106641114
859,859,0.059170928,0.99139804
801,801,0.058538992,0.040035367
87,87,0.0984503,0.4424246
467,467,2.0808792,0.18836197
381,381,0.20910168,0.24199313
881,881,0.32943818,0.9416348
794,794,1.2934513,0.4472294
214,214,0.0734717,0.6547706
387,140,1.9642608,0.3780459
975,576,1.2204671,0.7079525
975,807,2.059337,0.32877135
43,39,2.0664513,0.10068068
617,419,2.1542997,0.36546478
339,339,0.10849812,0.040832996
483,405,3.0224447,0.3663802
112,112,0.6196499,0.88766706
87,87,0.53698087,0.93475246
