predictions,labels,entropys,plpds
488,53,1.4092107,-0.45881426
2,2,0.0711865,0.02736634
369,369,0.1305393,0.036774814
234,214,3.9941206,0.3183194
791,791,0.13988256,0.58187
425,425,0.07018572,0.0120584965
545,545,0.06693652,0.19286805
587,587,1.1677039,0.43178833
852,852,0.13370132,0.72576505
281,287,0.6186977,0.25322562
451,451,0.09280269,0.5876948
626,710,0.2259458,0.9720665
240,240,1.1430142,-0.16815609
426,426,1.0438118,0.60204905
958,958,0.086516485,0.9486645
988,994,3.289669,0.2997727
128,128,0.13778436,0.9779327
659,659,0.050222352,0.012781084
292,292,0.79380125,-0.34694898
693,693,0.691249,0.77875847
897,786,3.39193,0.3511171
235,235,0.0218925,0.33223522
16,16,0.07477078,0.24008512
422,422,0.13579872,0.8591935
4,4,0.1515945,0.71887636
733,733,1.3847363,0.66663736
122,122,0.30219325,-0.020008922
918,918,0.13175705,0.21659243
46,46,2.7130032,0.11446999
687,687,0.19297425,0.9772316
955,955,0.08309059,0.98402035
504,855,1.8018644,0.3799659
560,560,0.30852294,0.8269674
676,237,1.3382497,0.2813428
573,870,1.0303924,0.11651212
96,96,0.032209143,0.005942762
847,408,0.9095141,0.20917991
451,451,2.3161473,0.5662841
966,441,0.87437147,0.36624607
820,820,0.25452697,0.13015008
83,83,0.4048068,0.22433245
732,732,0.92759126,-0.12390876
523,728,0.2617073,0.3281666
810,810,0.5591924,0.34345204
807,879,2.2904582,0.33417287
417,417,0.075707525,0.00576663
354,354,1.0988895,0.745028
50,141,2.7075586,0.40796146
755,755,0.109662145,0.37227136
462,462,4.742594,0.1337242
457,457,0.065535545,0.98176765
879,879,0.11956426,0.98529667
879,714,1.4374464,0.5562347
782,481,3.065236,0.27776244
568,501,0.056382388,0.9906636
330,330,0.56365335,-0.09926587
923,923,2.6866448,-0.043367863
765,756,1.7485371,0.4624366
383,383,0.5933813,-0.011041343
421,421,0.16577299,0.75675654
506,828,1.461532,0.76957744
372,370,0.32950127,0.6998768
896,896,0.28903088,0.952041
541,907,1.2416264,0.7101351
