predictions,labels,entropys,plpds
122,122,0.42892778,0.91569275
577,545,4.3816833,-0.58041954
179,179,0.47920692,0.9154344
532,398,0.07722284,0.98742753
558,787,4.104184,0.15241936
930,961,0.095735595,0.15834534
426,426,0.39372373,0.15444869
426,426,0.059807673,0.16613805
971,838,2.206676,0.26308212
490,490,1.4960352,0.17429033
574,574,0.037118293,0.0013254881
114,114,1.9478941,0.43077683
497,497,0.146548,0.9726719
368,368,0.4695374,0.8999361
63,63,0.6384804,0.9018608
399,608,4.0154057,0.11808441
726,726,0.1762175,0.68561256
809,521,0.9098849,0.82319415
384,384,0.9778403,0.0029000044
319,319,0.17032531,0.010882616
902,902,0.63346773,0.23372048
513,513,0.5374404,0.74950093
909,909,1.3189005,0.530647
448,23,4.762721,0.108459346
637,703,1.3568114,0.74781036
889,889,1.8576742,0.60056573
854,539,4.2523913,0.20641601
140,140,0.091242746,-0.00078839064
328,381,2.9008508,0.33591825
899,695,4.1437435,0.16016032
654,654,0.31331956,0.92160535
519,410,2.001347,0.40095872
369,369,0.30864263,-0.0019989014
849,505,0.14872935,0.022149265
64,55,0.4274754,0.07105464
239,239,0.27564275,0.35933316
465,465,0.7222885,0.7281727
851,782,0.12695819,0.44378054
115,110,0.43082887,0.844227
794,896,0.4008917,0.055207312
292,292,0.49427646,0.6852435
955,956,2.562389,0.46177974
893,446,0.83847785,-0.25287312
172,151,1.0986552,-0.24726874
281,282,0.7880647,0.5756766
521,521,1.2606498,0.7716419
525,718,1.0630766,0.6226079
456,456,0.35864955,0.9598268
824,414,2.9686408,0.39877456
90,90,0.17956182,0.043282807
641,889,2.025583,0.5351168
751,569,0.9344746,0.49424675
117,930,4.065406,0.25593734
427,427,0.7801703,0.72784907
17,17,0.04755983,0.005415559
374,375,1.1527101,0.34955633
855,855,0.09278708,0.2053988
721,721,2.8664331,0.2800425
243,243,2.2491555,0.3351234
546,546,1.1442287,0.80973107
795,795,0.41750944,0.11385751
367,367,0.08645601,0.025465548
328,397,0.2500688,0.9359472
772,772,0.06937877,0.9876148
