predictions,labels,entropys,plpds
810,739,4.1172695,0.19410144
840,840,0.035343394,0.0043370724
469,666,1.7912271,0.5544368
926,926,1.9004582,0.5726755
904,859,3.6322374,0.043494776
254,254,0.06334863,0.9942203
188,158,1.6812217,0.5376355
232,232,0.53275836,0.16474807
601,578,1.8544285,0.46098685
462,849,2.1852188,0.46273315
948,949,2.298561,0.5297529
31,31,0.16787171,0.20374894
760,553,1.4341807,0.5933086
305,305,1.2938445,0.62477934
952,952,0.09769654,-0.00027656555
942,942,0.2240565,0.0019541383
11,11,0.119319186,-0.0009148717
884,884,0.41342038,0.8836106
579,579,0.16498077,0.7836103
239,239,0.12726961,0.97954714
443,443,0.7839144,0.664892
955,953,1.5263512,0.42033917
223,223,0.35412848,0.9284119
737,737,0.47920275,0.8591104
225,225,1.1093458,0.49342015
956,990,0.14830811,0.7606875
123,123,1.6655428,0.34110156
136,136,0.02319157,0.030190527
931,932,0.8180818,0.4145826
353,353,0.13363162,0.40826404
947,997,0.5793647,0.37771374
570,635,4.4476366,0.12763155
436,864,3.850108,0.15084822
244,244,0.19868198,0.96972054
404,404,0.08735917,0.027556002
236,236,0.3755717,0.79409933
999,648,1.1024613,0.531923
62,60,0.73355913,0.2555527
778,778,0.87641925,0.67993456
528,528,0.2702671,0.9732924
900,900,0.027471332,0.0034924746
328,118,0.12701054,0.9851038
704,704,0.32070577,0.966929
441,441,0.06293137,0.03372401
852,852,0.24452305,0.016147196
570,570,0.6856868,-0.068170905
45,45,0.64517856,0.9007513
600,611,2.5950818,0.5902503
392,392,0.036147013,1.31726265e-05
713,713,0.7660005,0.66712517
411,411,2.4871826,0.5610022
668,668,0.07911898,0.016999781
909,964,0.80626357,0.09425181
871,871,0.45645803,0.91285497
791,790,0.7917519,-0.3546443
956,956,0.95275265,0.81734383
396,396,0.12293317,0.002876699
619,619,2.0513444,0.45576537
481,587,3.172609,-0.058114678
540,540,0.78814614,0.8287194
263,263,1.634497,0.037414193
790,790,0.65519786,0.7720163
646,646,1.8992435,0.49914867
51,51,0.04254704,0.4745161
