predictions,labels,entropys,plpds
632,632,1.6028124,0.10398257
328,949,0.7953658,0.21665749
720,815,2.5308008,0.37492403
38,38,0.07135174,0.047382176
807,807,0.040193826,0.046719432
195,195,0.30374938,0.31470865
474,735,0.6269679,0.19802332
531,531,0.1571257,0.002256751
360,360,0.12742302,0.69739485
780,554,1.6048688,0.56321293
881,881,0.632279,0.6043271
94,94,0.5471338,0.23179734
96,96,0.27381125,0.27689946
334,106,1.8686504,0.3100569
596,596,0.041167572,0.039940476
178,178,0.2333373,0.9607989
86,86,1.3346021,0.41835657
845,845,0.04417092,0.944931
561,561,0.14566314,0.86686015
496,496,0.9970472,0.5269137
949,949,0.035945497,0.0004428625
279,190,1.5973774,0.68610454
898,898,0.8153931,0.4662209
80,18,0.9215236,0.69996125
28,28,0.1817515,0.026614845
753,753,0.10727206,0.29013556
776,447,2.0756936,-0.63130647
802,665,1.6227479,0.45471063
533,533,0.27933696,0.95581406
177,177,0.038504735,0.9801935
419,419,0.12535067,0.015678167
149,149,0.03531114,0.95056105
238,238,0.81922776,0.83258903
886,584,0.28156143,0.6354717
263,151,1.8696278,0.34879562
637,637,0.03559207,0.008400738
783,783,0.09277287,0.016565025
220,219,1.6026465,0.6198087
46,39,0.5401541,0.49700198
983,983,0.03345967,0.006747842
393,393,0.8221051,-0.13335884
649,649,0.058916934,0.34444314
732,732,0.1433337,0.9847594
802,802,0.08445296,0.004566252
834,834,0.37350005,0.9147701
245,245,0.030954087,0.9752336
117,67,2.2308908,0.44541928
328,824,1.8824766,0.41396633
560,560,0.074905135,0.13629287
92,92,0.07333706,0.0018571019
15,15,0.05899217,0.06691021
464,464,2.4980695,0.55516607
524,461,0.7125926,0.83432764
885,434,0.5663544,-0.07337177
805,805,0.06399974,0.49332547
794,504,3.3903732,0.15063101
352,352,0.5054787,-0.07935953
738,16,2.113574,0.37723434
905,905,0.40371555,0.88936275
610,610,0.075506195,0.99296606
510,510,0.3216066,0.9201172
578,578,0.9833976,0.77550256
357,360,1.4408932,0.4496982
875,513,0.9160816,0.40370688
