predictions,labels,entropys,plpds
103,103,0.09051046,0.29547232
562,562,0.022909064,0.41301036
121,121,1.1262151,0.42537063
243,243,1.0757424,0.5343032
741,741,0.08356239,0.98761153
257,222,1.0158656,0.7842943
92,92,0.018131994,0.0011330247
508,810,0.5242761,0.045162916
328,67,0.6356522,0.7132288
809,809,1.3484572,0.54912543
422,422,0.24688748,0.96574783
870,870,0.49360532,-0.0977568
674,674,0.04768961,0.039720714
785,859,4.389304,0.08309048
256,256,0.058940515,0.913171
629,658,0.6474463,0.36935365
117,117,0.66254693,0.9104595
792,462,1.3714576,0.32394066
613,917,2.4268637,0.30645052
860,762,0.94023836,0.6839334
605,605,0.071032874,0.9856855
305,312,2.1690662,0.33523196
56,56,0.22430697,0.123116314
73,815,1.2842804,-0.34202224
398,529,0.754466,0.74609596
788,502,0.95242214,-0.18199599
43,43,0.28812563,0.09319121
12,12,0.5294591,0.2615751
901,901,0.032117482,0.95320123
727,727,0.03250188,0.08749038
362,362,0.066021174,0.031507313
824,824,1.5527018,0.38228402
596,758,0.66755474,0.7373588
93,93,0.12735538,0.4003966
385,385,0.8644519,0.20563304
425,425,0.07915664,0.6007216
215,215,0.018752139,0.64217633
886,886,0.1186894,-0.0048208833
723,868,3.933456,-0.028492883
912,912,0.09241602,0.25277126
43,43,0.27365217,0.93716675
650,650,0.038113583,0.3818937
218,218,0.1454556,0.031379282
247,247,0.046036292,0.036186278
802,802,0.09744337,-0.004696429
316,316,0.4974659,0.8812564
569,675,0.09753677,0.40645462
232,217,1.3429593,0.3400545
755,755,0.010983301,0.010890782
504,967,0.64543045,0.86935115
9,9,0.11193644,0.98654985
600,488,2.439471,0.4099534
793,433,0.6043991,0.41226178
30,49,0.80965894,0.26968718
676,676,0.12609576,0.91060424
661,661,0.13360988,0.9850716
553,553,0.97832763,0.6447062
739,739,0.13616821,0.48112535
988,988,1.9918972,0.5017163
669,669,0.26177567,0.9599486
946,944,0.66557944,0.6739813
707,707,0.106261685,0.98424757
421,421,0.023823999,0.012911558
151,151,0.095621556,0.5267589
