predictions,labels,entropys,plpds
437,437,0.040450554,-0.0023953319
362,362,0.21825759,0.36219996
593,605,0.29495838,0.049786806
898,918,1.9335555,0.39952466
9,60,2.2149024,0.43510103
281,281,0.38189852,0.0335415
972,972,0.40130195,0.00011771917
230,230,1.7033637,0.5007665
328,66,0.35763904,0.95965505
656,656,1.1123856,0.7579307
408,408,0.31410688,0.041021228
717,717,0.057545103,0.056693077
867,569,0.88524354,0.41557276
733,913,1.8764517,0.28654817
506,490,2.8948572,0.31947076
632,632,0.035500184,0.9326391
931,931,0.55496544,0.82413566
803,803,0.027116466,0.2905566
532,532,0.10660362,0.9081398
45,45,1.4880228,0.5586774
444,444,0.8691677,0.326315
406,406,1.3680341,0.48617035
362,360,1.4588736,0.72850907
575,920,3.6050098,0.2657758
911,966,3.7198956,0.17041458
733,488,2.558732,0.21664082
745,745,0.083927915,0.9910291
918,918,0.92132306,0.6876792
776,776,0.02234516,0.01917088
619,564,2.0429478,0.3160916
150,150,0.010187553,0.0076971054
469,296,1.1516528,0.7617406
699,501,2.8748336,-0.26866952
182,341,3.159758,0.19464278
852,852,1.3640171,-0.23527217
243,262,1.109637,0.5693551
867,867,0.31807238,0.8393421
184,260,2.725854,0.1424961
706,706,2.4777873,0.40248197
271,280,0.0408398,0.9954831
279,279,1.0438398,0.7635008
637,556,1.496731,0.76782864
328,599,0.38413814,0.9455843
111,451,0.24829197,0.41393298
627,627,0.36584324,0.6198631
791,743,0.16416663,0.010606527
741,741,0.5354628,-0.050423563
228,228,0.77541304,0.7799283
184,189,0.38547516,0.692744
138,138,0.11029316,0.94804215
25,25,0.7140006,0.32205242
328,959,0.24033803,0.634784
608,689,2.2408729,0.2981787
126,126,0.4993253,-0.044638157
547,547,0.23622298,0.9578812
52,60,1.7972186,0.3128779
396,993,1.5946543,0.49836975
993,993,0.034025576,0.004465103
241,241,0.91256607,0.28622732
909,809,2.1321728,0.41675824
341,341,0.065626636,0.00029700994
900,900,0.020781597,0.0044476986
907,907,0.44268128,0.60862565
767,767,2.2420032,0.48093885
