predictions,labels,entropys,plpds
585,869,3.68998,0.27954027
883,862,1.9942198,0.499055
400,400,0.33490658,0.5394628
299,299,0.4006666,0.8922005
307,307,0.088359416,0.005411446
561,569,3.1946983,0.25874683
609,681,0.14447726,-0.017069757
835,828,0.26762807,0.9653973
197,205,2.0417674,-0.0633688
144,899,2.2770636,0.39117178
843,7,2.3956184,-0.13223588
328,67,0.82399344,0.74571204
328,58,0.91879773,0.7876837
207,207,1.07335,0.09767562
855,855,0.05515464,0.26523602
279,279,0.11146455,0.86769015
213,213,1.5171809,0.40196848
330,330,0.5595647,0.8730864
327,490,0.5124141,0.18817014
739,739,0.07536046,0.015299976
955,955,0.13797015,0.15812784
616,616,0.26268178,0.95829433
667,667,0.110211775,0.9837188
887,887,1.5768487,0.6872341
779,654,0.042706437,0.0018527508
265,680,2.4686875,-0.16470817
77,312,0.4619363,0.9076843
843,843,0.18638363,0.9687914
982,982,1.5947831,0.5722722
139,139,0.013865524,0.03483826
302,302,0.23062666,0.77509385
237,165,1.3286104,0.26911324
187,189,0.15645483,0.7555235
297,297,1.8120255,0.6654771
527,526,0.6953424,-0.06742048
275,271,0.54985887,0.19921589
906,906,1.3149347,0.5776706
576,576,0.019144595,0.056842744
343,343,0.82594013,0.26645774
327,327,0.03072135,0.21555626
325,325,0.026859324,0.002655208
154,257,1.1846113,0.7243193
514,502,1.5720243,-0.32205015
347,350,0.10235147,0.9742975
330,330,0.21441479,-0.022706151
512,512,0.119696096,0.28776097
462,462,0.030160727,0.60346293
283,283,0.0228539,0.77479374
358,358,0.4255465,0.08328861
278,272,1.3458085,0.24265921
661,661,0.056662336,0.99185956
250,250,0.9631037,0.6305849
851,548,0.7047635,0.8859429
404,404,0.03759016,0.17683959
462,67,0.2694354,0.9560694
791,575,2.094351,0.49707016
65,65,0.043561883,0.0048531294
328,947,1.465288,0.7044327
943,943,0.069824554,0.025026083
534,534,1.7457278,0.39325777
899,899,1.4362891,0.42662433
668,668,0.081775256,0.30599946
115,115,0.06049898,0.034249485
355,355,0.005911757,0.45580703
