predictions,labels,entropys,plpds
491,345,3.6291733,0.34825435
447,513,2.5728312,0.2769779
662,662,0.025945794,0.18516797
519,677,0.9540823,0.6303313
612,612,0.043577913,0.54452926
723,723,0.0077522686,0.023635268
485,485,3.079011,0.24486905
36,36,0.70425946,-0.32165235
989,989,0.020982258,-0.001155138
232,232,0.44143978,-0.055227935
170,170,1.5339503,0.6140499
402,402,0.23128863,0.9573542
719,719,0.38703644,0.9356186
910,521,0.7229488,0.8676548
241,241,0.056574386,0.36302352
722,722,0.91423464,0.62732327
471,471,4.0362234,0.19041595
11,11,0.024076238,0.0033186674
46,64,1.5459427,0.34993562
761,480,0.2020296,0.1510284
239,212,1.7480286,0.43198133
62,66,2.3535833,0.1807805
270,270,0.38492873,0.91641355
215,215,0.05086039,0.6641145
421,421,0.061137427,0.19548553
727,727,0.008459888,0.03288865
555,705,2.7573411,0.38238567
360,360,0.13606894,0.039975464
499,499,0.0850815,0.28896844
91,91,0.0394886,0.8288164
232,232,0.2178033,0.3891914
710,597,2.1774046,0.30604032
349,350,0.67971504,0.5486779
328,410,0.012810148,0.9172221
457,501,1.0228584,0.63715416
609,468,0.113249496,0.5243672
191,191,0.015267761,0.0024802685
41,41,1.0713714,-0.20571864
152,232,0.77142465,0.828621
299,299,0.037609097,0.051816463
474,474,0.06965197,0.1689536
698,698,0.046786472,0.087346196
625,866,0.1363728,0.93299943
187,201,0.15475807,0.93896663
27,27,0.30179626,0.07301265
539,539,0.30752707,0.70977443
891,891,0.029190965,0.022004545
649,649,0.08274725,0.13527179
15,15,0.03864595,0.07670051
674,674,0.027916035,0.96748435
73,77,0.81570256,0.6437095
783,783,0.018109452,0.07116884
842,842,1.5384977,0.49125528
767,418,1.1718818,0.7138244
792,792,1.0284147,0.6533051
358,358,0.43794787,0.043388307
437,437,0.06412648,0.040903807
499,499,1.2138879,-0.2522583
584,750,2.3518536,0.449669
787,787,2.9925368,0.18820174
209,209,0.022250265,0.37430924
367,357,0.107982956,0.1896137
192,174,2.5335298,0.37668118
235,235,0.07111965,0.9747894
