predictions,labels,entropys,plpds
39,39,1.615173,-0.05018598
506,551,2.5831351,0.57059556
328,288,4.047592,0.1849746
616,199,4.0558577,-0.5402875
33,33,1.3105661,0.63606346
369,369,0.938151,0.19602466
441,441,0.9480709,0.0347839
281,282,1.1277996,0.30700108
154,154,1.1372046,0.59888405
3,3,0.3017147,0.24292314
328,390,4.4592385,-0.18518516
4,4,0.32630765,0.24199349
793,38,1.2916226,0.833909
699,850,3.6432943,0.3248799
420,420,0.3814875,0.72656274
744,895,1.3823519,0.409885
470,613,3.131298,0.36271614
36,36,0.5240164,0.85580325
832,832,0.46664166,0.95265853
540,540,0.689337,0.920028
542,542,2.3028135,0.29845065
669,669,1.4388099,0.8113984
659,659,0.3394051,0.45189106
765,788,3.4730701,0.051879838
108,108,2.3365335,-0.4006254
573,517,1.2545166,0.7614889
657,657,0.89444494,0.3764223
247,247,0.6239952,0.90469587
283,154,0.43072218,0.95149523
120,115,3.2545562,0.20765449
894,894,0.20713374,0.096744835
167,167,2.024781,0.43137994
728,266,3.5128455,0.4359205
961,961,3.104767,0.30645856
851,748,3.423149,0.2396669
545,51,1.4082627,0.6237875
328,38,2.1775956,-0.27855366
980,143,4.2005424,0.15420085
608,608,0.36307612,-0.0024703145
516,765,3.7501957,0.23221889
177,177,0.15710266,0.9821271
328,45,1.017324,0.75984377
255,255,1.8567796,-0.02002263
600,695,3.4549053,-0.040055096
805,844,1.6367649,0.5466566
775,731,2.9628716,0.3897428
738,738,1.8470774,0.74950165
125,125,1.1020682,0.7472248
385,101,1.0032585,0.64457357
899,495,3.1732867,-0.054919273
166,156,1.5473907,0.6993437
551,551,0.7911633,0.90520096
427,800,0.3693686,0.17368644
584,233,2.5895357,0.2949895
638,639,0.8601886,0.8083325
675,571,1.2908933,0.5239475
738,463,0.58414704,0.84256893
27,27,0.9971879,0.8694955
352,376,3.1366992,0.11462358
386,386,1.0278599,0.55789346
232,232,2.924839,0.3198109
323,323,0.6905639,0.6011789
462,288,2.200563,0.5725516
64,55,1.5380884,0.5995635
