predictions,labels,entropys,plpds
234,234,0.15895005,0.12826651
775,775,1.121842,0.009817064
236,165,1.3118196,0.14396039
469,469,0.036048822,0.4186533
502,502,0.08958706,0.006750226
627,864,0.6137244,0.8012897
756,756,1.6458685,0.33574665
709,709,0.28650373,0.905289
583,583,0.2105056,0.16385484
111,111,0.12656805,0.3970616
889,414,3.4410257,0.28368613
513,513,0.32232547,0.94620275
395,395,0.08150428,0.2906735
267,267,0.28266534,0.11737722
78,78,0.034047518,-0.0011500716
810,508,0.8112751,-0.021243215
278,278,0.75371695,0.36907297
953,953,0.23129423,0.74602693
850,855,0.58663136,-0.13931388
663,663,0.045016594,0.37000203
995,995,0.14792162,0.5295876
875,875,0.23316544,0.011310697
652,652,0.21862513,0.071587384
67,67,1.403702,0.56561565
138,138,0.027133225,0.31868166
722,722,0.08931117,0.017841816
701,701,0.5540306,0.56778663
534,534,1.37819,0.41716778
96,96,0.022095338,0.034478486
488,488,0.29207438,0.18611574
563,563,0.921237,0.28916126
387,387,0.06521456,-0.0008997917
284,284,0.08667537,0.06139052
51,51,2.9932969,0.46122426
122,122,0.0844682,0.008320093
342,342,1.2819445,0.70862985
662,848,2.0007708,-0.09012687
898,898,0.65547884,0.8633611
264,264,1.4907176,0.11670408
661,661,2.3702488,0.5193963
964,964,0.09077985,0.03381741
112,112,0.0126667665,0.03003639
864,864,1.9638028,-0.29506052
720,438,1.7482316,-0.37705967
486,486,0.13600543,0.92904955
490,490,0.8753814,0.27556115
166,167,1.4455557,0.5358967
950,950,1.1004319,-0.0719555
180,195,1.9673275,0.3228187
912,339,0.38900435,-0.06093949
783,783,0.050512902,0.0067486167
373,373,1.6462874,0.1781327
888,888,0.06014437,0.014351428
233,252,1.6510024,0.11817974
695,695,0.055780523,0.045171082
139,139,0.05607822,0.0032128096
99,99,0.078344196,0.024861217
195,195,0.58265334,0.6411925
104,104,0.09149483,0.7566853
768,768,0.08970008,0.0060720444
506,506,0.21198528,0.14796233
374,374,0.11309677,0.4651333
774,502,0.23316346,0.33148915
224,224,1.1201234,-0.3396958
