predictions,labels,entropys,plpds
981,981,1.0861194,0.4540719
363,363,0.5042461,0.016879797
756,756,1.1072044,0.074520886
468,468,1.0895197,0.5032947
289,289,0.71882343,0.2076562
600,600,1.391635,-0.034530282
429,429,0.67262626,0.040968955
90,90,0.59972763,0.34128004
483,698,2.0224876,0.3110465
494,328,4.283303,0.047650337
176,176,2.5868232,0.09936634
426,426,0.4081366,0.053119063
923,923,1.6650348,0.47811607
939,939,1.6326495,0.71473545
988,988,0.4327147,0.19735193
779,779,0.34731156,0.007102847
434,584,2.983892,0.5129551
0,0,0.58772445,0.027963102
153,265,2.0524235,0.09002516
544,544,1.031713,0.5095219
654,654,1.4718744,0.72470623
287,287,0.559341,0.09013587
245,245,0.15067612,0.46094084
693,693,1.1640612,0.0067469478
241,241,0.5820696,0.34553182
738,738,1.9443748,0.051914036
230,230,1.4977211,0.31961152
700,700,3.0984354,-0.047367483
48,48,0.7770816,0.898329
619,619,3.8701587,0.17253006
718,718,1.4033068,0.5083264
593,593,0.47367972,0.63433844
48,48,0.8995128,0.32095283
447,447,0.6147436,0.91868377
98,813,5.647377,-0.08095437
998,309,2.8025155,0.060397774
348,348,1.7744634,0.32347882
766,762,2.5285792,0.22167028
608,608,0.49487826,0.6959052
831,831,0.8434526,0.6230449
822,822,0.38630325,0.09812498
596,596,1.3831027,0.5695712
661,479,0.9187901,0.25292128
909,809,2.717181,0.22044249
685,685,0.39292186,0.014373362
63,63,0.47298834,0.40440726
575,575,0.53237927,0.018938184
925,926,1.212589,0.31433785
345,345,1.0445966,0.08359575
255,255,0.35925633,0.023472011
976,976,2.5859306,0.23927099
960,960,0.7300837,0.14290982
485,485,1.5125493,-0.05980444
322,322,0.55292237,0.0012045503
925,925,0.4256471,0.123034716
786,786,0.5342826,0.19359827
466,466,0.5642675,0.033645034
346,346,0.9207278,0.21371299
469,469,0.8358083,0.8949104
618,618,0.830119,0.79486805
139,139,0.6290637,0.03400731
78,78,0.46938843,0.026113153
419,419,0.5635179,0.048502803
13,13,0.6469648,0.020608604
