predictions,labels,entropys,plpds
795,970,0.77285254,0.41157013
425,425,0.10250295,0.26848704
447,447,0.33936974,0.9416316
666,666,0.02578213,0.03349465
79,79,0.59643936,0.74846363
44,44,0.21065393,0.20735043
179,179,1.1879654,0.57627475
768,768,0.03831373,0.002931416
109,109,0.49775484,-0.04293722
126,132,4.2289095,0.12886703
520,520,0.23016882,0.05093026
412,504,1.3929324,0.6882362
767,767,0.1074733,0.0024055839
524,524,0.33875945,0.04613495
448,448,0.1595254,0.36807418
956,956,0.015967906,0.014707148
180,167,1.8757961,0.39228347
524,461,0.5233564,0.060989678
246,159,0.96275246,0.25475365
410,410,0.16177827,0.012768805
523,501,1.8491153,0.5981963
481,481,0.26655757,0.045056105
793,793,0.034753002,0.014030337
799,860,2.522595,0.32385194
481,481,0.034458023,0.0041580796
474,474,0.98096466,0.6204884
752,752,0.5771657,0.030344784
466,466,0.1362152,0.9816899
778,943,1.9495918,0.044710934
867,867,0.2388348,0.090596795
27,27,0.49369603,0.23814654
669,619,0.31241196,0.96555567
760,760,0.18124944,0.76947576
62,62,0.30418977,0.016622126
702,702,0.46274278,-0.062610924
537,537,0.08738057,0.39847034
12,12,0.06519921,0.03134513
25,25,0.19075213,0.0015545487
361,361,0.005252517,0.0047174096
891,891,0.036199525,0.02843839
496,496,0.11768085,0.8177296
733,839,2.3669064,-0.22124854
496,496,0.09310832,0.12330568
964,964,0.39469397,-0.06525004
927,927,0.004833944,0.004167378
564,750,2.1274745,0.27297813
280,272,1.079961,-0.0002477169
370,370,0.3410627,0.41500872
346,168,2.6676784,0.37352818
876,876,2.0173178,-0.13777703
810,878,0.7219224,0.33324903
520,520,0.14907458,0.014153719
984,984,0.037989028,0.001974821
363,363,0.44068915,0.947303
562,562,0.113642,0.05880046
477,477,0.095925376,0.013772249
638,639,0.6823985,-0.0066646934
795,795,0.67558855,0.8365833
741,741,0.01530334,-0.00023412704
617,617,1.1311024,-0.09748709
390,390,0.096789144,0.15613961
372,372,0.08244315,0.6059716
351,351,0.08571495,0.0042295456
501,725,0.9757954,0.8494122
