predictions,labels,entropys,plpds
908,408,0.11493504,0.25950187
260,222,1.5680488,0.6407309
769,769,0.13547203,0.043690503
116,116,0.0068047037,0.030298233
288,288,0.3021208,0.8481575
700,700,0.15946767,0.0029639602
300,300,0.06596882,0.0011046529
401,401,0.022589022,0.055610955
866,866,0.12341247,0.015223801
121,121,0.22285652,-0.008234084
656,581,1.2245783,0.46114108
228,266,2.051105,0.3763441
858,497,1.165534,0.71703774
929,838,1.373109,-0.16582638
732,732,0.14323232,0.07779342
17,17,0.02152128,0.002949059
435,876,0.71617347,0.6072857
663,497,0.37029266,0.09286201
335,335,0.054545127,0.024161935
790,790,0.030688891,0.21279246
413,465,0.87998414,0.21372437
60,60,0.710872,0.6322214
729,729,0.07163493,0.92947865
511,511,0.13718148,0.23442817
861,861,0.022302438,0.41017187
48,48,0.49177876,0.9079887
610,610,0.03305481,0.023515463
87,87,0.0015521008,0.0009827614
448,448,0.26764834,0.7561738
498,464,4.104019,0.25595036
927,927,0.037215963,0.045059383
715,764,0.20272508,0.35770106
909,809,1.0387884,0.09360543
104,104,0.012066832,0.11256623
684,684,0.0068801604,0.00010174513
56,56,0.14927843,-0.0066528916
419,806,2.7027788,0.29937327
564,453,1.0174835,0.66485405
905,905,0.07030806,0.07560265
176,176,0.07499057,0.93237257
746,746,1.1052293,0.31346846
965,965,0.32951337,0.71033293
619,846,0.71662104,-0.27265972
81,81,0.8100629,0.4508066
516,516,0.66271865,0.69904333
385,385,0.53537446,0.5317358
222,257,0.7539526,0.106256306
633,633,0.47762066,0.10452503
459,728,2.9276714,0.2648347
124,124,1.1172012,-0.16749126
930,930,1.2614706,0.361725
739,739,0.008427283,0.026298523
435,435,0.65634924,0.18364537
0,0,0.0070604067,0.0043053627
983,983,0.04902114,0.006215334
923,923,1.0417296,-0.017488241
572,572,0.27866453,0.30316055
848,848,0.040480405,0.011074901
780,780,0.28929168,0.3011847
93,93,0.016757328,0.008166909
705,537,0.48365128,0.20385796
711,711,0.0105003975,0.1417982
649,649,0.10017784,0.71313167
656,656,1.0347414,0.75537044
