predictions,labels,entropys,plpds
152,152,0.16210353,0.89732975
435,876,0.707302,0.1547443
661,661,0.23222564,0.83605826
156,156,0.13619937,0.045211434
188,188,0.04135432,0.07618815
441,441,0.47124645,-0.052212715
780,780,0.15506017,0.043224573
347,347,0.040068712,0.012303114
802,802,0.08552263,0.014942586
407,609,2.5516443,-0.14263856
618,828,3.209368,0.27866662
981,429,0.10267638,0.089586854
658,658,0.016214471,0.17664891
446,681,0.6276307,0.905408
872,798,0.45183665,0.91688687
197,197,1.1677053,-0.053049147
566,566,0.03538984,0.038320363
366,357,1.7620869,0.5740151
152,152,0.09672924,0.0001155138
569,569,0.053628605,0.0049441457
538,538,0.25464106,0.8175897
631,631,0.82197297,-0.06586355
826,409,0.40112194,0.5809809
281,281,0.91754216,-0.12509394
53,53,1.9153872,0.4658161
452,452,0.015596033,0.077319086
855,855,0.0023288033,0.0054832697
871,871,0.6322493,0.71492565
411,411,0.27801564,0.8406435
919,919,0.010094992,0.00012636185
50,50,0.20676576,0.9582374
592,592,0.029472496,0.009178042
68,66,1.0746139,0.27216315
91,91,0.0730196,0.024222255
995,995,0.026458004,0.036984682
815,815,0.0895728,0.0041093826
668,668,0.0073237293,0.0048080683
149,149,0.0052051647,0.0011665821
974,974,0.012673945,0.0058138967
108,108,0.011815225,0.0017554164
146,146,0.013946414,0.061909318
775,775,1.1283522,-0.16588682
313,313,1.5060458,0.61976457
788,624,0.97897923,0.65803736
632,598,1.8095632,-0.43717462
574,574,0.00050346274,0.00015753508
880,880,0.15143003,0.39504468
668,668,0.010288142,0.0039891005
901,901,0.81277716,0.34943807
216,216,0.08265853,0.12201607
316,316,0.028099656,0.28253752
398,398,0.015576644,0.0011593103
254,254,0.0469522,0.006177962
319,319,0.047290023,0.00085395575
566,566,0.02334192,0.015608013
354,354,0.00448545,0.0011072159
41,41,0.004327911,0.0016765594
60,61,0.68278885,0.8176022
808,808,0.022923533,0.88921475
443,443,0.76091194,0.89891446
442,892,1.1577554,-0.28022087
780,914,0.099944144,0.15071815
132,132,0.16162586,0.28625137
278,278,0.72613233,0.40662372
