predictions,labels,entropys,plpds
635,635,0.06421812,0.6410814
350,350,0.88247716,-0.09930885
788,788,0.008640436,0.0022721887
102,102,0.027699327,0.008502662
970,970,0.03252912,-0.0013397932
568,568,0.037524775,-0.0024288297
211,211,0.033527423,0.25669444
568,735,1.3337576,-0.35897046
731,731,0.084140874,0.21815068
419,419,0.017739587,0.026231825
669,669,0.058353484,0.26578355
597,777,0.1605489,0.07169771
526,664,0.8753008,0.1358583
500,500,0.016986648,0.009334385
269,269,0.23238142,0.12291026
336,336,0.52013993,-0.098709345
890,890,0.07247881,0.45071352
624,740,3.508325,-0.5899081
230,231,0.7816947,0.2998473
926,762,1.3533638,0.5455441
607,607,0.0004904252,4.386902e-05
753,753,0.019359944,0.9943935
671,671,0.03698913,0.11278623
798,798,0.0159804,0.03998196
407,407,0.06228419,0.23704666
771,771,0.015227711,0.010487497
700,811,1.34742,-0.42353123
473,473,0.014667378,0.8020161
523,523,0.020005692,0.9258033
66,60,0.6245569,0.09277004
984,984,0.03155908,0.00028312206
86,86,0.31774113,0.04417014
300,300,0.019359957,0.005897939
221,221,0.017837174,0.0029728413
656,656,0.013655702,0.06745267
486,486,0.040917702,0.01230967
595,595,0.059628792,0.021066904
323,323,0.010142485,0.00019204617
561,561,0.005363957,0.22094345
121,124,1.135701,0.3435865
949,949,0.0055994345,0.00040388107
619,846,1.1750805,-0.13923925
640,640,0.5179829,0.018928826
216,216,0.025429366,0.17348772
490,490,0.72233015,0.007468939
569,569,0.060897455,0.0126616955
132,132,0.02920095,0.0078780055
150,150,0.037034422,0.11028516
454,454,0.47142833,0.4688538
682,682,0.029406149,0.75118303
732,732,0.031232486,0.0040285587
37,37,0.32237917,0.10684961
118,120,0.6840689,0.3102149
566,566,0.011609012,0.010021925
706,706,1.163357,0.42387825
554,554,0.017879147,0.015099704
74,74,1.0626153,0.35716736
207,222,0.33315548,0.92931944
620,620,0.7480366,-0.0286389
292,282,0.2545858,-0.008643508
32,30,0.7279523,0.43873188
145,145,0.0004968982,0.00026911497
835,835,1.4456196,0.043263078
171,171,0.44284916,0.65889764
