predictions,labels,entropys,plpds
265,153,0.82050645,0.5604609
969,969,0.15023288,0.074573636
897,897,0.5201295,0.72203696
402,402,0.18185535,0.08788109
528,528,0.017368058,0.027880609
267,191,0.12486619,0.9554157
15,15,0.019421859,0.008099198
395,389,0.5921902,0.8701594
898,898,0.70746636,-0.33855808
890,890,0.27284625,0.057002842
35,35,0.55001265,0.75308394
207,207,0.23246029,0.08338004
932,932,0.04062263,0.025961995
75,75,0.1502537,0.07893413
524,524,0.7487035,0.055413067
873,825,1.790441,0.502971
708,708,0.05513613,0.021060705
442,442,0.1804691,0.9311325
676,676,0.23569635,0.93629795
19,19,0.028672703,0.2982188
49,50,1.0833194,0.44077578
256,256,0.15531632,0.91655016
650,677,2.6940536,0.34666538
151,245,0.7477796,0.27818453
575,575,0.007087652,0.23646742
200,200,0.2118708,0.86507964
507,507,0.01802089,0.36314923
389,389,0.36073542,-0.02909404
266,266,0.7909068,0.47958153
955,955,0.0019460798,3.1352043e-05
129,129,0.16156659,0.69602954
102,102,0.017417032,0.03089726
369,369,0.33062923,0.10088092
912,912,0.9263592,0.45912322
774,774,0.013621475,-0.0006172061
404,404,0.7935223,-0.18772721
495,495,0.1402292,0.61629677
869,869,0.67793834,0.86181676
779,779,0.007208707,0.0030236244
70,70,0.8774179,0.58537686
72,73,0.8515272,0.45432648
534,534,0.26855642,0.64763093
529,529,0.0028726724,0.0020015836
171,797,0.97442454,0.706437
447,447,0.029614441,0.4225248
876,876,0.26666212,0.38183993
495,495,1.0002699,-0.19299948
476,476,0.15193664,0.25762725
515,808,0.6649413,0.55701435
579,881,0.40063882,0.1267069
332,332,0.06217033,0.6151898
153,153,0.86210835,0.81909245
502,502,0.086471066,-0.006086707
552,552,0.12515602,0.10723126
896,896,3.0853214,0.3710945
194,175,1.163008,0.5354685
444,444,0.039832897,0.074426174
268,268,0.03190594,0.7162807
94,94,0.06571974,0.009806156
422,422,0.15743935,0.4654343
64,55,0.1918684,-0.010056734
505,505,0.20236334,0.6898115
984,984,0.09632622,0.0019462705
746,746,0.00075376325,0.004024565
