predictions,labels,entropys,plpds
957,957,0.0066464143,0.00025433302
164,164,1.5939674,0.66670084
252,252,0.2012437,0.028822541
781,781,0.04293198,0.19391948
46,40,0.75289196,0.6004727
892,892,0.03227016,-0.0015169978
313,313,0.0898605,0.05571854
10,10,0.017034791,0.105986476
441,441,0.006430437,0.018423915
771,771,0.068509735,0.9365426
707,707,0.5499141,0.9279749
149,149,0.013771417,0.09529877
726,726,0.031116117,0.018206596
485,848,0.72768545,0.24580652
643,643,1.894975,0.27349317
703,703,0.5388411,0.8476338
4,4,0.018576855,0.39138836
339,339,0.45851532,0.005491495
698,698,0.10425488,0.20006919
466,466,0.009988491,0.0030037165
923,924,1.5440514,0.30835223
775,775,0.527449,0.8806429
246,246,0.9439703,-0.43590438
795,795,0.591809,-0.080875814
215,215,0.009173278,0.50808096
654,717,0.6388033,0.3193919
46,40,0.757119,-0.09746796
401,401,0.6207812,-0.107727945
854,854,0.008133419,0.0005751252
317,317,0.0015782278,0.01213783
739,739,0.0038129366,0.011526525
301,301,0.12899323,0.0018526912
477,477,0.83482933,0.44327465
775,775,0.0901234,0.37400407
263,273,1.3644638,-0.020705283
57,57,0.0069158482,0.00067925453
579,579,0.02202558,0.060099065
574,574,0.15129435,0.59583616
974,974,0.006775042,-0.00046634674
785,785,0.06954634,0.014770448
733,733,1.4245932,0.48680806
932,932,0.06398629,0.15686756
348,348,0.4522425,0.72620785
72,72,0.6799778,-0.2288742
872,872,0.056566786,0.99206036
515,515,0.33475155,0.045394182
816,816,0.0006799461,0.00057661533
417,417,0.27513003,0.59877574
326,326,0.36027572,0.0011182427
387,387,0.034200884,0.014622927
920,733,2.5052161,-0.058377147
774,774,0.25364667,0.09727889
570,570,0.02431424,0.6952165
610,610,0.6330574,0.3883125
185,185,1.7444134,0.43452024
907,737,2.0999794,0.33768144
862,862,0.64308906,0.8983338
187,651,0.12923285,0.16325974
703,703,0.008387449,0.041946888
333,333,0.0049545756,0.0031943917
322,322,0.030902743,0.01141572
586,586,0.024228206,0.007909298
253,253,0.04449527,0.022310078
356,357,1.0642875,0.13814744
