predictions,labels,entropys,plpds
449,449,0.6857915,0.4444752
342,342,0.6089684,0.056765735
488,488,2.6468072,0.44310287
326,326,0.6241712,0.02198428
949,949,0.13047877,0.018974364
382,382,0.96877104,0.05935806
469,461,0.57776827,0.8725084
618,618,0.22249109,0.97104007
220,220,0.25157487,0.027571797
105,105,0.2176986,0.026576638
75,75,0.9061685,0.004576981
670,670,0.50732476,0.22598672
518,665,2.2173462,0.29471698
70,70,0.21797419,-0.005227983
404,908,0.41580865,0.5337995
227,165,1.10103,0.8225805
796,796,0.19987394,0.19847989
158,237,0.766368,0.33292335
681,681,2.4876328,0.3630455
208,750,2.0561595,0.45628875
882,882,0.26782757,0.6493768
698,698,0.88753814,0.59010154
67,66,1.0786839,0.25987214
126,126,2.8962698,0.3255804
333,356,1.3916144,-0.12236059
316,316,0.5279723,0.88602597
613,613,0.95259714,0.883351
481,481,0.207693,0.54125065
262,262,1.0411094,0.71519804
829,829,1.0370269,0.39170343
558,558,0.30580646,0.19319564
415,424,1.797904,0.34628984
859,859,0.24459237,0.03642398
505,550,0.76040995,0.8830734
270,270,0.9080064,0.20613402
524,461,0.88306504,0.05796665
31,31,0.5929915,0.033274293
793,793,0.32432294,0.85629344
33,33,0.37678462,0.013617277
395,395,0.21262716,0.07416761
156,156,0.20785132,0.060473442
421,421,0.19834517,0.017553747
520,520,0.48387814,0.24893355
841,841,1.7969701,0.4973546
246,230,1.3547854,0.5915065
812,812,0.2963906,0.12710339
624,624,0.53584784,0.058345795
889,889,0.6022407,0.063847244
124,124,1.3587351,0.490525
543,524,1.9983921,0.2195645
461,461,0.673905,0.090242326
589,909,4.0932612,0.10952665
279,279,1.0692914,0.38862705
914,914,0.115933955,0.1286462
964,964,0.620406,0.88654757
783,783,0.13963933,0.0028999448
900,900,0.10350884,0.011736989
93,93,0.5784763,0.69407594
892,892,0.8236586,0.019379318
431,721,2.7981129,0.18403177
941,941,0.6309519,0.9235418
504,899,2.165465,0.33320484
45,45,0.40172598,0.7678082
865,865,0.6296095,-0.03950429
