predictions,labels,entropys,plpds
426,426,0.0623018,0.6487142
577,577,0.04134537,0.9932008
265,266,0.19711225,0.452397
561,561,0.0045274943,0.01986891
825,825,0.051387906,0.88272375
970,979,0.81069267,0.0705412
327,327,0.001307199,0.002597034
603,690,1.0137498,0.39568537
402,610,0.057584945,0.3563339
966,923,1.7377105,0.44876543
127,127,0.048030436,0.058529496
997,997,0.05214566,0.6428122
689,578,1.0953076,0.2848362
893,692,0.35123795,0.58578706
441,901,1.6607039,0.4892771
8,8,0.04030251,0.014377236
834,834,0.24494086,0.89387375
541,875,1.0134702,0.065626144
273,273,0.4183463,0.11551517
321,321,0.014520458,0.002700448
917,917,0.18267958,-0.030332744
39,43,0.8709786,0.53767055
333,333,0.040405855,0.3888538
995,995,0.0058831796,0.0017154813
177,177,0.11782511,0.038721383
579,579,0.64167243,0.2955171
788,788,0.15513206,0.010722399
231,226,0.21957688,0.079078734
779,779,0.0027333857,0.000620842
428,428,0.20018986,0.963362
206,206,0.95686156,0.23023292
690,345,0.19852403,-0.028350532
16,16,0.0056782416,0.0044486523
590,590,0.011005934,0.98697215
522,558,0.0786134,0.10824728
277,278,0.3245398,0.13659859
195,195,0.04696543,0.105383396
290,290,0.084518045,0.006719053
619,619,0.63474774,0.62409586
893,893,0.05784908,0.66066754
285,552,1.069057,0.10886139
42,31,1.465089,0.4932558
439,439,0.0069925734,0.002281785
943,943,0.47104618,-0.08950341
655,265,4.7744875,0.10223415
358,359,0.9600963,0.39039424
888,888,0.0070439214,-3.2246113e-05
720,720,0.21923272,0.37075347
321,321,0.25232887,-0.03018564
623,623,0.401132,0.4725723
819,819,0.010761738,0.008615911
689,474,0.15317108,0.9763657
249,249,0.18067424,0.0040607452
128,128,0.06293564,-0.0016524196
197,197,0.98212796,-0.19501817
895,895,0.03460193,0.04438716
893,893,0.25590008,0.9567792
329,329,0.03833092,0.9945218
730,561,0.7899481,-0.057603896
203,203,0.41697466,-0.03523773
369,369,0.65044284,0.68350697
294,294,0.0076892124,0.0044335127
191,191,0.055329796,0.020755827
506,506,0.0071572205,0.06285256
