predictions,labels,entropys,plpds
607,607,0.0016173383,5.9485435e-05
183,183,0.12529701,0.42914867
527,673,0.81535447,0.62555707
426,426,0.110121794,-0.01601839
19,19,0.00049072516,0.00053447485
401,417,2.3025413,-0.5213959
3,3,0.008086453,0.00605762
451,451,0.135899,0.34054345
812,812,0.017403286,0.22966444
950,950,0.08092131,0.0002693534
540,540,0.037555568,0.042284787
306,306,0.0050522983,0.026658297
222,222,0.08333941,0.7111773
196,196,0.8107374,0.7286372
752,752,0.011489632,0.0070159435
629,629,0.044019043,0.9927897
910,910,0.13636279,-0.01396507
257,226,0.23806602,0.38787818
927,927,0.0034341062,0.0067328215
404,404,0.020810056,0.99345183
614,614,0.008849274,0.0057274103
713,897,1.7093838,-0.5063851
301,301,0.049660243,0.018992722
91,91,0.018136159,0.03193879
217,217,0.06652146,-0.0011392832
60,55,1.3499702,0.17273803
191,191,1.1206002,0.36020783
823,823,0.012131009,0.0028842688
39,43,1.7732692,0.22160167
493,493,0.16668925,0.96855265
608,414,1.5391912,0.7082665
743,743,2.9027016,0.054691374
263,263,0.6957021,-0.121543944
571,571,0.59726524,0.82748216
991,991,0.11143799,-0.011119962
617,617,1.21151,0.67355293
349,348,0.6818295,-0.22468615
916,916,0.09627113,0.79312265
253,253,0.001551883,0.0024744868
722,722,0.07061747,0.99326295
975,646,1.5804331,-0.05680448
119,119,0.3091217,-0.031920314
86,86,0.55882704,0.0025536418
153,194,2.1348927,0.2411208
47,381,1.2602124,0.5114034
796,796,0.34750253,0.94887847
403,403,0.23849577,0.5872382
653,653,0.56239796,0.843949
175,175,0.09962824,0.89019024
52,943,1.8897829,0.31592578
923,923,1.1582499,-0.10182029
93,93,0.0039593494,0.80001056
420,420,0.05485396,0.009359062
275,275,0.037880354,-0.0023117065
901,901,0.002419763,0.0070504546
769,769,0.59908414,0.83951956
561,561,0.01337113,8.165836e-06
70,70,2.0439277,0.41335768
444,444,0.01918494,0.09162992
557,557,2.1627555,0.5031746
178,764,3.228579,0.38721183
43,43,0.011259848,0.050992906
219,155,0.016114952,0.02809465
476,476,0.0075769904,0.02140516
