predictions,labels,entropys,plpds
689,601,0.50393766,0.47201273
151,151,1.856273,-0.21981841
796,796,0.0542825,0.014170945
661,661,0.024454076,0.06715685
915,915,0.0067450646,0.012645543
439,439,0.021493042,-0.0007458329
196,196,0.09771096,0.07461578
870,870,0.009733637,0.40041047
697,697,0.016230017,0.30017507
521,521,0.7254034,0.7834613
67,67,0.14392975,0.02216971
578,578,0.9763508,0.78377986
887,887,0.44235814,0.2700144
957,957,0.00551085,0.00022768974
279,279,0.34517786,-0.050618947
975,525,1.1774565,0.54996544
399,634,2.8487134,0.49482417
275,275,0.040853947,-0.0031825304
389,389,0.011925581,0.00432688
75,75,0.018700471,-0.0018649697
945,945,0.0016152721,2.8848648e-05
392,392,0.013473252,0.0311293
956,956,0.0001907183,0.0021213293
711,631,0.2888507,0.46065634
55,64,0.5442404,0.23882776
845,845,0.027979368,0.016355872
184,184,2.4551394,-0.2652924
657,744,0.8334925,0.22094437
565,565,0.0004761138,0.00024324656
854,854,0.014754903,0.99451536
616,772,0.12861562,0.9701367
70,70,0.047041886,0.07149202
909,909,0.03608199,0.99681807
607,556,0.73460805,0.67252254
478,648,1.6891847,0.17548582
89,89,0.003987113,0.00061523914
50,32,2.1138577,0.0014838278
848,485,0.38553387,0.3172171
345,345,0.0075697685,0.0013180375
54,67,1.2854705,-0.24361324
520,520,0.006875146,0.005989909
166,164,0.9807543,0.45657206
61,61,0.041254986,-0.0024576783
928,928,0.0038719533,0.6606194
205,205,0.06040378,0.0031792521
235,235,0.096978076,0.05274135
795,795,0.21286318,0.034695983
924,924,0.010843316,0.0014925003
430,430,0.1350216,0.33972454
15,95,1.6697111,0.5127861
258,258,0.38404703,-0.056365192
574,574,0.0003952906,0.00033438206
821,821,0.34554213,-0.02856493
716,716,0.37457702,-0.0007302165
26,26,0.4687221,-0.09740794
196,196,0.58120775,0.1766308
506,398,1.4473443,0.29532412
978,978,0.8454016,-0.002530694
279,279,0.031417705,-0.0005697608
511,511,0.17359492,0.6163931
238,241,1.3405104,0.72918683
706,706,0.021025553,0.3309983
254,254,0.032443043,0.00742352
739,739,0.0022844472,-9.727478e-05
