predictions,labels,entropys,plpds
609,609,0.024023721,0.38713938
358,356,0.088291585,-0.010914266
641,522,0.33018434,0.85435116
88,88,0.001397163,0.000636518
941,941,0.009228821,0.004286289
129,129,0.012928351,0.0026717782
691,691,0.64532304,0.62031794
650,593,3.737948,0.28456292
669,669,0.0037217464,0.07655698
831,750,0.487017,0.50871515
805,805,0.00091154804,1.8000603e-05
537,537,0.02151998,0.6430095
659,659,0.0013533232,-6.6399574e-05
367,367,0.004024038,0.00062936544
140,140,0.012515778,0.002517581
245,245,0.065039545,0.3967172
47,47,0.011154249,0.010111153
93,93,0.0070364256,0.5688632
27,27,0.7597921,-0.114590466
495,495,0.0031679734,0.00028824806
231,231,0.46530548,-0.1322034
7,7,0.0820774,0.15111417
640,640,0.005038521,0.010817826
214,214,0.0075177336,0.7836225
770,770,0.35076022,0.7251104
792,792,0.8213565,0.7891115
15,15,0.007172201,0.010898173
932,932,0.004713998,0.0019043684
628,628,0.009856073,0.048586488
468,468,0.0119753415,0.0009989738
940,941,0.8884299,-0.28593546
267,267,0.41966295,0.5088273
641,641,0.03212289,0.0065362453
802,802,0.35944983,0.11371136
570,570,0.050994962,0.02643907
152,152,0.47919708,0.3789893
99,99,0.0030815199,0.008630931
971,722,0.9018895,-0.14399052
774,774,0.40779027,0.21429509
185,185,0.13650294,0.5276009
641,641,0.027388,0.07727319
704,704,0.0016070803,0.96286
520,520,0.03243129,0.0103061795
133,133,0.00022807872,0.00070625544
581,581,0.5598244,0.8873005
275,275,0.0024289242,0.00043547153
474,474,0.19136372,0.5102514
880,880,0.0042689703,0.014739156
667,667,0.60941553,0.8239766
383,383,0.033737924,0.004614413
248,248,0.4166872,0.32171774
735,642,3.3096595,0.21844895
342,341,1.3419012,0.47051734
812,812,0.0010510011,0.00042629242
4,4,0.8267769,-0.2935956
716,716,0.58457434,-0.05266553
53,53,0.07222042,-0.0022484064
138,138,0.018144343,0.05284846
8,8,0.368879,0.104810536
717,436,0.46079138,0.9141687
513,875,0.82502156,0.43362442
12,12,0.047344524,-0.0033142567
289,289,0.6533035,-0.12298554
301,301,0.024653958,2.1219254e-05
