predictions,labels,entropys,plpds
947,947,0.69301057,0.15376979
261,261,0.043018583,0.99178886
985,985,0.30654562,0.0713163
524,461,3.2983017,0.3735058
687,406,0.74039835,0.8328129
133,92,1.8816031,0.3804005
746,746,0.15177363,0.4718545
306,302,3.5933163,0.15754679
78,861,2.8710573,0.388849
953,953,2.1118023,-0.25506085
851,651,1.5111957,0.61514395
341,272,1.3334377,0.79720765
813,813,0.9917095,0.8285714
561,882,4.0896134,0.15343669
943,943,0.98312646,0.42489505
535,535,0.55454016,0.93582654
734,407,1.1797534,0.5261815
119,120,1.6581979,-0.12021443
855,714,1.3845645,-0.12465668
788,788,0.41900563,0.88562125
779,779,0.050123338,0.0016964674
792,996,2.49963,0.3870472
868,868,1.1138198,0.74986005
405,405,1.1355112,0.7026022
386,365,0.14649883,0.77014786
248,248,1.1313107,0.09363797
957,728,3.6582894,0.13065915
733,60,3.6273155,0.21554616
254,254,0.06926434,0.99306893
588,588,1.1753974,0.7457912
823,679,2.4076486,0.4081168
15,10,3.3792353,0.22320436
802,802,0.78047997,-0.08115649
258,258,0.15827706,0.6863258
194,190,1.4917156,0.45112598
883,883,0.98843837,0.70157444
219,213,2.2339666,0.3197824
904,694,2.5795221,0.27993417
632,768,1.4426534,0.7544212
817,817,0.85161203,0.8055516
473,473,0.13195677,0.9846396
758,391,4.174187,0.0995247
395,395,0.14727247,0.45899922
405,405,0.08605172,0.9925786
195,254,2.4131875,0.4338
235,235,0.10651615,0.97811365
594,594,0.036318943,0.98680466
73,815,1.0953268,0.6610633
779,779,0.026027035,0.007889926
365,365,0.50808555,0.92382705
307,304,1.6004844,0.3487428
537,537,1.4420121,0.7375565
805,805,0.55063516,0.87567323
683,683,0.3747486,0.056548715
309,309,0.8676456,0.35864246
984,984,0.1351707,0.0007160902
135,135,0.1621358,0.98162293
693,693,1.285671,0.6708993
360,206,2.9273686,0.2999279
492,492,2.5312996,0.52311474
578,578,0.84298855,0.7972923
602,786,3.6727204,0.18597335
874,874,0.50176716,0.91085786
45,45,1.3310394,0.5052968
