predictions,labels,entropys,plpds
644,502,3.7570484,-0.67113185
741,65,4.8101907,-0.37728965
374,374,0.021083422,0.9797141
617,617,0.32462072,0.7891057
656,479,0.35613847,0.933937
908,512,1.6087297,0.5022898
174,227,2.869272,0.28376666
136,136,0.028884057,0.21651381
448,448,0.13916163,0.968962
657,657,0.96917444,0.6802004
444,638,1.4109762,0.4356821
830,543,1.8394063,0.5362472
548,548,0.099091776,0.04355377
414,414,0.27862397,0.9710313
920,920,0.03249007,0.0021448135
26,26,0.4967079,0.92717415
134,134,0.1628429,0.5059916
153,204,0.8622016,0.77869534
170,184,0.3720497,0.9511393
598,598,1.1731576,0.60584515
590,487,0.12694153,0.32091796
430,430,0.1703529,0.10914445
214,234,1.7407266,0.6340858
577,494,3.786976,0.2979133
119,201,3.3046143,0.21858074
425,425,0.11668097,0.94986624
597,597,0.25337395,0.87602806
911,662,1.895186,0.35809276
290,290,0.15899664,-0.017906547
295,295,0.11612989,0.6904093
988,988,0.3607861,0.46598372
756,756,0.40553087,0.76184964
244,256,1.1657791,0.63403845
138,141,4.003614,0.05364023
923,813,0.9201862,0.8102086
783,784,1.2832783,0.7999451
398,398,0.029167272,0.005068958
309,304,2.535441,0.33743203
518,518,1.0683542,0.85142404
952,952,0.28825444,0.9484789
146,146,0.012728848,0.032280087
952,988,0.28731436,0.95446056
678,453,5.1131268,0.088671006
306,306,2.8325036,0.19368136
238,238,1.2488482,0.29683816
73,73,0.2712357,0.078012824
438,438,2.926058,0.3630658
862,752,3.5354297,0.39235297
628,628,0.07102604,0.99268484
659,969,2.5362039,0.33904696
291,278,2.9704409,0.27711654
929,876,1.8507376,0.47269085
468,468,3.2305174,0.21842377
969,969,2.6489515,0.49346867
103,29,3.7856836,0.23540775
253,253,0.01104987,0.07181132
982,578,2.6497128,0.25174913
759,759,0.46371713,0.7078711
864,751,1.4545555,0.63915104
219,219,1.1886303,0.66421473
613,613,0.14802092,0.011038721
337,357,2.045011,0.55331177
250,198,1.2901084,0.5652971
122,122,0.52371556,0.788427
