predictions,labels,entropys,plpds
499,749,0.35948366,0.92865306
46,313,1.1542513,0.27950856
688,688,0.0340003,0.13293087
555,555,0.13886474,0.059348345
322,322,0.04690572,0.2665274
556,493,1.1702367,0.8113647
192,192,0.5503938,0.9232293
396,396,1.3065542,0.81631047
224,199,0.1568006,0.9742273
522,522,0.023011541,0.20666087
250,519,4.078172,0.20984356
275,275,0.020587277,0.49373138
71,71,2.1482632,0.20955917
537,248,0.8346776,0.8682359
14,14,0.18515131,0.978505
560,714,1.8453423,0.4103275
775,775,0.038084935,0.9959286
561,561,0.013220983,0.0048259497
127,127,0.08607145,0.9785826
557,904,3.2473695,0.21319497
850,181,0.4821208,0.46632132
832,832,0.07733172,0.8893298
654,654,0.39848614,0.9243913
405,405,0.055646274,0.94506246
50,26,3.9708762,0.14074212
407,407,0.34598488,0.84893644
986,986,0.006142473,0.0038292408
224,224,0.7001904,0.7439486
130,130,0.33990002,0.025605679
755,755,0.053901747,0.40598863
986,986,0.062496513,0.0032829642
560,560,0.06297744,0.4182238
166,166,1.2932299,0.3441944
973,973,0.8533929,0.7803971
617,617,0.13442889,0.9383363
668,668,0.21938205,0.96998763
215,215,1.9027665,0.43064186
920,685,0.23001507,0.17544574
469,861,0.21552402,0.9740883
582,932,0.492841,0.8706592
36,43,2.6651068,0.2847008
354,176,1.617828,0.5899826
844,844,0.1313227,0.97905415
743,743,1.5895188,0.37333342
503,898,1.2105331,0.8027352
38,44,1.7415574,0.43809545
787,787,1.6924267,0.41148952
304,304,0.62975454,0.7954079
210,210,2.2153924,0.31835043
161,162,1.4051287,0.51967275
869,399,0.2163331,0.9633385
895,895,0.6170826,0.84695315
511,468,1.9534883,0.4705357
698,698,0.38520586,0.93944126
83,83,1.0017946,0.7771408
604,604,0.09043912,0.0068613887
597,804,2.5268662,0.55421185
147,405,1.8803111,0.66803974
302,302,0.062162537,0.34444046
394,896,1.0759559,0.7866145
899,899,1.7055461,0.4836919
344,341,0.9015987,0.76480824
30,395,0.78463995,0.8638084
174,174,0.94207555,0.61729234
