predictions,labels,entropys,plpds
398,679,0.37670958,0.93122214
563,563,0.026766736,0.018547952
506,506,1.0233436,0.809066
113,992,1.8986113,0.6602676
230,230,0.38417146,0.91028357
943,943,0.11246388,0.9878161
922,922,4.2399993,0.20964596
541,541,0.08704382,0.98109525
401,458,3.8793883,0.24144915
628,913,3.744018,0.2909673
533,533,0.67655534,0.8306986
355,226,2.0371242,0.22483931
765,765,0.11158973,0.98791325
295,297,1.5753939,0.34981963
987,987,2.8517616,0.278088
365,365,0.25321293,0.9733846
310,310,0.4869307,0.85840505
317,311,1.5287397,0.66396624
945,584,3.3031688,0.29498243
216,216,0.18092611,0.076144636
290,290,0.06464018,0.004078746
878,810,0.1879859,0.10353583
863,442,1.8893237,0.56485265
726,674,2.6115727,0.45435876
581,581,0.86981213,0.34993553
340,340,0.0039422237,0.0033494234
97,97,0.026189962,0.9855765
702,416,0.35098445,0.95018226
435,831,2.015304,0.61217636
580,879,1.9310789,0.663812
106,106,3.1476917,0.44116962
334,102,0.14004913,0.81397605
14,14,0.015345885,0.09873593
998,998,0.9004971,0.52865183
263,263,0.13164255,0.9710259
671,671,0.048951298,0.7394887
612,612,0.139563,0.9749037
701,701,1.6222126,0.64251804
805,768,1.3663504,0.7772018
334,105,3.0829234,0.29828015
247,247,1.0531374,0.7594688
107,109,4.4870095,0.12506017
274,274,2.0576835,0.38714948
972,500,0.87684923,0.8042954
620,620,1.3169609,0.4896605
155,172,3.1478496,0.2859954
907,966,0.4327234,0.8115539
62,61,2.8047473,0.281721
134,134,1.1466658,0.74705493
949,945,0.122359,0.98638946
5,5,0.033918332,0.3938731
214,214,0.14693855,-0.0053066015
568,568,0.094654456,0.9883246
562,562,0.11829788,0.9875162
447,447,0.047611237,0.8705487
624,624,0.07973749,0.25365245
971,971,0.041895464,0.009382963
261,261,1.1918014,0.775872
124,119,2.84022,0.28724185
444,869,0.7640754,0.87665296
887,601,3.0744543,0.4065877
778,778,0.8913746,0.7911095
794,897,3.4619603,0.48485124
881,881,0.12528871,0.9892947
