predictions,labels,entropys,plpds
97,97,0.021219697,0.07976347
960,928,4.4799232,0.20027445
424,424,2.5704389,0.5250987
868,964,0.5541531,0.88644505
722,722,0.07022887,0.0706169
247,212,3.1545897,0.3989179
337,336,1.3917701,0.6010892
853,853,0.07188247,0.002161324
731,898,3.8778863,0.1868048
583,583,0.07161699,0.9906436
151,359,2.6910336,0.383299
758,758,0.55623543,0.89310795
713,713,0.07124366,0.93167186
477,748,2.1398642,0.41446844
979,970,0.09893051,0.8299542
694,694,0.046129122,0.03999901
11,11,1.2115673,-0.18007457
396,396,0.041619197,0.004859507
361,361,0.025015669,0.0061195493
362,343,0.36380365,0.94292253
860,467,1.3643764,0.71641016
13,13,0.011262645,0.01832527
258,258,2.2058055,0.52102566
636,636,0.47614425,0.8996241
790,584,2.1914635,0.13254452
844,844,0.9833902,0.8184528
3,3,0.121583864,0.9841168
281,281,0.65203655,0.7927634
119,66,0.7686744,0.8266128
875,875,0.64476335,0.815939
933,933,0.067526214,0.9912239
606,606,1.2759835,0.8139897
115,115,0.03077367,0.9965867
185,186,2.5351872,0.47109887
464,623,3.6827178,0.22614662
870,603,1.2973828,0.521265
327,488,3.0682254,0.37689224
661,661,0.096704006,0.8763875
562,562,0.05946579,0.8061054
461,524,0.33463565,0.8073695
761,761,0.01810025,0.0024498105
148,797,1.9957441,0.422732
292,338,1.8203236,0.6275167
354,386,1.9138983,0.6209903
378,382,0.61495364,0.8849619
771,771,1.3696902,0.5811787
149,6,2.2506208,0.3518098
833,833,0.083878085,0.09254962
561,561,0.008381882,0.9674362
697,435,3.1228533,0.29655528
979,970,0.5521698,0.83006674
79,79,0.108285785,0.97071195
39,119,0.13582006,0.98470217
600,677,1.8717384,0.35714126
276,276,0.5109657,0.8985266
456,456,0.18386048,0.8848926
875,875,0.2653103,0.8672552
946,946,0.2719011,0.057548404
350,350,0.020887662,0.96931267
99,144,2.9688513,0.30569628
700,477,3.9298265,0.15156114
568,501,0.027542137,0.9616595
577,577,1.5608838,0.4824932
364,364,0.027246106,0.99769646
