predictions,labels,entropys,plpds
800,800,0.047473393,0.0024194121
619,533,0.050229613,0.9938151
703,556,1.1365404,0.64267606
686,686,1.8658006,0.4742812
180,180,1.0006825,0.5465675
163,163,0.4215279,0.88576376
67,66,0.44417065,0.9123161
546,541,2.5825212,0.21442205
22,22,0.56108093,0.7673342
213,159,2.5970988,0.4159502
636,728,1.8988314,0.35325736
539,712,1.9734118,0.63018626
432,589,2.396224,0.24503046
478,692,0.5091884,0.9346991
928,928,0.052081652,0.12936181
412,412,0.7570748,0.8274317
596,731,0.27944934,0.95535177
859,675,2.0312495,0.636311
542,542,1.5103333,0.7876073
906,906,3.7386858,0.28309515
775,824,0.78105986,0.84561217
950,950,0.04680878,0.006424606
887,887,0.019836415,0.9983367
7,7,0.10205232,0.80984664
867,867,0.063607976,0.008202314
100,100,0.021140404,0.048121512
45,305,1.8283701,0.53816235
679,679,0.09650725,0.9825235
422,422,1.6504681,0.68521094
214,214,1.3215065,0.6324176
345,690,2.2224598,0.24280797
826,826,0.26921615,0.6473043
551,551,0.1047495,0.9786987
151,151,0.56649524,0.85307306
266,266,0.76246864,0.7404652
544,544,0.67771685,0.8068763
20,107,1.1962924,0.6602556
814,977,0.9735231,0.8018892
198,198,1.3274897,0.5594076
697,697,0.7948873,0.76535314
766,766,0.009667117,0.0024818182
503,503,0.06809427,0.9924036
182,182,0.7891547,0.4821188
607,470,0.4667383,0.8218035
515,467,1.1455842,0.6995222
394,5,0.7396315,0.88363624
87,87,0.009171732,0.98180753
733,460,2.6232662,0.49474728
969,969,1.3266962,0.6317976
399,465,1.4234298,0.73087615
28,28,0.020207789,0.0045362115
144,144,0.098123185,0.90116316
660,569,0.9780476,0.80238205
277,289,2.887407,0.41672313
552,552,0.40549558,0.89116585
186,193,2.24871,0.41699123
492,512,1.9947798,0.4273562
476,229,1.5885185,0.12907359
326,326,0.3272649,0.95802057
252,903,1.8503476,0.50421095
881,881,0.017170232,0.7729967
476,706,0.8315281,0.8130611
892,409,0.87255585,-0.23668697
191,189,1.2304832,0.55592084
