predictions,labels,entropys,plpds
347,347,0.013083442,0.005288303
964,964,0.19210924,0.0118326545
628,628,0.12911439,0.033780396
221,221,0.91269493,0.77917325
379,379,0.09322147,-0.0074522495
510,510,0.33473933,0.28338134
972,976,1.4538261,0.35316432
992,947,0.12618953,0.38285375
572,572,0.46380362,0.8864981
578,578,0.78533036,0.79768974
837,643,0.92744684,-0.0068364143
80,80,0.10775223,-0.0086631775
57,57,0.4674887,0.93791246
654,654,0.47764385,0.70055026
854,854,0.1472798,0.9436517
32,31,0.7333317,0.4663433
510,536,0.83523154,0.74175364
78,78,0.043964945,0.006641865
689,689,0.7351629,0.87185943
156,218,1.8919,0.18373078
586,586,0.005575037,0.3395707
208,208,0.4498508,0.57424414
995,995,0.0032164473,0.0010639429
216,216,0.09513398,-0.0039815307
986,986,0.002836627,0.00063836575
455,964,0.38826677,0.78189516
770,770,1.9150403,-0.1905958
960,928,2.2168005,0.24871807
525,525,1.4748538,-0.35298336
579,601,3.0119693,0.29717508
274,18,1.3623238,0.30482185
114,114,1.709655,0.5479644
550,503,2.0297015,0.5679605
736,736,0.009816179,0.0070700645
60,60,0.15861613,0.021793485
763,763,0.011149043,-0.0006670356
339,339,0.07761302,0.98841566
178,178,0.4014057,-0.024752378
802,802,2.5458944,-0.03953713
178,209,1.0111041,0.6943222
936,31,3.1838183,0.33401108
350,350,0.0193689,0.9965109
687,878,1.0329717,0.54085696
242,676,0.90356624,0.53824097
609,609,0.17220184,-0.008735776
5,60,2.9080243,0.34820977
518,518,0.04820638,0.99556935
607,607,0.012805434,0.13536155
63,63,0.001683377,0.0014272332
144,144,0.07872113,0.9922775
680,680,0.7300797,0.7834906
971,971,0.07156056,-0.0035597682
90,90,0.005910505,0.0049137473
105,105,0.017957173,0.0045871735
371,370,0.14945364,0.48408076
504,504,1.093284,0.658464
979,979,0.008179031,0.00423491
396,396,0.008253759,0.022725523
1,1,0.0011637306,0.008243561
696,446,2.5290074,0.30384547
900,900,0.027233232,0.99522525
668,668,0.7292508,-0.13125503
841,841,1.9173096,0.57652473
831,831,0.18677129,0.97923785
