predictions,labels,entropys,plpds
637,410,0.8534682,0.53608274
314,314,0.169206,0.0060294867
739,739,0.55153894,0.91778326
802,802,0.014712953,0.053506315
882,882,0.035558335,0.0138837695
980,980,0.008784693,0.789957
834,834,0.61475796,0.6565459
207,170,1.9269702,0.35433275
86,85,0.663038,0.5373839
823,823,0.306879,0.707865
378,378,1.0935801,0.7969286
882,882,0.63422436,0.9051929
700,729,2.6131587,-0.19034201
307,307,0.046440586,0.0304569
806,806,0.39156526,0.6249337
140,140,0.22476014,-0.030322015
450,450,0.040473185,0.7935976
599,599,0.0056854878,0.0037192106
454,624,1.7422577,-0.31509084
59,59,1.3245059,0.1800803
301,301,0.10717302,0.0003812313
194,194,0.057021298,0.034202635
341,341,0.31168264,-0.038311422
460,460,0.08170776,0.9887718
138,138,0.0021785488,0.005146742
559,765,0.7587734,0.8740754
550,760,0.3588184,0.9508548
38,38,0.11079088,0.019191444
12,12,0.0042027715,0.006144464
978,143,2.3702855,0.36815673
394,394,0.0420658,0.99570894
105,105,0.39303648,0.9476144
529,443,0.8268446,0.57941586
736,736,0.009844206,0.007892311
628,821,0.645226,0.8664702
300,300,0.18528113,0.9311724
335,335,0.0057803644,0.8944663
874,874,0.31319404,0.9331246
717,717,0.009234127,0.30840975
17,17,0.011714679,0.20741421
943,943,0.57345045,0.5931505
408,408,0.03460344,0.0016409755
742,742,2.3584917,0.4892642
454,546,2.1000237,0.37517616
23,143,1.6998382,0.400261
834,982,2.8813696,-0.19312102
251,251,0.020953001,0.013272643
733,733,0.30149084,0.64890814
268,377,3.017869,0.44737336
387,387,0.019667929,0.74966186
619,846,0.7248243,0.54302907
927,949,2.7546992,0.2862065
963,963,0.007716281,-6.92606e-05
483,483,0.004244894,0.026302993
342,342,0.27787483,0.93178356
187,187,0.32685256,-0.031461537
778,778,0.0430108,0.9932095
160,160,0.5713231,0.8802746
283,850,1.3962059,0.5326815
628,628,0.025647707,0.0014960766
543,543,0.29075098,0.8156995
938,938,0.011858417,-0.00044941902
608,525,2.9025369,0.50143415
213,213,0.020903545,0.109396696
