predictions,labels,entropys,plpds
207,207,0.97796726,0.3601105
816,911,0.48262376,0.7658224
925,469,1.1309468,0.28089368
224,174,1.075885,0.32102224
753,753,1.4577007,0.46475863
287,287,0.020527845,0.3713187
130,130,0.013427851,0.003610015
650,650,0.2736311,0.9660138
176,176,0.8271946,0.5230882
117,117,0.0152137065,0.014996469
812,812,0.00070086494,0.00018924475
806,806,0.016605549,0.0054814816
269,269,1.4184681,-0.12455529
445,445,1.2284305,0.5498176
999,769,1.4007185,0.7297484
570,691,0.72619486,0.68125683
227,227,0.22963797,0.14900482
98,98,0.004954174,0.040272713
958,958,0.29619113,0.9242897
5,5,0.31191558,0.84056
553,553,2.796071,0.5010596
259,259,0.141081,0.33499032
634,634,1.5154057,0.11960745
537,537,0.02183531,0.07416755
524,524,1.7608149,0.38299924
167,167,1.6626499,0.36629438
272,272,1.2292712,0.43940026
30,30,0.82862425,0.5412567
250,250,0.6560199,0.14429808
117,117,0.046035726,0.25735122
650,906,1.4813311,0.7506099
688,688,0.04625479,0.03879577
927,927,0.0019636643,0.010440767
455,455,0.0053462815,0.17974252
843,423,3.9551573,0.28220028
842,838,2.3633466,0.3153096
227,165,1.319147,0.22017455
670,670,0.405443,0.93495524
949,949,0.0016667668,0.00012904406
729,838,0.63519084,0.9066688
994,994,0.18941379,-0.022970617
167,163,1.1414988,0.6468419
235,235,0.9076912,-0.0038908124
642,642,0.25253877,0.09708613
807,807,0.078290984,0.10847247
558,626,1.0483218,0.6069507
374,374,0.007827986,0.0007004142
191,191,0.29407266,0.09117675
383,383,0.6408801,0.756148
526,782,2.0718775,0.48388785
905,687,0.42914313,0.48259583
829,829,0.013159125,0.029788196
260,260,0.11093426,0.82121706
745,757,2.6164234,0.13711262
422,422,0.036795553,0.6788404
304,309,1.7200987,0.19185558
970,970,1.325752,0.56104654
985,985,0.0020430475,0.0012215972
440,737,0.15261339,-0.010358512
144,144,0.008713119,0.0019792318
304,304,0.15104209,0.041310966
659,659,0.015341138,0.7358935
841,841,0.15971757,0.969729
381,381,0.053887963,0.43085802
