predictions,labels,entropys,plpds
981,981,0.13013479,0.63367283
334,334,0.012363354,0.7841424
57,57,0.7059793,0.70136255
724,540,1.6027133,0.5153542
594,594,0.009826582,0.94705194
816,816,0.081760496,0.95578736
726,726,0.004119194,0.0080500245
207,207,0.2935639,0.9118577
787,688,5.159702,0.068153195
869,869,0.034435913,0.9951569
619,619,0.6725568,0.59411484
197,183,2.2166677,0.4113104
721,721,0.49722773,0.91179204
762,762,0.20463827,0.06084603
178,178,0.024211299,0.5130972
514,514,0.0011650067,0.008036792
111,111,0.042557217,0.96969324
572,572,1.8033564,0.5995287
851,851,2.5084016,0.51301473
192,203,2.260274,0.4392807
751,817,0.9265749,0.2754113
955,955,0.1294221,0.98589045
48,48,0.0041034967,0.016682565
978,978,1.0994748,0.6892507
985,985,0.005772498,3.772974e-05
763,763,0.0057671894,0.003653586
560,560,0.10881074,0.16296953
602,747,0.7850114,0.81288385
668,668,0.20035212,0.6132401
172,172,0.3369149,0.7833548
589,589,2.5598311,0.21298298
989,989,0.0020553232,0.0056225657
761,761,0.021198962,0.9758671
14,14,0.006670243,0.0019941926
90,92,0.8583888,0.7934341
215,215,0.6748022,0.88376653
99,137,0.52612054,0.87342286
426,426,0.015966646,0.46409786
120,120,0.024367036,0.0019586086
37,37,0.08037932,-0.005335748
44,41,2.4427352,0.42863408
833,814,0.763443,0.31027895
616,417,4.077283,0.20752175
903,903,0.25246358,0.8787509
373,373,0.21004668,0.11164671
546,546,0.064781904,-0.00086951256
60,67,0.581478,0.8746217
274,274,0.0151119195,0.6121166
819,819,1.3311707,-0.093978465
101,101,0.7120367,0.7776121
543,543,0.7363938,0.5768627
865,865,0.12753598,0.17063028
54,54,0.032057464,0.12927282
475,475,0.21812041,0.9773908
342,342,0.28262562,0.050614238
226,260,1.7270771,0.3425968
96,96,0.01662027,0.0038246512
515,515,0.062921494,0.9788799
447,872,1.3973142,0.7710159
776,776,0.07291395,0.20825249
593,593,0.12628904,0.92644817
58,60,1.614394,0.4989361
241,240,0.59421915,0.20614135
429,429,0.0014829229,0.0006149411
