predictions,labels,entropys,plpds
289,289,0.18702805,0.015235364
526,664,1.3750207,0.37469643
251,348,1.1825476,-0.09740764
467,467,0.123885304,-0.010673106
410,410,0.30661538,0.71337414
392,392,0.0036963352,0.0009877086
555,555,0.47852993,0.62785524
720,692,2.9876025,0.23307762
494,398,2.246488,0.51122886
394,3,0.21687028,-0.010289192
650,966,2.4657266,0.5164106
875,875,0.02097439,0.98617065
430,430,0.0031574357,0.004279077
1,27,0.78921956,-0.1489988
816,816,0.0022988247,0.9852769
427,815,0.9750676,0.80475795
209,208,1.0517159,0.2671588
769,587,2.1704438,0.60113066
329,329,0.46301067,0.8945838
455,737,1.2015767,0.41866678
516,516,0.96357083,0.68076324
770,770,0.010688622,0.014664412
19,19,0.0021591447,0.0017542839
88,88,0.0005847792,0.001730144
959,959,0.017020935,0.5936562
523,452,0.15741992,0.97381204
105,252,2.7008805,0.2795228
209,210,1.0721391,0.5899583
710,623,2.3707292,0.28672755
797,797,0.020613741,0.0019949675
106,106,0.04284482,0.9921635
783,783,0.080420524,0.14323854
73,73,1.5258915,0.47796303
822,822,0.08634363,0.9908379
178,178,0.45140857,-0.13771117
720,720,0.03266747,0.78424454
803,575,1.6964408,0.47693086
771,493,0.7398278,0.857093
182,254,1.5452775,0.41474023
188,188,0.054594696,0.23818988
989,989,0.0005374446,0.0003424883
487,650,2.3305209,0.2333639
508,508,0.47711354,0.7633481
599,599,0.040719025,0.23104072
640,640,0.007637352,0.99304163
551,551,0.23098615,0.9630915
696,623,0.7616162,0.8656246
365,365,0.011339641,0.000667274
408,408,0.77940774,0.8243898
975,49,1.7435758,0.45071825
526,526,0.052967288,0.12967598
854,854,0.03427057,0.16962063
865,454,1.3493735,0.5378628
682,863,0.85867286,0.7236131
533,533,0.0035072863,0.33089978
336,336,0.10931597,0.98543966
755,755,0.85818243,0.7562237
725,899,0.35724217,0.8466939
958,958,0.0092764385,0.87610024
797,728,3.2921958,0.3090051
418,418,2.3547323,0.5393527
245,245,0.05510308,0.1898824
268,268,0.0026608058,0.4379071
616,616,0.0017139799,0.017208159
