predictions,labels,entropys,plpds
599,722,0.16451591,0.90668833
120,120,0.0081789065,-0.0003440976
72,72,0.5736111,-0.13205504
404,404,0.111026704,0.24123806
780,780,0.6454483,0.50983024
548,548,0.03882288,0.81600213
386,101,0.8100847,-0.18724364
625,625,0.003582845,0.0007625818
735,822,2.0214949,0.524144
73,74,0.48543856,0.7773629
636,636,0.6188014,0.8072309
597,597,0.01687515,0.0014523864
838,631,1.1501,0.30337247
7,7,0.7705127,-0.28564638
172,172,0.04165549,0.9351385
418,418,0.013482368,0.016006708
913,913,0.044476084,0.92784894
323,323,0.011736762,-0.00017899275
431,431,0.049037322,0.82396775
339,339,0.0007061509,0.0009790063
294,294,0.012075251,0.016304493
710,710,1.871256,0.65042466
894,493,1.1020081,0.63011056
702,702,1.5349138,0.74975604
566,513,1.5547451,0.33331445
759,759,0.06634116,0.84114516
671,671,0.03469773,0.02825737
256,256,0.104606375,0.9659602
261,261,0.01535749,0.6310828
250,248,0.9784942,0.6226448
115,115,0.002381294,0.0027595758
504,504,0.6154975,0.54179835
228,228,0.018942602,0.029500663
290,287,0.35104364,0.85441214
457,419,1.9718761,0.34194288
363,363,0.018817946,0.8309816
67,67,0.034316383,0.008084476
506,783,1.1346033,-0.07429224
668,668,0.000560655,0.08694935
692,710,2.6428404,0.23561063
325,325,0.039666608,-0.00066816807
419,611,2.316759,0.40536395
392,392,0.00059719034,0.011151135
19,19,0.030780887,0.026222885
244,244,0.022691475,0.9963655
933,933,0.001188006,0.88857937
867,569,0.30654854,0.9068493
395,395,0.21158251,0.97278816
767,563,2.1810784,0.3551647
56,54,0.4183752,-0.09708488
766,766,0.4371382,0.93342966
156,156,0.15423363,0.25047088
101,101,0.2786845,0.09311682
176,176,0.19661792,0.94464195
287,287,0.05813373,0.014632583
467,467,0.009158004,0.005049765
245,245,0.23271592,0.9392215
884,884,0.02023344,0.2466138
605,605,0.1750041,0.9723391
898,898,0.4758045,0.0043123364
799,905,2.0689023,0.46263394
815,815,0.28456774,-0.0701735
188,188,0.25791985,0.16005117
581,581,0.5152202,0.22827244
