predictions,labels,entropys,plpds
8,8,0.10348043,0.5202991
157,152,1.8789122,0.3204795
509,922,0.30841795,0.6399839
626,804,1.9280562,0.50559807
458,708,0.33672342,0.91182625
782,782,2.1142352,0.19538637
571,571,0.0070463903,0.6938592
465,465,0.52460814,0.9290713
318,318,0.003735525,0.9413384
792,587,0.17907563,0.9545065
551,551,1.6310965,0.6547621
868,868,0.28753972,0.13174611
674,674,0.025843346,0.98951864
695,804,4.5452104,0.09640121
358,358,0.10537973,0.039008975
160,160,0.0009499419,0.09650731
939,943,0.6862328,0.5380923
183,96,1.8308241,0.659773
468,468,0.8996155,0.6783619
555,555,0.076602414,0.0023212433
249,249,1.991613,0.30806053
755,755,0.0046484675,0.99041945
82,82,0.024554001,0.087700486
160,160,0.03574105,0.5359663
741,741,0.0154894395,0.13068312
265,153,2.2887099,0.30145335
272,270,1.272959,0.5836425
571,571,0.09106749,0.76840526
603,690,0.7963147,0.70945936
251,212,0.7544711,0.24121398
20,20,0.02673873,0.5510983
687,687,0.0018204227,0.0007792711
497,497,1.1282015,0.5169303
608,630,0.87775064,-0.2759272
67,66,1.1405509,-0.2246278
975,536,0.66070163,0.6543648
76,213,1.6420261,0.40838075
887,887,0.020254847,0.0737893
742,713,0.15754578,0.28263158
310,310,0.00721257,0.00490731
765,765,0.18466249,0.15372008
927,963,0.08855131,0.35914582
255,225,0.20058542,0.92521584
375,375,0.03614093,0.0008966923
656,656,0.012632586,0.008544326
497,538,1.0453994,-0.21663976
933,933,1.2675778,-0.37611192
78,78,0.0020461911,0.0032313466
802,802,0.027577136,0.9970327
109,109,0.3686124,0.64010406
417,417,0.0010798874,0.004396498
747,747,0.11041942,0.9634452
486,594,0.15972903,0.06452495
342,343,1.5690713,0.53462356
888,888,0.005587005,0.08613664
628,554,1.2693748,0.7221021
53,53,0.028273933,0.012156069
352,352,0.779724,0.6960561
710,626,2.7534006,0.43240783
794,794,0.5491532,0.8661782
100,100,0.0055401293,0.0019096136
199,221,2.127039,0.21240388
761,499,3.1499465,-0.031737447
530,530,0.019681355,0.0062818527
