predictions,labels,entropys,plpds
607,607,0.00043888876,0.0019692779
233,183,3.0180674,0.29431877
632,673,2.2146187,0.505286
426,426,0.023419823,0.19142002
19,19,0.0041408665,0.0073665977
764,417,4.210211,0.15057525
3,3,0.22954503,0.93373996
451,451,0.048636712,0.985935
812,812,0.0048660613,0.9227884
950,950,2.1925952,-0.6389218
540,540,0.101267904,0.013619065
306,306,0.00817085,0.009395957
247,222,0.7994494,0.76785874
196,196,0.9905109,0.34748167
752,752,0.061149634,0.18350708
629,629,0.007733171,0.9973766
910,910,0.3063692,0.16244996
257,226,0.67612207,0.67731297
927,927,0.003339786,0.18867713
404,404,0.004565813,0.75133646
614,614,0.08603574,-0.00913322
651,897,2.8318124,0.21846154
301,301,0.02146541,0.00084370375
91,91,0.0066152713,0.38349676
217,217,0.35982865,-0.06344867
60,55,1.1793379,0.52057755
191,191,0.34067762,0.32338923
823,823,0.012877131,0.3094216
39,43,1.4437629,0.6531053
493,493,1.7835959,0.47079834
608,414,2.5528564,0.37892252
743,743,1.9156348,0.43276343
263,263,0.58559453,0.7619736
886,571,0.9370228,0.84477246
991,991,0.01346343,-0.00024867058
558,617,1.0405331,0.80409145
349,348,0.6950758,0.058026403
916,916,0.1347082,0.19450754
253,253,0.0023174381,0.062634826
722,722,1.4481441,0.59028447
646,646,1.1033549,0.79420996
119,119,0.3385254,-0.01334399
86,86,0.45838487,0.8336496
204,194,2.0562148,0.2742055
335,381,1.5832775,0.60093445
796,796,0.8088394,0.8673398
403,403,0.03051405,0.11700374
653,653,0.021794213,0.9978734
175,175,0.20467994,0.9620219
939,943,0.275472,0.94977576
923,923,0.6905352,0.16529053
93,93,0.020384591,0.9503708
420,420,0.050687324,0.7824176
275,275,0.0118869515,0.00039708614
901,901,0.0018690557,0.00023794174
692,769,3.2096777,0.2139381
561,561,0.012735806,0.003305912
304,70,2.7358522,-0.017269641
444,444,0.04958735,0.15043664
718,557,2.3504333,-0.039785743
741,764,2.024076,0.20560476
43,43,0.014558113,0.8647859
219,155,0.047747176,0.80660576
476,476,0.029443681,0.017402649
