predictions,labels,entropys,plpds
515,515,0.013733188,0.753484
193,193,0.601998,0.107022285
683,683,0.09403815,0.040434062
228,348,3.5574787,0.20557888
305,305,2.1278276,0.31838924
40,40,0.47725093,0.3983861
203,203,0.9344976,0.039684236
295,295,0.40925303,0.20701647
639,639,0.76744825,-0.16229719
928,928,0.14125386,0.9790717
548,548,0.08152772,0.79399997
572,572,1.3045881,0.68729407
892,892,0.29017934,0.24643803
597,597,0.10219761,0.50058883
515,452,1.6898794,0.35248584
877,877,0.16400212,0.25879395
659,659,0.035695374,-0.0025514364
659,659,0.018384073,0.9965392
365,365,0.0857629,0.0020434856
576,576,0.011952683,0.7166778
771,771,0.013572194,0.9427782
797,806,1.8198346,0.47553024
33,33,1.5654253,0.55364406
852,852,0.0028287969,0.00051665306
231,231,0.092414014,0.45527577
268,268,0.024499059,0.9966398
469,463,0.38611683,0.9171565
762,424,2.9690742,0.19902542
911,858,1.9350314,0.5326252
878,878,0.8465216,0.63330615
187,187,1.2376281,0.69156
205,257,2.9995992,0.16903585
279,279,0.8674505,0.55499184
620,673,1.2436985,0.6901998
990,990,0.029391315,0.0046622753
66,68,0.7994209,0.5564556
124,124,0.8446285,0.5625262
688,688,0.53947014,0.3553599
721,721,0.007821305,0.97454864
83,83,0.0003251722,3.7550926e-05
35,599,0.97240204,0.7546733
975,978,1.305707,-0.20946133
372,370,1.6291854,0.45173657
866,866,0.2079925,0.7342347
291,291,0.011223463,0.9925214
357,356,0.008424544,0.106996596
803,803,0.0052403607,0.005337894
827,818,3.2984428,0.18994495
50,50,1.4083481,0.72868687
426,426,0.025098126,0.22537959
177,177,1.6958201,0.39085698
109,109,1.4022964,0.50872546
232,232,0.26744303,0.54517037
695,695,0.02964528,0.1135332
801,801,0.05842606,0.93629336
943,939,0.76279163,0.467163
143,143,0.0024803705,0.10271847
185,193,1.3005679,0.41773814
449,634,2.4713683,0.24617326
263,263,2.6355426,0.21882606
275,275,0.007412457,0.0008612871
559,606,3.1533039,0.28920913
970,795,0.008887196,0.08428615
39,39,0.005721207,0.0035526752
