predictions,labels,entropys,plpds
110,110,0.0125539275,0.003341198
274,274,0.10338394,0.018778622
308,309,0.20583665,0.88150114
177,177,0.35572505,0.9515187
209,209,0.095557906,0.98421985
309,309,1.3479687,0.5229971
180,180,0.9585384,0.61541903
474,474,0.15582024,0.27825707
734,734,1.23701,0.5375642
673,824,4.3044662,0.15959397
604,604,0.64352506,0.80802035
910,438,2.5252135,0.5053638
58,126,2.6566408,0.38407373
118,118,0.42036995,0.33275735
113,112,0.17665242,0.33047062
352,352,0.14711553,0.057846844
939,939,0.84399146,0.08415714
384,380,1.1756368,0.32932362
39,39,0.017855976,0.007650554
310,310,1.9581225,0.2779701
777,777,0.18066584,0.9330028
96,96,0.07867178,0.094477355
738,712,2.4044964,0.61497796
923,932,2.5603595,0.3743193
867,561,1.2297201,0.6650063
755,755,0.09941122,0.27712816
98,98,0.023052746,0.0053145885
809,925,0.6472267,0.63077855
978,978,1.3346779,0.4695494
961,961,2.2631626,0.4916399
236,676,1.1917245,0.55013174
904,904,0.73093414,0.053735375
196,836,2.9547157,0.33772582
864,864,0.9146073,-0.13658243
234,234,0.1740988,0.6228122
510,510,0.20916876,0.05313903
928,189,4.6332655,0.24148336
849,849,1.398284,0.4317789
114,114,2.6142213,0.48425645
811,811,0.9778423,0.8712248
565,565,0.018101867,0.09214598
24,24,0.023034558,0.022452056
61,61,0.051039737,0.09315139
22,22,0.7957772,0.16236293
850,850,0.46921706,0.0024178028
556,633,4.724782,0.07197097
548,548,0.5053694,0.16080725
98,98,0.0061732195,0.008117318
539,533,1.7830539,0.31446546
749,749,3.139214,0.2562768
988,988,0.45184344,0.94689065
267,373,1.8360448,0.53749067
78,78,0.12470315,0.4303717
601,669,1.345648,0.79595876
119,71,1.2249119,0.7351517
802,802,0.049867988,0.89861506
734,734,0.22769618,0.0040776134
507,531,2.0865445,0.28866434
710,710,0.4076389,0.8217892
347,343,2.3777056,0.30248147
823,451,1.5180309,0.77849346
363,363,0.11588605,0.15625268
24,24,0.08461739,0.11790079
518,518,0.38958225,0.80611813
