predictions,labels,entropys,plpds
810,590,1.4079212,-0.008801132
375,375,0.19127718,0.034939706
123,123,0.40283242,0.9274813
8,8,0.024134533,0.0059657693
183,183,0.9161775,0.07248205
409,409,1.5101161,0.72441566
531,531,0.01157583,0.018201113
658,911,0.653198,0.39514866
509,509,1.2083026,0.31781304
890,890,0.005309036,0.0066701174
927,927,0.00047976727,0.004007399
701,701,0.02087342,0.016593099
782,782,2.3401692,0.4148303
908,908,0.0007094409,8.678436e-05
358,359,1.067553,0.14156353
387,297,0.10571097,0.044377506
919,919,0.003887753,0.0010293722
922,922,0.03860757,0.0005623698
38,38,0.18646082,0.92852885
2,360,3.4922562,0.15314355
727,494,2.405949,0.37627304
455,455,0.0050260276,0.07774669
254,254,0.014027722,0.00411278
621,621,0.02188535,0.41334558
905,564,2.5530207,0.45105094
948,948,0.2311753,-0.020308793
562,562,0.0125792045,0.041831195
574,574,0.63304377,0.6892596
817,817,0.065775335,0.026530802
150,150,0.014139529,0.0020058155
420,420,0.09408894,0.5545963
958,958,0.13750899,0.23787576
487,487,0.011909675,0.005070865
705,779,1.1059685,0.51998055
576,576,0.0028658537,0.00014871359
337,337,0.013974214,0.026108503
652,652,0.66181064,0.1493125
937,937,0.0075539593,0.0046136975
765,765,0.19924629,0.42722034
36,35,0.89844173,0.22123796
176,176,1.3797785,0.67198527
243,180,2.0937927,0.2897498
481,590,2.1363153,0.22456393
532,532,0.067525335,0.14617181
715,715,0.003943824,0.008664548
229,229,0.03581354,0.07682705
788,514,0.6892466,0.45670336
848,754,1.1389574,0.14229575
285,281,0.2161229,0.3533004
369,369,0.8596475,-0.0963611
346,346,1.3927934,0.5842899
203,199,1.7154706,0.07434821
148,147,0.32702622,0.12113953
777,777,0.07512613,0.8139089
736,736,0.017210968,0.1422453
907,907,0.24036545,0.048849106
959,959,0.06231927,0.10928506
259,259,0.060992446,0.0016137958
174,174,0.40472588,0.37942457
713,713,1.282777,0.6781888
652,465,1.9211693,0.4024221
290,290,0.052607812,0.27195305
981,981,0.70215297,0.13154691
252,252,0.5253016,0.043679
