predictions,labels,entropys,plpds
484,484,0.048675817,0.06604147
819,819,0.42181855,0.3808639
756,756,0.10244405,0.22931981
488,488,0.3629452,0.94359297
549,446,0.89285517,-0.1232723
680,680,0.20069075,0.9518724
713,713,0.13622679,0.11482006
67,68,1.8299334,0.10965884
402,546,0.36371535,-0.0056966543
848,482,0.690533,0.24569255
586,586,0.015407565,0.012488067
853,853,1.8275995,0.73731863
367,367,0.21392983,0.22589701
935,935,0.88583827,0.37953678
476,476,0.002216138,0.03186351
301,301,0.16677588,0.6683706
908,908,0.6516283,-0.039096355
831,831,0.4960909,0.917162
330,331,0.70865226,0.3347354
524,461,0.7150331,0.03614843
342,342,0.4676725,-0.012333393
254,254,0.24221891,-0.008992434
527,508,2.1485035,0.23957953
975,449,0.3787373,0.10596323
529,529,1.2244831,0.07783252
769,769,0.031557184,0.0026859045
996,996,0.22257358,0.43658388
438,677,1.5480591,0.38509762
3,3,0.18245034,-0.00037950277
529,529,0.6126497,0.65531236
744,657,0.67087054,0.4961713
428,856,2.3195093,-0.06268367
746,746,0.022674609,0.09402031
941,941,0.03021823,0.630014
364,364,0.0007055655,9.3340874e-05
448,448,0.011260447,0.07869661
958,958,0.0066230064,0.0018886328
127,127,0.01770962,0.0029618144
122,121,0.4113862,0.09419638
686,686,0.026724484,0.980128
297,297,0.011476638,0.041035354
471,744,2.3445606,0.51050663
51,51,0.0030564936,0.060995042
231,230,0.7829223,0.33378825
473,473,1.2606618,0.7545301
357,360,1.2276738,-0.18711913
997,997,1.6936512,0.53705084
178,178,0.03509082,0.028602004
783,455,2.8121314,0.374732
20,20,0.023255844,0.07734853
111,111,0.023572112,0.007857859
875,875,0.5089265,0.06364334
40,46,0.4744508,0.0656665
208,208,1.1031305,0.4118167
545,755,0.77581227,0.1847232
948,948,0.2326834,0.9450669
965,965,0.07114373,0.036509693
125,125,0.108385,0.69785464
776,776,1.7366945,0.67733127
129,129,0.088680215,0.045325935
617,891,2.9688702,0.3735408
825,825,0.23654054,0.62493706
475,475,0.013787899,0.15263277
641,681,4.3702464,0.14517927
