predictions,labels,entropys,plpds
827,827,0.25101873,0.9074075
5,5,0.6722441,0.846685
298,298,0.07580426,0.00014150143
202,202,0.12075055,0.64367473
877,877,0.0019850559,0.01195395
829,829,0.3669159,0.74597156
173,173,0.021828534,0.018268704
56,56,0.22339116,0.033667445
571,571,0.008421067,0.017862737
19,19,0.26082262,-0.029476285
781,781,0.10178585,0.99033594
456,749,1.9576149,0.7289054
930,930,0.009480814,0.0038058758
808,434,3.2215176,0.26438457
859,859,0.023308553,0.3909437
855,855,0.3034782,0.100283265
972,972,0.4165463,0.051229596
166,167,2.2032018,0.30714813
428,428,0.07005535,0.06752682
337,337,0.0049336646,0.0014365911
156,156,0.5283728,0.036821663
886,886,0.017626736,0.16186482
162,162,0.06854682,0.44745713
825,825,0.0077493275,0.0006029606
688,688,0.18145919,0.101982236
372,372,0.015115245,0.13848537
764,764,0.016420875,0.010409296
936,936,0.0013690402,0.005653739
985,985,0.0067129834,0.002979815
538,538,0.14817232,0.27236897
391,391,0.49960822,-0.15785372
450,450,0.03418059,0.047534645
778,778,0.004613903,0.028165877
586,586,0.0050687334,0.0046969056
840,792,0.93472683,0.6759917
958,958,0.02759213,0.0853951
252,252,0.32969487,0.6901612
135,135,0.04837695,0.01197654
140,140,0.011378182,0.008167565
351,351,0.0682132,0.8054109
429,429,0.16333553,0.43925047
450,450,0.07188905,0.6460208
147,147,0.5841374,0.4340992
8,7,0.30453452,0.63168246
777,464,3.671173,0.3576976
610,610,0.26189312,0.9588514
187,187,1.4218093,-0.23437512
78,73,0.63443565,0.54009366
822,822,0.0011880798,0.0046414733
157,157,0.057337202,0.10472441
246,246,0.16746697,0.6925267
197,205,1.7964933,0.48498175
483,825,0.55594313,0.42799532
762,762,0.55455446,0.8396341
525,525,0.35466796,0.11464685
782,680,5.7167253,0.07345897
738,738,0.10275959,0.0048476458
82,891,3.78582,0.22707175
287,287,0.053555295,0.07706404
64,64,0.8506939,0.15073973
714,714,0.017049663,0.004683137
301,301,0.2739367,-0.038459957
101,101,0.80771446,0.6696154
813,813,0.14340623,0.93571347
