predictions,labels,entropys,plpds
610,731,2.8461425,0.33283946
235,235,1.5979112,0.13330156
891,891,1.290903,0.0009177923
112,112,1.1775354,0.6469409
103,103,0.44161963,0.5499099
90,90,0.052289292,0.02990359
192,192,2.4718304,0.26075548
83,83,0.18965259,-0.0057316422
314,314,0.2792333,0.23140073
20,20,0.007786597,0.049076915
123,123,0.05131373,0.15939945
840,840,0.01307364,0.0638023
865,917,0.18374196,0.27425253
214,237,3.1258774,0.3882181
145,145,0.0023847867,5.13196e-05
120,120,0.030915068,0.43625033
690,346,0.8911221,0.3943439
183,183,0.06975141,0.1943196
484,484,0.13296472,0.8490768
110,110,0.25037578,0.9406048
61,61,0.7202502,0.1458239
897,897,0.64087725,0.78285027
73,549,3.8907492,0.12149622
738,738,0.20103614,0.02452594
192,192,0.07801926,0.16595274
978,671,2.8381634,0.13237382
780,780,0.06173478,0.060278594
151,151,0.2550313,0.6720321
543,422,0.12917,0.07047385
613,613,0.12515755,0.980083
669,669,0.05658799,0.11877781
781,724,1.4658525,0.56474113
0,0,0.14843492,0.22368407
127,127,0.14468846,0.17918503
749,749,0.13341033,0.064385116
690,958,2.2241096,0.34239745
750,750,1.1566551,-0.038527727
796,796,0.67076534,0.16654164
377,377,1.462919,0.2076785
994,994,0.09444649,0.08408046
552,552,0.08782087,0.06189251
758,758,0.054140553,0.08467513
672,672,0.37779984,0.8288528
465,465,0.009593178,0.017728806
100,100,0.009356479,0.0027244687
475,475,0.14552006,0.20355642
286,286,0.010030413,0.0031175613
653,653,0.045478083,0.054313183
938,938,0.03964331,0.027682781
975,449,0.55502725,-0.06335431
987,987,0.8720929,0.08387679
16,16,0.109288625,0.93279076
148,148,0.037923917,-0.002420783
785,785,0.3720793,0.13739556
709,709,0.92613727,0.1439634
5,5,0.0068651005,0.8109213
463,463,1.0332224,-0.1710307
843,488,1.5221381,0.657533
540,540,0.35367763,0.5532849
528,528,0.81156456,0.8457228
635,835,1.3348808,0.13178387
743,743,0.05363221,0.92559785
645,601,4.176714,0.10061912
624,624,0.24054253,-0.012004733
