predictions,labels,entropys,plpds
832,832,0.0035665906,0.0012562275
384,384,0.06283873,0.2096368
727,854,3.5353973,0.32182845
223,223,0.03863973,0.030223906
867,867,0.13256463,0.012449443
622,622,0.11419217,0.040614307
614,614,0.0026772371,0.006272614
731,731,0.047591493,-0.0071994066
671,671,0.11128271,-0.0039619803
194,190,1.4369805,0.44031206
616,616,0.110312894,0.85410345
133,133,0.00036232744,0.0057346225
748,748,0.4242981,0.8123463
882,882,0.021165479,0.9338782
297,297,0.0016429862,0.0009419322
308,308,0.005041177,0.026706457
302,302,0.020380579,0.036992252
701,701,0.0008285978,0.015746891
990,990,0.0018434172,0.0033457875
561,561,0.5437635,0.704566
234,165,0.8661828,0.66997665
30,30,0.3421525,-0.030138612
257,222,1.8983237,0.13230683
564,564,0.033338364,0.9159318
970,970,0.6183228,-0.14430058
866,595,0.17815776,0.030427933
114,114,0.0019176234,0.0032356977
717,717,0.85587466,0.63763165
934,934,0.11653327,0.80752456
379,381,0.14959222,0.16518545
649,649,0.053443976,0.011348784
649,649,0.0025050612,0.014002085
129,129,0.007426899,0.5195801
880,880,0.06134267,0.943405
439,439,0.0011109873,0.0005916357
814,814,0.020548346,0.7415019
634,347,4.1499395,0.03061314
652,652,0.10588445,-0.0063028336
923,962,0.6416156,0.7703985
348,348,1.428777,-0.08872193
690,690,0.4930761,0.9223568
235,235,0.71105236,0.038055718
845,845,2.7967987,-0.56238735
643,643,0.0015151948,0.01033026
204,204,1.1137273,0.5937986
646,646,0.0077729467,0.025387168
73,77,0.7427001,0.59088093
334,334,0.014688561,0.87284636
218,218,0.66651005,-0.22620046
913,913,0.23056583,0.00032639503
453,453,0.09115602,0.06908083
518,518,0.028242746,0.99596953
331,331,0.023119228,0.030938208
989,989,0.018358186,0.22119021
957,957,0.011382379,0.0014355183
537,537,0.023201749,0.051303625
926,926,0.06320103,0.86847275
823,823,0.060922317,0.017115831
246,246,0.15082525,0.60485697
129,129,0.0011515624,9.304285e-05
896,804,0.77158964,0.71418226
185,193,1.3530275,-0.15059239
766,766,0.17880693,0.9616398
209,209,0.005055397,0.6370642
