predictions,labels,entropys,plpds
886,886,0.5809873,0.15992486
947,947,0.73649406,0.0008074045
419,419,0.17118102,0.9601641
766,766,2.5398397,0.38424006
881,593,0.7958026,0.8710583
583,583,0.16930361,0.21919894
379,379,0.19896908,0.03328049
586,586,0.20048644,0.9687705
612,612,0.14162204,0.8439567
555,555,0.1214409,0.23215389
852,852,0.07821868,0.7562936
789,789,0.32859993,0.9508773
913,913,1.0362759,0.8793475
892,892,1.2449474,0.7985157
356,27,2.9260883,0.33602995
663,663,0.38638848,0.92211837
986,986,0.09305447,0.0036411285
850,865,1.1671858,0.7958915
343,343,1.1864238,0.73301625
174,174,1.7927086,0.44036937
684,684,0.98354805,0.79537797
98,34,2.4153953,0.3803486
729,564,2.968008,0.28554076
653,558,3.4785213,0.21548522
491,116,3.6804252,0.21665451
496,496,0.25254986,0.7434441
790,737,1.7351689,0.4171677
827,827,1.1505698,0.61351275
629,629,1.9878193,-0.07532793
52,677,2.6371684,0.5314396
889,889,0.26858255,0.46285737
691,899,3.0592885,0.2824754
632,754,1.2754024,0.66503733
855,901,1.3118156,0.16963166
167,253,1.9641892,0.1921289
476,147,4.2759633,0.16904543
409,826,1.4316965,0.5975455
902,618,2.4334488,0.3562133
813,813,1.8361337,0.41119474
511,817,0.44009167,0.9201294
473,473,0.16689156,0.932231
456,456,0.31287298,0.9664797
225,225,0.17008308,0.09532839
41,41,1.2422755,0.58105415
383,383,1.0005682,-0.16436028
429,429,0.11258583,0.010724366
593,797,2.357953,0.53048426
699,643,3.3560033,0.39664152
577,577,0.5968112,0.646839
489,716,0.6635258,0.391465
119,58,3.8576465,0.10123584
262,154,0.97993505,0.5019906
265,266,1.3114877,0.783543
359,359,0.9428046,0.59854007
951,950,0.9155539,0.28642082
492,492,3.6035123,0.16611995
7,7,0.350956,0.097748995
75,75,1.1425049,0.09635371
349,348,0.60579365,0.60754967
178,178,0.2867403,0.97029203
734,675,2.096511,0.36320314
782,851,1.391299,0.7180497
89,89,0.24944708,0.76117915
257,222,1.9658177,0.42023152
