predictions,labels,entropys,plpds
402,402,2.5541735,0.29639995
699,529,2.3014996,-0.14045334
464,530,0.26760805,0.95364
975,978,0.43000454,0.20581537
419,596,4.1127996,0.09695523
295,81,0.53099865,0.5992174
166,167,0.84775656,0.48568368
365,365,0.51539147,0.92085814
894,811,1.8519382,0.64517415
73,73,0.33065832,0.15662122
920,481,5.005993,0.079531014
783,783,0.6485295,0.153296
843,843,0.88799196,0.36112872
678,752,2.4890056,0.53697175
73,74,0.6694875,0.7217462
273,273,0.30699763,0.9408902
373,292,2.6082575,0.23864073
870,870,2.2626395,0.507675
342,295,1.6947601,0.46208888
257,257,2.5598593,0.4391524
491,491,3.3700795,0.30403498
148,148,0.020459935,0.016019583
108,940,3.8403208,0.2034923
482,482,0.5601564,0.8952632
461,653,3.7575543,0.24956746
889,889,0.32843834,0.41386527
939,943,1.3358278,0.7801209
970,970,0.3134024,0.8510707
405,405,0.0582533,0.994118
526,526,1.6772656,0.6656118
84,84,0.4341915,0.8807967
886,559,1.5138443,0.61797595
225,225,0.023261156,0.08783662
401,401,2.6979294,0.50168353
332,256,3.2110076,0.2516863
13,13,0.21225576,0.10522324
481,481,0.18133256,0.967066
487,477,2.4908159,0.48342833
854,694,0.24081504,0.09549093
0,602,5.226164,0.069613434
141,141,0.09294678,0.13098913
299,299,0.24560475,0.08315724
254,662,3.891438,0.24535823
923,923,2.9205961,0.36567873
31,31,0.57530004,-0.037799478
407,734,0.68927103,0.5785984
385,386,1.3527945,0.3702083
188,203,2.8016195,0.336841
546,546,4.467957,0.157059
85,85,1.1029623,0.026962817
293,288,1.7524409,0.55635756
357,357,0.17115527,0.98182905
602,602,1.8546216,0.14672023
975,405,1.4752997,-0.14212465
249,270,1.0152732,0.68920803
599,599,0.21014117,0.052098572
874,874,0.87749517,0.49021673
653,999,3.4873862,0.25839567
264,171,1.9067172,0.4581162
510,842,3.1637924,0.35843593
156,156,2.203966,0.55508673
644,767,3.4105933,0.21731102
934,960,1.2876966,0.8134797
555,815,4.1768346,0.21926872
