predictions,labels,entropys,plpds
154,260,2.3105376,0.15841201
974,974,0.095723346,0.6055856
293,293,0.06371069,0.0127052665
713,713,0.30706877,0.940333
732,732,0.5493538,0.9017535
133,133,0.1836479,0.8578777
301,301,0.5138526,0.9020898
338,39,2.4430168,0.34509516
99,99,0.05978423,0.065950334
497,497,0.47981435,0.8633933
211,211,0.16944087,0.7567314
696,696,0.06486193,0.9934251
274,274,0.010247532,0.9609824
751,545,3.7358522,0.17279695
387,387,0.016669456,0.062405348
955,955,0.077683404,0.0317201
403,870,1.959223,-0.0983029
499,965,2.050456,0.44963703
240,240,0.70197165,0.50385785
546,875,2.4123065,0.39234453
210,761,1.927332,0.6442828
234,234,0.4676457,0.7625029
292,806,0.9763145,0.7791621
275,275,0.044034973,0.14991045
738,899,0.14490078,0.06964284
446,446,0.5812006,0.85646653
473,473,0.09521069,0.98502594
934,934,0.04303958,0.91639185
826,570,3.5208137,0.21243358
313,313,1.6933422,0.42604282
355,183,1.5500574,0.44705787
779,779,1.292125,0.59615386
105,210,1.9976249,0.39648482
113,998,2.1746848,0.5692736
476,476,0.30022904,0.9437766
420,420,0.07817084,0.98926055
187,187,0.6980321,0.6161506
94,16,1.9697092,0.6327747
923,923,1.0403384,0.6426321
3,3,0.016659545,0.58311
475,960,1.5973887,0.49271563
858,853,0.5914601,0.8105393
756,756,1.5459291,0.59504837
823,823,2.1073613,0.6173686
471,471,0.57190883,0.9159378
173,173,0.013167283,0.02142024
263,263,0.16028866,0.4088295
676,676,0.25183922,0.9628952
697,614,0.97708106,0.6880735
573,704,4.3195763,0.125479
463,463,0.29125416,0.28239447
247,247,0.033411738,0.97430074
541,469,2.1353528,-0.22124761
223,252,2.0698395,0.3346664
179,179,1.9066503,0.5692091
277,278,0.60665625,0.7362862
983,983,0.34667122,0.9620655
615,615,0.21618964,0.6394503
883,883,1.2299796,0.6179077
896,896,0.02621878,0.93359953
991,991,0.7353802,0.09605789
251,251,0.030147258,0.16970968
87,658,2.1453478,0.5883808
58,60,0.58128285,0.8644041
