predictions,labels,entropys,plpds
885,841,1.7942204,0.54862094
35,36,1.0570873,0.6373816
843,596,3.596771,0.24761379
114,114,0.15690432,0.21124357
979,979,0.021544188,0.99379855
17,19,0.4573499,0.8600748
492,492,1.8888484,0.70154494
864,864,0.4097641,0.8553396
411,529,4.053649,-0.4130872
692,584,2.5995524,0.2712525
17,17,0.04779271,-0.0018312931
862,862,0.15887019,0.9835461
379,368,1.533896,0.3307266
263,259,3.0224457,0.2657697
541,737,0.75428975,0.7072222
295,295,0.068648346,0.9891072
354,354,3.0416899,0.27882412
64,64,0.09098895,0.97936696
984,984,0.766493,0.36648157
608,608,0.01686535,0.42000264
40,40,1.1400143,0.36721677
244,207,1.433548,0.42031702
884,884,3.8395383,0.3785899
131,131,0.45976916,-0.07569295
568,568,0.1959847,0.50579643
640,68,1.0500796,0.48271218
685,685,0.12834112,0.00213933
459,459,0.07341447,0.9578754
201,201,0.89700747,0.58210254
555,555,0.04420016,0.47919118
280,201,2.0959,0.44457573
207,207,0.141355,0.4940309
18,18,0.2521616,0.95619065
989,949,0.77558064,-0.10639149
8,8,0.33234343,0.13807034
820,820,0.10603718,0.98413366
748,692,1.6360643,0.63834834
894,894,0.12450485,0.9675511
220,220,0.12677845,0.22087449
420,420,0.19911604,0.9793757
883,883,0.47328246,0.8757853
716,716,0.52357906,0.8877669
552,552,0.36405754,0.10442263
191,191,0.86343765,0.65106034
137,137,0.022391748,0.024298847
85,85,0.39210272,0.88143224
225,225,1.125949,0.7769178
712,960,2.8590083,0.30285075
399,501,0.6340394,0.8825817
427,719,1.3048844,0.71413183
15,15,2.4514718,0.5310611
624,624,0.83763444,-0.2503934
610,841,0.81990194,0.39575058
101,542,2.7623377,0.32987136
488,451,1.0551692,0.71077687
689,834,0.9399123,0.6786669
984,984,0.045507,0.0026707053
77,58,3.582891,0.20040268
458,458,0.0965773,0.9834477
528,971,3.5869718,-0.3024372
548,493,4.0301056,0.14320341
340,275,0.9523349,0.8633864
246,176,1.5276545,0.51810145
154,155,1.1943635,0.55083704
