predictions,labels,entropys,plpds
557,557,1.5695243,-0.32760102
427,877,1.076585,0.63440216
738,738,0.033724338,0.0061921477
263,263,0.3976998,0.18281937
808,808,0.79675925,0.8392192
583,583,0.067632206,0.94302166
806,806,0.04047107,0.025723279
565,565,1.6434911,0.6137911
206,206,2.0457947,0.20087484
304,321,2.5755472,0.46330625
11,11,0.0896364,0.23067224
759,622,3.9505665,0.13672166
365,365,0.2580283,0.07487649
739,788,4.394415,0.20275603
686,686,0.08390013,0.24095982
207,219,1.4792924,-0.19445688
588,588,0.49768344,0.8882039
583,764,3.6917455,0.19843842
476,476,0.093058065,0.9914693
353,352,0.36387914,0.24928087
935,959,0.3023648,0.9521554
998,975,2.1410074,0.48343992
64,55,1.2407467,-0.08114141
835,426,1.4057002,0.6524616
698,624,1.0187438,0.7093207
601,424,1.6691335,0.4888334
56,56,0.13935181,0.023983777
241,240,1.2668319,0.14996403
81,81,2.5906584,-0.6139655
251,251,0.05452175,0.7384616
187,187,0.120648116,0.5522454
946,946,0.49704358,0.14277965
581,581,0.11468238,0.98675114
794,854,0.25061867,0.9026583
548,598,1.8736022,0.058517426
591,775,2.217265,0.44349793
3,3,0.31356308,0.9138289
777,917,3.5584974,0.22020368
945,945,0.02107378,0.0008981228
36,753,3.3924937,0.3222358
721,745,1.6483173,0.7289338
505,969,2.1462164,0.44291827
668,668,0.12634715,0.020614564
103,390,0.6397896,0.77964437
263,263,1.1058342,0.73577935
390,390,0.56033486,0.9370966
238,239,0.6723762,0.47883433
77,73,2.392695,0.4372093
637,637,2.393794,0.3065579
886,886,2.0727305,-0.42962876
12,12,0.013580142,-1.680851e-05
810,879,3.3458772,0.22658832
202,202,0.8521772,0.6001758
205,205,0.95742726,0.75058126
343,342,2.2676544,0.3744441
245,898,1.2667166,0.53448886
245,195,2.6494355,0.1974634
628,628,0.4628673,0.9393289
209,209,0.34352282,0.21173292
391,391,0.019065108,0.7185519
480,480,0.36349055,0.6241823
28,28,0.3761856,0.93964815
88,88,0.70073086,0.683495
496,658,1.0796438,0.7136741
