predictions,labels,entropys,plpds
16,16,0.64119637,0.6990337
126,105,1.7148721,0.5767761
867,867,0.8141222,0.79089975
137,137,0.044980206,0.9866179
626,644,0.14892618,0.9846175
24,24,0.0045582103,0.9996465
967,967,0.11520543,0.5526378
64,46,0.85976744,-0.061866462
62,62,0.41526997,0.13038743
425,425,0.011728809,0.0034537315
936,936,0.013531968,0.002046883
722,722,0.19460097,0.045012593
229,229,0.15382774,0.35180777
367,367,0.009731252,0.042307436
316,316,0.3789976,0.80416834
317,312,0.9684929,0.8193794
868,868,0.22631171,0.95131886
874,874,0.6153603,0.7923317
187,187,0.11638097,0.8861878
141,141,0.04779629,0.014884293
360,360,1.7448723,0.31933463
842,842,0.91390324,0.82331157
21,21,0.07487103,0.14521164
364,364,2.4862916,0.2281322
273,273,0.023222264,0.004711449
440,99,3.6930556,0.2491605
378,378,0.032527912,0.03000611
110,32,1.3168664,0.33581227
294,294,0.0035840392,0.1287821
791,716,0.07359387,0.98829424
117,117,0.002736473,0.0026878119
934,934,0.07117615,0.04100102
840,749,2.1546159,0.65523785
596,667,3.1354713,0.31018254
891,740,0.9422157,0.57891905
572,966,1.3923571,0.48394
112,38,0.30209136,0.931893
812,727,1.67132,0.516751
910,416,0.8948658,0.2665844
135,135,0.015528245,0.14287424
128,128,0.017775547,0.9177043
636,636,0.70647335,0.6485485
696,551,0.9261458,0.49611744
491,491,0.0731921,0.5518172
368,368,0.00879208,0.0031943917
982,982,0.63797265,0.8839807
572,907,3.4334989,0.45226288
260,259,0.22563885,0.9468866
67,67,1.3543255,0.33126813
766,766,0.0022758376,0.0027207136
88,88,0.055106662,-0.004018545
224,224,0.6931408,0.77931035
970,970,0.5964213,0.8992834
478,478,0.5808282,0.9284275
933,933,0.024392383,0.051040888
260,260,0.9233872,0.82430804
101,101,0.7305659,0.6617011
741,658,0.77393854,0.7920093
116,116,0.31049317,0.81523335
614,173,2.2732012,0.32116196
403,403,1.0700269,0.13240102
583,743,1.8123357,0.0976111
976,978,0.88373214,-0.41638178
813,813,0.87313366,0.1648762
