predictions,labels,entropys,plpds
635,635,0.72637385,0.788351
998,987,1.3300724,0.59735537
671,665,1.1380728,0.030510962
324,324,0.48339424,0.93598324
42,42,1.5132458,0.7714985
277,277,1.4605005,0.69586796
616,44,5.221084,0.110747196
355,145,4.308258,0.12833019
145,145,0.25976118,0.00304389
171,890,3.981246,0.10132334
438,840,2.4468358,0.4891891
305,305,2.2114437,0.58600867
285,282,2.2856555,0.66663337
32,119,1.5552142,0.6280581
108,108,0.597697,0.50909835
121,121,0.91352725,0.83100116
261,204,3.2675755,-0.08372164
158,158,2.1096818,0.6794546
716,716,2.000157,0.6622473
215,215,0.33615485,0.882854
791,830,3.5167732,0.32364666
718,833,2.9731817,0.43126127
199,199,0.39166534,0.939263
445,775,1.9704316,-0.26189977
950,950,0.8604185,0.83484215
365,365,0.32770658,0.020645142
65,28,3.9248111,0.22099714
80,21,3.2958748,0.13724476
235,244,2.1371713,0.48945057
952,952,0.14633869,0.00024098158
691,837,2.8503742,0.2739817
345,357,4.861318,0.15369838
368,402,3.7592418,0.31320974
915,915,1.2070785,0.8492377
464,464,0.8797136,0.8783192
239,239,0.54244137,0.21087533
335,570,4.2485733,0.15493512
380,381,0.9909191,0.7699736
490,889,3.1678543,0.36763605
881,415,1.2372637,0.7962912
453,495,1.7261574,0.6498373
456,432,4.0069394,0.15304476
324,324,1.8577473,0.54371583
882,882,0.64526534,0.92295957
221,221,0.18723553,0.569445
156,156,0.5081458,0.14280766
965,965,0.7254517,0.86463314
497,483,1.876882,0.7480611
978,460,2.2988381,0.53983927
379,379,2.2027078,0.44301984
689,499,1.70294,0.53178257
439,686,2.5691967,0.38236672
975,718,1.9113588,0.39764023
374,371,1.4685122,0.68833065
8,8,1.0006531,0.810929
641,641,0.30047467,0.07319701
480,480,1.9242634,0.69018394
517,517,0.80120087,0.90381074
772,709,3.417167,0.20726173
93,93,0.24505545,0.94303346
913,913,3.1867497,0.28202596
753,811,1.1331289,0.7778058
310,310,0.34372902,0.9142284
600,600,1.0886269,0.8417089
