predictions,labels,entropys,plpds
125,316,0.6987136,0.8145686
199,199,0.15901722,0.4738344
960,960,0.68131614,-0.37587446
385,385,0.7365677,-0.096380174
77,77,0.27705687,0.93010235
703,703,1.6297823,0.54411924
387,387,0.088514455,-0.003964305
495,495,0.06403167,0.1602897
830,830,0.24885759,0.5523304
483,858,0.9116954,-0.27121842
649,649,0.08543187,0.99035656
674,616,2.1081212,0.4660723
938,938,1.7001324,0.43056384
779,779,0.016935783,0.011003435
676,151,1.6624074,0.58130074
526,711,4.467388,0.087892674
345,345,0.02837851,0.09815806
231,157,2.0192351,0.49366334
568,869,1.3885691,0.68655246
897,897,0.24589208,0.9657356
852,852,0.0060692052,0.0020837188
827,827,0.07211536,0.9910617
495,495,0.013912365,0.102152646
881,513,2.1325,0.4171395
894,741,2.2470527,0.50317055
174,174,0.043581314,0.98217726
378,378,0.029262373,0.021341681
861,423,1.6944338,0.5394754
936,944,0.4558996,0.08452517
716,705,2.2886438,0.092354566
86,86,0.6921442,0.60741454
508,508,0.10673764,-0.01239723
196,198,0.7289298,-0.18695462
464,961,0.5431214,0.48046398
827,84,0.3804624,0.958
157,152,1.8180444,0.38345066
692,549,1.8802869,0.42022312
110,110,0.03145996,0.9286878
12,12,0.009424361,0.001358211
190,190,0.11669968,0.9361066
724,724,0.19008319,0.9486544
485,742,0.9736968,0.7269017
631,585,1.0917069,-0.026441872
523,536,3.07541,0.42676887
12,12,0.0025845184,0.0003182888
284,284,0.006655667,0.0054304004
795,795,0.1320747,0.4035328
49,67,2.8565836,0.2823456
22,22,0.060057808,-0.0064715147
83,83,0.09511323,0.7050391
19,19,0.019170634,0.052664876
850,961,1.9646711,0.597264
347,347,0.0073510287,0.0043981075
531,531,0.57930785,0.7606417
134,134,0.1690867,0.33653766
795,795,2.4481542,-0.11726636
777,426,0.8472659,0.79981774
232,207,1.5885466,0.47856626
462,462,1.151225,-0.3165369
619,846,0.18084705,0.019494295
340,340,0.010388097,0.042010844
245,622,2.9895072,0.19768529
97,97,0.057522513,0.2762602
326,326,0.27615058,0.32102382
