predictions,labels,entropys,plpds
601,601,0.018942896,0.5683295
420,420,0.016931267,0.034741998
698,576,0.55004954,0.700464
367,367,0.10110485,0.2695318
271,271,0.0012010176,0.021911323
275,275,0.029999953,0.019147635
748,748,0.03792664,0.8164038
257,257,0.63675666,0.660462
475,475,0.0015460297,0.00018304586
313,77,0.4062572,0.26992452
92,92,0.019697906,0.003716588
550,550,0.07864714,0.775304
904,556,0.30681792,0.7360138
568,568,0.11194123,-0.0055256486
687,687,0.014148779,0.0022786856
420,420,0.039043225,0.032031834
954,954,0.05556816,0.040017843
660,660,0.3121541,0.9058875
790,748,1.8021767,0.5628354
218,218,0.07761016,0.050717533
978,978,0.89363563,0.74579597
293,293,0.13277608,-0.013843358
959,959,0.0075633666,-9.6440315e-05
203,203,0.23629597,0.056973755
850,850,0.085691005,0.2240259
937,937,0.2673109,0.02400285
31,31,0.32235184,0.05056566
385,385,0.36968392,0.9367707
670,670,0.6204113,-0.031149864
870,523,0.70610464,0.38130516
535,535,0.09408736,0.98698956
646,646,0.0065229554,0.010804296
517,517,1.1563386,0.68540066
713,713,0.21501303,0.94735134
735,735,0.24956827,0.9509844
734,734,0.52609724,0.08273381
322,322,0.009027993,0.03417641
676,730,3.6647494,0.14965533
372,205,2.2387037,0.45976523
670,670,0.22200558,-0.0300228
277,277,0.07793982,0.036278248
347,491,1.8247447,0.5390058
203,203,1.0724766,0.49830225
107,111,0.27956414,0.06559509
73,73,0.47327587,0.24938703
156,156,1.2299968,-0.16173607
846,844,0.8765606,0.55613333
784,784,0.4045025,0.8787489
79,79,0.061905004,0.010439932
154,154,0.7138294,0.23519492
736,736,0.0002568633,0.0032771826
950,950,1.45091,0.6681529
366,366,0.003248787,0.1735521
9,9,0.01324068,0.0061463714
828,618,1.0153447,0.71518695
304,304,0.26023617,0.6436843
887,887,0.31986964,0.766312
934,935,1.0927022,0.43096554
407,407,0.11998907,0.021881461
149,149,0.0028311121,0.006064236
439,439,0.00548164,0.0115695
643,570,0.6116183,0.84295595
613,650,3.5585961,0.20565905
425,425,0.7485911,0.8045314
