predictions,labels,entropys,plpds
91,91,0.002181029,0.10845417
380,357,2.30796,0.545815
891,891,0.035781045,0.3067382
560,776,3.024742,0.3041029
555,561,0.041072335,0.32141197
100,100,0.0003871941,0.00010251999
310,300,1.459382,0.18977806
182,184,2.1641948,0.29577747
926,926,0.3703263,0.5095127
818,818,0.14889526,0.20496821
389,389,0.024270928,0.5714313
350,350,0.0039151767,0.00017803907
946,946,0.0063501447,0.04119557
598,664,1.8476961,0.4553271
163,163,1.139915,0.30568746
5,33,1.3171294,0.13486698
293,288,0.004253429,0.0054637194
428,653,0.34872946,0.9082699
90,90,0.0004747366,0.0002169013
645,645,0.015122297,0.11340737
260,260,0.9257192,0.81503594
168,168,0.9423326,0.77879
339,339,0.002311077,0.0029689074
4,4,0.020602398,0.5772157
840,840,1.2282517,0.76521695
608,608,0.050139464,0.009899139
825,712,3.084728,0.46532992
853,853,1.0338571,0.78355265
661,661,1.0884202,0.7851938
176,172,2.672492,0.11836019
455,720,0.8218661,-0.011263251
368,368,0.01569538,0.004262328
338,338,0.018250119,0.5469361
327,895,0.04087261,0.041796505
782,851,1.7319254,0.40802068
588,588,0.10378632,-0.0041802526
669,669,0.011085561,0.40499407
352,352,0.41938272,0.69927686
454,764,3.121865,0.32065114
102,102,0.14248905,0.90658593
784,784,0.5747533,0.87794906
756,756,0.13802692,0.9371387
636,636,0.29209635,0.2593773
684,684,0.13290039,-0.0129134655
755,755,0.053735726,0.9742554
235,248,0.3192674,0.87868285
360,360,1.2088256,0.52276677
221,221,0.03210463,-0.00021880865
800,800,0.16548496,0.57492554
560,560,6.0361694e-05,2.2768974e-05
672,672,0.15192538,0.5049335
2,3,0.69741726,0.057775855
606,606,0.014702009,0.019694686
9,9,0.00022965227,0.0010525584
0,0,0.0033774194,0.0006515384
616,616,0.0026650978,0.013096273
205,205,2.5206978,0.3313569
493,689,3.001375,0.28202838
960,928,0.28103378,0.8114186
604,604,0.007458359,0.036823332
660,656,1.5258703,0.6445649
676,676,0.004350608,0.005558789
365,365,0.0049150055,0.0011284351
541,541,0.7734414,0.82359403
