predictions,labels,entropys,plpds
86,86,0.6020756,0.5210351
561,561,0.033970933,0.17642051
583,583,0.014101514,0.5316717
461,524,1.3084373,0.49038678
453,648,0.8224922,0.48234692
406,736,1.8524866,0.5516047
989,989,0.25384727,0.7296699
336,336,0.022881936,0.35217422
240,240,0.97031903,0.64667207
654,827,2.9192169,0.38578698
129,129,0.0061039412,0.026819468
250,229,0.7266564,0.6531281
425,425,0.01326127,0.068737745
28,28,0.026624754,0.0010343194
941,941,0.101179734,-0.008933246
593,558,1.4667506,0.61104316
858,858,0.00073182135,2.3841858e-06
986,986,0.051581286,0.019634664
33,33,0.69451475,0.77856225
370,370,0.030219177,0.0557158
938,938,0.030575309,0.02350378
584,584,0.002224124,0.0011259913
943,943,0.8292973,0.40894693
893,636,1.0092456,0.18729621
223,223,0.344414,0.8729068
53,53,0.1577231,-0.0024701953
229,229,0.54016185,0.9121719
963,963,0.10605383,0.21802092
426,426,0.067638025,0.9562146
76,76,0.9263078,-0.045533
787,456,3.8920913,0.20783432
477,477,0.29580075,0.86641794
978,976,0.84026855,-0.20820242
615,615,0.04356813,0.06895375
790,790,0.9038693,0.7662437
217,217,1.0748951,0.057964742
283,283,0.6508332,0.8089572
482,848,1.3270223,0.48920572
294,294,0.02197201,0.001999855
216,216,0.007327714,0.00040870905
45,45,0.03241628,0.024217367
777,777,0.020812787,0.26122063
288,288,0.16585283,0.073863685
515,515,0.13166118,0.74877936
420,420,0.045275293,0.013667285
883,907,0.44591886,0.88346636
528,528,0.005281074,0.81140757
659,659,1.4775243,0.47442636
555,555,0.03434991,0.053878486
152,152,1.8463734,0.020722926
747,841,3.7170718,0.2501317
152,152,0.3459107,0.1849721
805,805,0.0014651587,0.9991896
419,549,0.93185544,-0.19822699
596,587,0.71829194,0.47414038
852,852,0.009847924,0.001416862
662,798,1.6925838,0.60932887
688,688,0.013120159,0.0007480383
15,15,0.011982782,0.9621707
984,984,0.0151562765,0.0003015995
176,176,1.063991,0.57919705
11,11,0.08009798,0.009336293
164,164,0.08326949,0.08997995
856,775,3.827157,0.1532226
