predictions,labels,entropys,plpds
482,848,1.3258187,0.4679996
384,384,0.0029496194,0.38689792
501,513,3.515831,0.42312622
531,531,0.18238126,0.11528134
946,946,0.0077004135,0.00039941072
789,789,0.23690724,-0.030858517
91,91,0.08445786,0.9879323
522,522,0.062323827,0.030296981
921,638,1.9639765,0.45061347
253,253,0.0067524686,0.99427867
420,420,0.4737602,0.92017007
432,432,0.040892296,0.0048261285
570,570,0.26268715,0.95429975
100,100,9.396457e-05,5.4001808e-05
326,326,0.016860347,0.94130695
854,854,0.0052625933,0.10141373
573,751,0.7270107,0.6698291
445,445,2.277389,0.32291493
441,647,0.81890863,0.7759612
726,726,0.00044307244,0.027561843
224,246,2.9559267,0.21113867
649,649,0.80542094,-0.090574026
508,681,0.30515534,0.037196577
963,931,0.4977603,-0.043539405
941,941,0.0038475278,0.009453297
129,129,0.29850364,0.079640746
671,671,2.4909782,0.5066579
576,576,0.0690417,0.89504796
393,393,0.024147835,0.024361908
457,457,0.24072295,0.43806428
255,255,0.20819934,0.512028
265,283,1.3852445,0.47149032
13,13,0.0008850547,0.036386967
990,990,0.0029374922,1.7404556e-05
996,996,0.14256585,0.08999246
424,424,0.46843398,0.31313896
830,830,0.83023703,0.6175598
114,114,1.1027981,0.7564218
229,229,2.1054118,0.3283204
112,119,1.4713459,-0.39443862
139,139,2.0786772,0.14588195
144,144,0.0152868265,0.38448054
764,764,0.040551282,0.101635695
887,887,0.03749962,0.8155529
296,296,0.0042117545,0.00056165457
671,880,0.7117552,0.86304516
659,809,0.18514712,0.45478857
902,902,0.13132298,-0.00818038
49,49,0.049658854,0.110749245
502,502,0.002526077,0.045127273
907,966,0.7865969,0.5837568
470,470,0.10114727,0.9408116
303,304,0.8301263,0.57313526
224,224,0.06571,0.5783123
376,376,0.06367825,0.16153121
873,873,0.009528387,0.90748304
909,909,0.33182576,0.1655674
787,542,2.7685227,0.23508012
225,225,0.13249277,0.7416799
835,835,0.04308088,0.9804759
94,94,0.0056060026,0.06403345
234,234,1.0497148,0.07383454
596,596,0.16620697,0.13725293
425,425,0.21069154,0.09556532
