predictions,labels,entropys,plpds
634,634,0.57171464,0.13600594
72,72,0.90334487,0.50705945
165,165,0.98477036,0.7069399
624,624,0.053473085,0.0042259693
137,137,0.00072760053,0.036946833
490,490,0.07349984,0.01832217
372,372,0.011093808,0.027004898
247,247,0.022882415,0.9951487
299,298,0.06285446,0.0013868213
610,610,0.025216421,0.99477744
28,28,0.12871507,0.23377371
885,794,0.18887097,0.5467403
40,40,0.5724657,-0.105989814
346,346,0.07438576,0.946164
107,107,0.0009334392,-3.0755997e-05
782,851,1.1825238,0.5545348
456,456,0.010421203,0.9537086
704,704,0.00076313916,0.00021761656
395,395,0.1533165,0.97926813
464,746,0.3814418,0.8434352
652,841,1.5543191,0.54311156
58,58,0.29555166,0.91662824
614,614,0.006764965,0.2741788
984,984,0.02581695,0.03470862
778,778,0.007631595,0.11313373
236,236,0.94715023,0.79342294
375,375,0.026983745,0.012106121
177,177,0.013177002,0.9981168
572,572,0.22096427,0.8759086
46,40,1.2870473,0.59829164
731,731,2.1238704,0.44026187
188,266,1.8074896,0.5634656
213,213,0.4256432,0.040203154
620,681,2.7461495,0.25647527
25,25,1.4566138,0.20411056
319,319,0.06498857,0.88009864
234,213,1.6696596,0.4093896
764,872,1.5419477,0.3748723
920,920,0.0010467032,4.5895576e-05
240,241,0.84420246,0.26085433
54,54,0.48630014,0.16504693
719,719,0.0049676565,0.99429774
157,157,0.47882667,-0.08170742
823,823,0.088041484,0.9639918
267,267,0.041481845,0.06143105
267,267,0.012921177,0.9351802
341,341,0.001010509,0.0070570707
973,983,2.9525385,0.16669829
520,520,0.061568685,0.058162928
210,210,0.04517424,0.64082867
221,221,1.4042261,0.34369937
761,761,0.014014,0.002662778
928,961,0.39621776,0.023612916
415,961,1.7671006,0.10365507
979,979,0.12745965,0.19207811
223,197,1.6242114,0.14517874
978,977,0.13548517,0.2006321
632,482,1.5669504,0.29302067
843,843,0.00018135746,0.0028406978
115,115,0.054755002,0.5293801
622,622,0.95869327,-0.18292236
857,566,1.638105,0.64145696
872,872,0.026558738,0.773195
244,244,0.010247373,0.029272854
