predictions,labels,entropys,plpds
421,775,0.57742536,0.8146515
3,3,0.087270655,0.6182497
850,850,0.36289185,0.34691048
781,781,0.3133666,-0.0034838915
308,308,0.007896686,0.8444622
947,947,0.41731697,0.23037589
65,62,2.425851,0.4105092
241,238,1.6745057,0.44759247
877,877,0.45131588,0.95193624
684,684,0.01025303,0.033376813
980,980,0.0069341077,0.16719913
432,776,2.3110752,0.51619536
169,169,0.13930666,0.9197239
366,366,1.054789,0.47673303
966,686,3.8152528,0.12015888
558,558,2.0975683,0.32456744
82,86,1.183315,0.8564671
223,254,0.58503044,0.9196695
616,616,0.069877766,0.6150341
879,879,2.4170556,0.5411613
115,115,0.018207472,0.2864647
831,831,0.19579852,0.9742169
383,383,1.053972,0.82270545
498,498,0.31747508,0.9620071
560,861,3.0088725,-0.57491934
832,832,0.29614344,0.36018795
824,824,1.4309568,0.61655605
488,34,3.0934238,0.37086254
967,967,0.074108064,0.053353965
895,895,0.06598487,0.038243413
393,108,0.7641827,-0.17707592
384,384,0.4454415,0.9439112
606,606,2.7197573,0.39331672
188,282,4.0149384,-0.05417738
706,706,0.5303687,0.87877256
193,201,1.7110052,-0.16021693
668,668,0.018916229,0.50109434
957,692,2.596816,0.38984153
923,923,0.14382696,0.034062743
208,208,1.4581945,0.3608961
821,821,0.05203,0.57625747
125,125,0.29964378,0.9715453
185,185,0.809197,0.76771486
93,93,0.05457309,0.031826377
399,399,0.2091105,0.3300616
585,585,1.0720243,0.7072025
77,71,1.3299884,0.68328285
903,903,0.0033630074,0.023281038
75,75,0.1778863,0.95965433
55,55,0.12910408,0.48918998
548,648,1.8477228,0.63662374
214,221,1.6411119,0.55794126
904,904,0.03655915,0.011472762
243,243,2.4825091,0.30721357
447,879,4.4428024,0.05117278
142,142,1.4261429,0.6098576
947,997,0.6985334,-0.19191694
666,666,0.20914316,0.97678447
976,976,1.1721687,0.73227715
91,91,0.020620758,0.013276756
471,609,3.8843484,0.25966817
984,984,0.07869681,0.11323458
389,389,0.13252994,0.21833026
119,120,0.6108548,0.8000883
