predictions,labels,entropys,plpds
722,722,0.112918586,0.26979876
518,518,0.016587006,0.9842357
970,979,0.56783986,-0.01849556
994,994,0.0005654665,1.680851e-05
509,509,1.1620682,0.44399917
962,762,0.111764446,0.9818849
485,485,0.90523005,0.8030177
400,400,2.374356,0.28259686
926,926,0.104875326,0.9785633
692,767,3.3213327,0.2114379
524,524,0.8653023,0.31283978
277,277,0.065687425,0.034906924
195,195,0.09274436,0.9699091
912,912,0.024025343,0.28396356
288,288,0.36103797,0.2790988
31,31,0.295713,0.9141507
817,511,0.8803379,0.5480638
636,764,3.4339366,0.21761319
500,500,0.2473981,-0.02871859
631,585,0.73239297,0.5196663
842,842,0.6664182,0.8822679
411,474,2.086641,0.1907318
750,750,0.11831269,0.96541715
114,114,0.011739369,0.8700826
138,138,0.09967616,0.962177
194,194,0.0027953556,0.033637524
431,431,0.014228058,0.99573606
509,509,0.3377161,0.9092237
799,877,0.8869239,0.82784975
965,964,0.019094301,0.6342578
119,119,0.11244906,0.16470629
951,951,0.031973723,0.013642728
294,294,0.018592698,0.9828098
786,786,0.20180984,0.9206565
675,609,2.4047835,0.25537592
22,22,0.0032937038,0.022101402
118,691,1.5883006,0.69610107
938,938,0.0046283533,0.0009291768
113,113,0.31988937,0.9171081
449,449,3.894633,0.16679907
187,750,0.5086194,0.20187527
541,541,0.23609515,-0.030556321
822,822,0.0005910135,0.0022144914
48,48,0.048291165,0.9907026
723,723,0.0459596,0.013340116
352,352,0.51718193,-0.03948623
619,846,0.6949104,-0.27621228
106,330,1.9116457,0.6076891
933,933,0.0015945414,0.0012751818
263,263,0.12776928,0.9567586
703,630,0.017111504,0.87552863
90,90,0.0006453057,9.9897385e-05
203,203,1.2484571,0.5751364
404,404,2.3960814,-0.42143443
697,411,1.5001769,-0.394589
8,8,0.45990095,0.42035252
705,820,0.5362209,0.8436316
497,660,1.111511,0.64140576
857,762,0.21076939,0.9734571
293,293,0.0055108233,0.0035755038
989,989,0.0005232036,0.00016361475
125,455,0.7518539,0.81995744
443,443,0.002183242,0.93072563
837,633,2.1425457,-0.19088721
