predictions,labels,entropys,plpds
26,32,0.85249746,-0.07979554
829,829,0.033314265,0.057882547
700,999,2.5241046,0.3383163
813,813,0.0036778403,0.0014894605
764,764,0.72699165,0.050558895
375,375,0.010365834,0.0017689466
538,538,0.2714932,0.8143334
205,205,0.21154684,0.12264466
818,818,0.28674477,0.7076651
296,296,0.0019077653,0.0007838607
431,720,4.0269213,0.11706688
23,23,0.007884326,0.6811006
835,835,0.521262,0.8822467
846,999,1.0926397,0.56177974
458,458,0.004738833,0.88165826
48,48,0.02276491,0.989608
423,423,0.18912022,0.3289662
187,187,0.34150928,0.07864261
183,183,0.032284614,0.12740713
295,297,1.8684753,0.5832191
901,901,0.47366473,0.43354943
712,712,0.31422865,-0.033901453
661,661,0.009565287,0.0037869215
682,682,0.010604309,0.16549903
850,388,0.2081855,0.66389346
0,828,2.6266546,0.26217103
224,224,0.080091015,0.42588878
746,746,0.0021272996,0.0003053546
131,131,0.004717377,-0.00031107664
772,772,0.11000322,0.9630196
731,731,0.4814891,0.9278755
578,578,0.5673439,0.79770964
643,577,1.8877834,0.23877265
837,837,0.4541507,0.19263661
244,244,0.096322104,0.009559214
51,51,0.0019423122,0.010023475
297,297,0.0007583503,0.00014835596
265,265,0.23551291,0.031544864
404,908,0.1473414,0.66592896
731,678,2.8822463,0.4161471
800,800,0.04136153,0.4701333
294,294,0.005629636,0.00023174286
797,797,0.117513426,-0.008001447
852,852,0.019320307,0.12746638
583,583,0.0011913528,0.044173837
956,956,0.0003521081,0.013546884
57,57,0.007205262,0.0004889369
247,247,0.016958088,0.25283456
712,712,0.0017340012,0.0002411604
791,791,0.018523207,0.0032226443
481,401,1.0957602,0.59726644
122,122,0.054641213,0.14619023
505,503,0.91437757,0.48345262
896,896,0.018573187,0.99016047
452,452,0.021725167,0.92417675
215,215,0.0037181028,0.0013741851
380,382,0.5444204,0.2605176
435,435,0.70517254,0.61725855
754,754,0.4320832,5.9604645e-07
357,356,0.13799301,0.19068217
10,10,0.0012776647,0.0019465089
738,580,0.61162114,-0.23385268
316,316,0.0027483702,0.004591942
984,984,0.2803048,0.030153692
