predictions,labels,entropys,plpds
947,947,0.105482996,0.019878566
261,261,0.043490432,0.6287079
985,985,0.58148795,-0.04944247
524,461,2.1868362,0.5223295
687,406,0.6180917,0.89247066
92,92,0.10074455,0.0040772557
746,746,0.087775335,0.12420517
302,302,1.6383172,0.6090315
861,861,0.19727272,0.9737172
953,953,2.368238,-0.11110413
617,651,3.2991545,0.009082645
272,272,0.1874273,0.07512075
618,813,1.2409644,0.5150625
751,882,1.1653876,0.8197499
943,943,1.2719097,0.6960316
535,535,0.17239803,0.24163955
654,407,1.1059058,0.18570906
476,120,5.2313375,0.08343097
714,714,1.9242964,0.49711215
788,788,1.8378386,0.40454033
779,779,0.029143332,0.0022278428
801,996,3.24051,0.24399355
868,868,0.090153396,0.98760456
405,405,0.21460748,0.9355567
365,365,0.2565891,0.13921624
248,248,1.0955129,0.15735567
88,728,2.1870618,0.29649398
733,60,3.3282232,0.22562315
254,254,0.10932044,0.9882198
588,588,0.2513396,0.15403867
616,679,1.394025,0.13417682
10,10,0.70515466,0.91753566
802,802,0.47226638,0.16333425
258,258,0.29311454,0.46882534
194,190,2.3840816,0.37955552
883,883,0.11203165,0.3355857
219,213,0.5927031,0.6824081
904,694,1.6855134,0.7182059
450,768,1.3478689,0.8141926
817,817,1.2182481,0.5131938
473,473,0.16361986,0.27773714
391,391,0.49385503,0.7067778
395,395,0.16769347,0.04498422
405,405,0.04948888,0.39160097
195,254,1.8154458,0.6298882
235,235,0.16445868,0.0035873652
594,594,0.120921984,0.03645444
73,815,1.1000077,-0.11753988
779,779,0.04500331,0.0023485422
365,365,1.8819575,0.04002568
301,304,1.6957114,0.25071973
537,537,0.30848542,-0.038481355
805,805,0.1350767,0.12942141
683,683,1.076889,-0.333206
309,309,0.72324234,-0.015904486
984,984,0.06738261,0.07621008
135,135,0.089384064,-0.0007455945
693,693,0.42563727,0.9240664
209,206,2.9309444,0.243165
644,492,0.67571044,0.8819511
578,578,0.22016871,0.26787335
758,786,0.93890834,0.8002348
874,874,0.068936706,0.96595836
45,45,0.394462,-0.012845159
