predictions,labels,entropys,plpds
268,268,1.8631438,0.63729143
456,743,0.3965093,0.24220544
528,528,0.07268791,0.98123467
116,116,0.96295,0.84538114
16,16,2.509221,0.45848107
405,405,0.74125016,0.90252346
212,188,1.179945,-0.16767102
193,193,3.0254111,0.25671902
336,336,1.2156388,0.43267965
446,749,2.3729854,0.5241935
945,945,0.13119254,0.0009819865
665,444,2.0546453,0.35746
565,856,0.4151013,0.26402587
424,424,1.5961331,0.70327526
159,159,0.96890223,0.690837
387,387,0.1744054,0.61595047
947,997,1.2314273,0.4186906
848,481,0.7563883,0.45105225
177,177,0.08921309,0.2494849
50,50,2.2828693,0.48528796
951,951,1.2037812,0.51780885
17,17,0.113339044,-0.00026088953
804,804,0.07761969,0.98574317
832,832,0.06985397,0.31441355
735,735,0.12159683,0.07106912
382,377,0.8262844,-0.17345762
709,748,1.4220388,0.6492034
36,36,0.26851356,0.12290609
802,802,3.2433434,0.28382224
360,360,0.21463066,-0.0021227598
72,72,0.6824415,0.025878608
392,392,1.2011881,0.0768829
999,606,3.2777314,0.27877232
980,609,2.9067683,0.25129068
581,581,0.361611,0.95704126
294,294,0.071790025,0.046471477
258,258,0.15402275,0.032001495
17,17,0.07084826,0.0021938086
45,45,3.8284955,0.15283394
703,703,0.22614086,0.9237444
370,370,1.3582488,0.5074342
351,351,0.17950025,0.6845932
462,173,2.4189792,0.44313145
283,285,0.52091134,0.3852775
672,672,0.027503869,0.036830425
619,818,1.0521083,0.6521665
952,952,0.15615189,-0.0045720935
403,403,0.06377721,0.0025331974
786,786,0.23044452,0.8480113
82,86,1.9366767,0.6998018
632,589,2.6319218,0.536721
867,867,0.0744904,0.20017165
515,808,0.394974,0.57460225
113,113,0.18235585,0.02534628
854,709,4.2196474,0.118888095
284,284,0.033540867,0.7236185
604,604,0.115072176,0.3287999
845,728,4.623316,0.08995699
363,363,0.03508456,0.011607587
242,242,0.014340701,0.0056381226
557,557,0.1034008,0.032818794
21,21,0.120870575,0.34671783
901,725,1.7814705,0.37124822
486,486,0.15843804,0.1515097
