predictions,labels,entropys,plpds
558,558,0.8083235,0.59240854
248,248,0.8304482,0.06836307
80,80,0.04079242,0.001721859
608,608,0.03339892,0.011947572
417,417,0.036282197,0.63894796
525,730,1.5460188,0.7924741
435,435,0.82580274,0.17635286
615,862,3.1571903,0.22754423
497,497,0.17077112,0.6532079
711,889,1.9079076,0.63301295
427,787,1.2518177,0.6183354
925,441,2.321481,0.48750818
222,257,1.7203476,0.5179444
283,233,0.6651019,0.88448995
53,53,0.18979886,0.00036662817
452,452,2.2597342,0.5571115
616,59,0.13636741,0.9830787
350,350,0.15972207,0.2499597
832,832,0.13975431,0.014314294
39,39,0.3003595,0.85080796
803,569,0.6469121,0.6291603
975,576,1.6710435,-0.098967075
784,623,2.6681395,0.3504649
179,179,0.38874322,0.25619572
395,395,0.23166442,0.003392756
571,571,0.103682816,0.20778167
323,323,0.04786803,0.0017887354
40,40,0.5788197,-0.00402385
473,473,0.16964632,0.98201376
467,467,1.7096108,-0.22059119
289,289,0.548599,0.22186393
192,200,1.0251272,0.5346357
491,491,0.03895542,0.049593985
946,946,0.010698719,0.008326948
608,608,0.07352962,0.07019836
918,464,1.4823525,0.558961
541,541,0.085754916,0.0050508976
570,570,0.10809387,0.0054745674
424,424,0.25250965,0.030064642
729,729,0.092025146,0.17229855
177,177,0.14333822,0.793795
779,705,0.053383004,0.007382214
364,364,0.39107156,0.67698437
881,881,0.01404527,0.016825795
686,686,0.07510641,0.012730181
421,525,2.2966347,-0.01603216
132,132,0.57572055,0.05888468
850,850,0.48213264,0.040319264
162,167,1.5635552,0.23859975
469,427,0.8151011,0.8833416
630,834,0.5365992,0.90483403
535,535,2.6189651,0.35819
641,641,0.17536119,0.9631046
579,731,1.1146291,0.121429086
554,554,0.048099726,0.0035221577
737,737,0.10655469,0.03131336
655,655,0.3387577,0.9424638
148,148,0.22528005,0.113916755
932,932,0.3549338,0.10119635
794,794,2.205253,0.44793433
224,373,1.8765585,0.68382275
171,165,0.91865635,0.729633
800,800,0.124888465,0.40727812
950,950,0.16759133,0.07830322
