predictions,labels,entropys,plpds
814,814,0.09703993,0.21958357
608,523,3.0596895,0.1883576
805,805,0.121169895,0.7428798
834,206,2.9307666,0.30881712
230,175,1.3020245,0.060507596
945,945,0.10241845,0.0743863
388,388,1.2538319,0.2795901
269,269,0.3858504,0.47952342
746,746,0.025512528,0.03954631
256,256,0.03837602,0.97726566
302,302,0.15452343,0.25751585
176,172,1.9789392,0.4987988
892,549,1.5210055,0.686048
132,134,1.2893608,0.62498355
818,50,5.2794476,0.09040833
324,324,0.25257322,0.8577012
197,197,2.5338106,0.18454438
827,827,0.080101654,0.61964536
996,996,3.4363177,-0.6033081
312,311,0.34349036,0.94985443
666,725,1.5931525,0.44480082
351,351,0.41130447,0.901183
570,570,0.16420053,0.12111908
525,525,0.17999068,0.007210672
994,994,0.19558707,0.20767921
30,30,1.2151129,0.53050005
31,31,0.3712653,-0.015775502
10,10,0.09487592,-0.00095301867
475,475,0.0776936,0.0207237
890,890,0.5973761,0.8696169
204,204,1.3891015,0.095326215
324,324,0.019384459,0.053217232
58,58,0.3145781,0.11686373
860,860,1.8325671,0.4637849
592,592,0.19320855,0.08105302
800,800,0.83052146,-0.07145333
65,65,0.041688032,0.001713872
797,797,0.09945847,0.9738752
115,115,0.23858075,0.8690077
457,982,1.3450322,0.6989859
221,221,1.4201925,0.36979806
777,777,0.028310038,0.0033970475
14,14,0.11909747,0.013487101
342,342,0.43922293,0.050868154
604,604,0.0029449407,0.006646216
112,68,4.0328217,0.09974538
31,32,1.0825694,0.5358086
555,555,0.19716245,0.11667341
339,500,2.0290349,0.62948644
233,252,0.49245277,0.6032669
138,138,0.44766635,0.7460769
630,630,0.09133382,0.007655263
630,630,0.5939996,0.8940022
365,365,0.03589744,0.04333836
620,889,1.8984934,0.6493039
964,964,1.4261066,-0.07795292
114,114,0.17039971,0.9749174
75,75,0.26656613,0.60914993
214,165,0.35006693,0.042256057
283,265,0.059324354,0.9920397
958,958,0.09557657,0.021782637
856,856,0.38586015,0.82604724
272,269,1.1637985,0.22669548
507,507,1.295565,0.129145
