predictions,labels,entropys,plpds
406,887,0.94686204,0.56885874
531,530,0.07298851,0.0031621456
235,182,1.9587476,0.19161898
936,936,0.013395499,0.0022167563
379,379,0.80842423,0.8441294
215,215,0.047136046,0.12609565
152,152,0.040754184,0.015019059
576,576,0.16652519,0.080323875
469,469,0.382478,0.8493684
814,814,0.041094832,0.0866586
900,900,0.031653292,0.5215887
159,159,0.382898,0.057192326
543,543,0.104075916,0.06341016
640,640,0.28799054,0.93503076
141,141,0.10395607,0.034146547
307,307,0.18268374,0.979474
316,316,0.1382741,0.96210515
708,708,0.4518038,0.4823513
946,946,0.022994854,0.040941954
839,839,0.8506202,0.80280024
780,536,3.0674658,0.19580336
73,73,0.058753505,0.009723067
442,442,0.32673982,0.9550632
474,474,1.2958281,0.46369594
33,33,0.27225542,0.9640486
853,114,0.85544,0.85265106
218,219,0.94160676,0.7685517
493,493,0.574013,0.89901817
548,548,0.11315794,0.98793244
675,675,0.11486329,0.6567213
76,77,2.1682045,0.2889802
764,764,0.17539842,0.4679461
583,583,0.4119277,0.9507132
331,872,1.3260754,0.49809235
852,852,0.08488098,0.016843557
648,865,1.7864742,-0.13192236
468,468,0.7763722,0.5739405
218,220,0.96318156,0.57656807
142,142,0.12614273,0.05829084
260,260,0.07084348,0.95959896
924,924,2.4052796,0.15911353
607,499,4.1623898,0.29772472
506,421,0.6689402,-0.005780995
853,853,2.2026937,0.49459058
920,920,1.7898402,0.46866024
151,151,0.39717072,0.9413277
520,520,0.58137226,0.16324687
923,962,0.81539536,0.39688745
471,471,3.171054,0.44043675
433,433,0.91560024,0.18409103
674,674,0.16939712,0.8690602
898,737,1.0982093,0.14826494
995,995,0.09342399,0.0074321628
39,39,1.1164165,0.8345165
632,859,3.9975827,-0.22793245
713,742,0.07746774,0.02274859
927,927,0.58157915,0.17620355
720,838,0.8427192,0.16194451
987,998,0.7403441,-0.09139001
704,920,1.9208205,0.46374315
383,383,0.22828893,0.010263681
630,770,2.1109614,0.01634112
9,109,4.7261167,0.09525996
449,449,0.14083779,0.97311765
