predictions,labels,entropys,plpds
828,481,1.7489696,0.73128223
140,140,0.31187877,0.02735895
941,941,0.64976895,0.8918587
762,762,0.6995618,0.24247521
591,534,3.0456097,-0.013275862
529,431,0.34768933,0.030820012
785,785,0.4852323,0.6873746
212,188,1.0264211,0.7723315
274,376,3.7100275,0.20593624
396,396,3.455021,-0.4537539
177,170,1.1571771,0.7202831
615,597,1.2279843,0.10222238
791,423,5.069452,-0.03776118
616,616,1.235055,0.02589935
536,724,1.8824834,0.39597738
497,442,1.5117781,0.42844766
921,921,1.4747012,0.47126123
328,142,4.1284103,0.18887526
566,566,0.9229675,0.788815
990,990,0.28364807,0.015574753
997,947,1.6353163,0.6765614
812,812,0.36719593,0.12171197
520,421,1.8114648,0.3712366
688,527,2.4593759,0.51096714
64,64,0.7104982,0.33652526
868,556,2.8263462,0.32142898
102,102,2.1292362,0.582915
372,206,1.2574866,0.5701847
883,883,0.80984485,0.44373024
967,967,1.5862377,0.34309703
508,508,1.3286347,0.25771403
296,296,0.3731693,-0.0039060116
798,798,1.477659,0.77769
895,895,0.74345577,0.13421679
550,550,2.2359731,0.35668346
692,544,3.9726954,0.18052824
840,947,2.992418,0.38013932
328,963,1.7067122,-0.058707535
842,842,0.7206462,0.87313116
749,546,5.1158504,0.10186127
103,103,0.28470936,0.5810827
478,732,2.0504496,0.6732619
190,190,1.5200969,0.7837594
176,176,0.35806423,0.9576836
133,133,0.5017094,0.01277107
592,592,0.57016885,0.26709592
557,489,2.250801,0.44538558
581,581,2.1195164,0.68469393
98,97,1.1415653,0.8099721
685,685,0.32522485,-0.008699298
556,549,4.570609,0.2175604
354,354,0.33612543,-0.00040590763
328,552,3.6610656,0.34369606
328,32,2.3027601,0.67843044
874,874,0.37471837,0.5165932
334,233,1.7514582,0.7321383
759,732,2.2862697,0.40765724
565,565,0.3776862,0.05683303
813,813,1.4873261,0.78971994
661,661,0.15965642,0.8604964
325,325,0.5630263,0.18765241
545,545,0.86453503,0.86579615
158,158,2.1661084,0.51283544
995,995,0.23385087,0.00533247
