predictions,labels,entropys,plpds
982,982,1.5484127,0.17904484
95,95,0.0066800527,0.00065886974
234,234,0.024322744,0.5630713
216,216,0.22625601,0.7909528
505,505,0.23864844,0.8878449
632,632,0.051127575,0.032772362
173,173,1.4718962,0.59916115
384,384,0.010955585,0.00020837784
820,820,0.6905096,0.8209858
379,379,0.71495664,0.711607
306,306,0.052874986,0.046359062
922,922,0.2409634,0.06362569
843,843,0.028015178,0.06670809
796,796,0.16296364,0.8555175
992,947,0.56469965,-0.13922888
604,604,0.009857469,0.00051659346
649,649,0.07266574,0.17681396
139,139,0.012551814,0.0060817003
869,869,0.07350257,0.0865286
78,78,0.032147333,0.97568285
627,627,0.08109918,0.614912
541,541,0.27722022,0.6357795
317,317,0.023713112,0.121301234
349,349,0.49243554,0.7895512
527,527,0.30174834,0.4918328
561,865,3.1078715,0.20355965
886,886,0.3882239,0.93287146
949,949,0.44996777,-0.027484894
268,268,0.0036954656,0.294102
197,224,2.5589962,0.12957782
66,363,1.8875202,0.55015296
25,25,0.26663667,0.061700583
976,979,1.4665598,0.56770074
581,753,0.6140311,-0.06713158
511,511,0.407686,0.9025236
675,519,0.5438189,0.8745659
574,574,0.021767393,0.0029055476
984,984,0.1495339,0.01183331
151,167,2.4928298,0.2001356
476,341,0.18094492,-0.011515617
905,905,2.17857,0.23703784
670,670,0.11136828,-0.005186975
776,776,0.05183272,0.037028074
546,420,1.4737041,0.3019123
837,836,0.6347472,0.04249084
54,54,0.48263186,0.3418221
698,538,0.25858265,0.17577189
285,285,0.08360656,0.09591496
256,226,0.1255603,0.09945238
775,509,3.925313,0.23511441
703,912,1.735506,0.4518988
41,41,0.34082708,0.29009068
81,81,0.06649016,0.061820805
885,108,1.784771,-0.38950294
352,352,0.22062498,0.0072479844
417,747,0.37773994,0.5885072
207,207,3.154202,0.17526896
843,843,0.0030323914,0.0006901026
557,557,0.69407463,0.29371625
57,57,0.062375464,0.15537202
802,802,0.08218326,0.21923864
375,375,0.5305779,-0.028965056
457,457,0.3269877,0.9131323
664,548,3.3651574,0.13783225
