predictions,labels,entropys,plpds
240,241,1.2584053,0.47328395
633,633,0.03305259,0.01600331
768,768,0.010950598,0.009038925
807,807,0.20159757,0.0810979
337,360,3.951723,0.11595147
177,192,2.9683232,0.3051037
672,672,0.014638252,0.029537559
857,497,0.095786795,0.9836673
831,831,0.028221816,0.99642676
768,768,0.082431674,0.12670976
672,672,0.13825141,0.8770945
250,250,0.76842225,0.74773324
70,70,0.010541877,0.002316177
475,475,0.023450935,0.4558909
109,109,0.107030794,0.32451034
343,343,0.15322348,0.9578764
619,619,0.46001405,-0.13106322
157,232,1.10394,0.48488638
918,918,0.022518735,0.0047608614
705,705,0.95555806,0.54319066
27,931,2.4877954,0.34051317
707,707,0.15394187,0.9655137
718,718,0.010664686,0.99818444
195,195,0.0657935,0.021665454
676,209,1.749079,0.3152508
791,423,3.0748096,0.37120098
38,38,0.041134894,0.07430482
727,727,0.1114061,0.9833455
913,913,0.62034285,0.9289575
476,854,0.59178853,0.8969287
952,446,4.4134054,0.08115683
391,391,0.27439174,0.589525
207,435,0.1331501,0.22090054
526,742,1.4980525,0.58553827
958,958,0.072142646,0.9699377
858,858,2.2114296,0.31143942
54,67,0.16044217,0.9571989
681,681,1.3392038,0.60756946
404,908,0.91250885,0.31784755
986,986,0.0022229142,0.00020825863
804,772,3.02109,0.25898015
304,304,2.4283447,0.20035635
733,998,1.8484864,0.6161093
258,258,1.6154232,0.41338217
410,519,0.076768376,0.081931055
203,153,0.5837376,0.41719484
69,69,0.032221597,0.42375112
998,998,0.6363477,0.019242167
387,387,0.014349292,0.0037370324
145,145,0.0008993146,0.000114798546
317,317,0.052339777,0.934335
147,147,0.10563141,0.95827067
684,499,0.14093328,-0.0045987368
244,244,0.041823816,0.31961977
585,427,2.149108,-0.51927173
866,866,1.1435114,0.6727801
637,637,0.08535741,0.29547608
177,177,0.03776186,0.1630981
707,493,2.7144072,0.3564649
226,226,0.6776747,0.2261017
457,552,3.6894026,0.19864056
879,879,0.25279683,0.7990319
448,448,0.022348035,0.009358287
634,634,0.048691805,0.15979373
