predictions,labels,entropys,plpds
83,83,0.013654518,0.006551206
656,436,1.0575886,0.5425459
804,804,0.43731418,0.89120805
273,270,1.0988264,0.6079435
521,521,0.1775808,0.2627312
513,513,0.12643701,0.9776515
103,394,0.69520235,0.1403907
843,665,3.3366508,-0.001676783
692,519,0.11499569,0.19321102
9,9,0.033305425,0.006955147
78,78,0.051371142,0.9834719
222,222,0.72452885,0.16530615
651,651,0.2610063,0.17537946
903,678,2.441184,0.51676375
498,498,0.7945373,0.6767343
333,845,2.4635937,0.3476496
341,719,0.83419377,0.55804974
988,988,0.03683509,0.7072342
471,471,0.008837707,0.014654934
570,747,4.300277,0.11061405
767,418,0.7904198,0.17297411
531,531,1.1619756,0.1922856
277,274,1.1604164,0.7070166
751,859,3.725459,0.2302843
415,868,2.5718737,-0.11379939
140,140,0.6933655,0.24628639
485,485,1.0841922,0.28712302
148,148,0.012069181,0.0006631017
3,3,0.33584931,0.12963569
789,789,0.042416357,-0.0032601953
24,365,1.6646674,0.7263103
13,13,0.005387118,0.003527522
4,4,0.21413992,-0.007799208
260,260,0.0445154,0.83480746
73,73,0.008195413,0.10033387
448,448,0.028888747,0.7908563
592,592,1.3639519,0.5104454
318,318,0.0070096506,0.018975616
260,260,0.09785235,0.9520821
616,488,0.9279513,0.048197567
659,659,0.044111293,0.020069182
380,382,0.896588,0.60990906
443,443,1.2987853,0.5033857
952,952,0.004772297,0.0015214682
125,305,1.4269756,0.46986794
267,205,1.8705773,0.29795915
520,520,0.025900535,0.047161043
815,815,0.44752243,-0.11669958
8,8,0.047081046,0.29223007
537,802,1.1692178,0.4724204
28,28,0.06713404,-0.0011944771
440,440,0.12112822,-0.0013181567
793,885,1.3041002,0.73446614
334,334,0.09788671,0.6689231
328,301,2.033422,0.5080404
916,916,0.04400091,0.018967628
910,666,3.3580937,0.25657
258,229,1.1640077,0.78744656
66,68,0.15419391,0.0047912598
263,263,1.8029771,0.101507604
478,478,0.124889426,0.8400154
259,259,0.38621002,0.94170356
640,640,0.029233769,0.0030153394
465,465,0.5209093,0.7572881
