predictions,labels,entropys,plpds
538,538,0.065485984,0.86845744
886,886,0.1567376,0.7342416
975,975,0.33265674,0.8919963
414,414,1.1374342,0.70475715
759,759,0.19710287,0.9178483
67,67,0.18308285,0.039411366
328,328,0.015895624,0.9934507
352,352,0.17873797,0.14499062
755,755,0.005892141,0.8797707
410,599,0.33126307,0.11073035
881,722,0.31737688,0.9128816
655,655,1.2814703,0.6101514
978,437,1.5518582,0.5629787
842,838,2.08545,0.33761486
533,533,0.07111839,0.97676367
835,835,0.049555156,0.99554694
104,352,1.831996,0.33837816
386,101,0.22967982,0.002991438
936,936,0.0028835563,0.00019818544
241,238,0.9520152,0.6696771
573,751,0.10578917,0.88260573
650,823,0.03828116,0.94026184
869,869,0.07667166,0.22904813
139,139,0.0077474522,0.016803205
429,429,0.048352454,0.04302019
599,599,0.03229478,0.52233183
808,808,0.17536853,0.9644851
628,628,0.06963998,-0.00022113323
909,969,0.5625654,0.82733184
534,534,0.075505555,0.7333433
885,655,2.6485226,0.2785985
69,69,0.016543407,0.737116
345,196,2.1639433,0.063155055
369,368,0.73467916,0.6213608
865,758,3.2050996,0.14103891
236,236,0.94251496,0.8067504
985,985,0.079858735,0.9849197
75,75,0.009816417,0.0011152029
757,757,0.07280587,0.19936043
931,931,0.018886391,0.08559126
421,421,0.5897942,0.82082015
853,853,0.063348785,0.15120578
462,523,2.7895916,0.29762766
570,570,0.2441989,0.7248887
655,655,0.3766808,0.8395318
491,544,3.3009238,0.22036196
201,201,2.2022514,-0.16257054
63,63,1.0624193,0.8031133
104,104,0.00742095,0.94620353
125,125,0.030399585,0.016696334
601,601,0.61437535,0.8678237
702,702,0.7350303,0.89901483
862,862,0.50663733,0.61449146
284,284,0.048846025,0.057068944
283,283,0.41263664,0.91588825
247,247,0.041308515,0.1490826
353,353,0.7219476,-0.07438344
474,474,0.0048139063,0.0010274053
617,823,0.6951623,0.7611546
174,174,0.80215526,0.6481004
677,784,0.16573824,0.9660732
968,968,0.38613778,0.36103988
963,931,3.412023,0.18353887
768,768,0.08986212,-0.00790894
