predictions,labels,entropys,plpds
420,420,0.029899135,0.0075613856
828,828,0.056593705,0.87973154
491,491,0.015573912,0.4109944
972,972,0.68249476,0.73753285
851,527,1.7621473,0.39560223
871,871,0.73812586,0.6389863
834,667,0.1576423,0.102404356
844,892,2.5423748,0.33121294
693,542,0.6093018,0.882538
39,41,1.4612851,0.6583853
635,771,0.50232595,-0.024611712
458,458,0.12774098,0.0008984804
958,958,3.1828663,0.36582854
144,144,0.0036778527,0.026403248
548,598,1.900455,0.33820003
585,589,3.0896163,0.28408742
822,428,1.6782372,0.6141175
551,551,0.0910822,0.835724
949,949,0.07085848,0.07832509
906,454,1.5832429,0.57040423
955,955,0.0067984946,0.35549253
904,556,2.528304,0.19741115
275,275,0.032521434,0.0029255748
224,223,0.6523297,0.7610305
877,877,0.026448559,0.9621353
694,700,2.7689252,-0.5857416
805,805,0.006950954,0.077672005
389,389,0.13255207,0.90645796
100,100,0.0017270604,0.2052815
526,526,0.29549748,0.24510366
469,469,0.02976982,0.69222045
259,259,0.55904543,0.5691208
324,324,1.2129269,-0.34480065
542,541,0.26432887,0.18104655
396,396,0.13753596,0.064472735
614,501,2.8593688,0.21057159
247,247,0.4088993,0.89599717
974,974,0.0042326115,6.186962e-05
767,767,2.7898374,0.467181
132,144,0.7317265,0.38793802
103,103,0.010978248,0.05745876
806,806,0.32684964,0.6039219
321,321,0.027564311,0.005120814
461,461,0.34178782,0.92309755
963,963,0.5844104,0.01835084
564,564,0.0391791,0.015709281
640,640,0.016800702,0.0039055943
980,974,1.7974063,0.4157331
701,701,0.04111429,0.0009353757
36,35,0.9114848,0.25065896
154,154,0.3745088,0.9061862
483,483,1.5854816,0.44519702
195,245,1.1918951,0.63349813
296,296,0.00041903468,0.0005070567
928,928,2.3333335,0.246145
435,435,0.5666864,0.78455174
707,707,0.43921173,0.77260864
901,901,0.03996949,0.94023204
574,574,0.011156226,0.042491853
474,474,0.22429532,0.96107435
373,374,0.16131887,0.77781427
24,24,0.19947942,0.93014276
980,980,0.0073466655,0.16558278
54,54,1.9041581,-0.29461253
