predictions,labels,entropys,plpds
179,179,2.1442199,-0.5914028
814,814,0.012010194,0.38667125
662,605,1.7660023,0.5742787
73,815,1.0698828,0.44797027
347,346,0.16072606,0.9769207
777,777,0.52906287,0.7994024
124,124,1.7654873,0.31485644
420,420,0.051393155,0.7006049
332,333,1.8631952,0.37811363
503,503,1.2646961,0.49210268
719,180,1.4687048,0.76833814
854,819,0.22644076,0.9603464
263,263,0.015229975,0.032647192
272,272,0.45654726,0.4204044
260,260,0.040272918,0.43744457
65,65,0.18252769,-0.013891578
251,251,0.0045427512,0.0021131039
529,411,1.970094,0.3810478
495,495,0.09114842,0.4683439
780,780,0.027070327,0.3842547
711,711,0.1420478,0.07256329
440,440,0.37016547,0.80525446
361,361,0.004501636,0.0022052526
900,900,0.99677455,0.5666933
443,435,2.0114226,0.17496002
47,47,0.11107066,0.96795607
84,84,0.47442725,0.20399028
315,315,0.0919915,0.033795774
989,989,0.44634396,0.82052803
119,119,0.24549676,0.94146657
242,242,0.023799654,0.038185656
843,282,2.505095,0.2705514
769,769,0.5331868,0.79648006
692,644,1.710321,0.4314515
380,378,3.2107244,-0.24269931
159,159,0.8778482,0.7924247
758,758,0.063015535,0.09902257
193,186,0.46343777,-0.037054062
657,657,0.55624807,0.0922941
82,82,0.3244055,0.37864184
274,274,0.22009127,0.60967064
910,910,3.4343033,0.3023156
815,815,0.02225011,0.0033535361
607,607,0.0022045313,0.0033376813
903,903,0.0017560115,0.0032256842
22,22,0.20512804,-0.000330925
437,437,0.15158023,-0.02367717
816,816,0.020952813,0.83907586
90,90,0.009593562,0.016883135
788,788,1.8847888,0.64847
520,520,0.35002643,0.9534077
178,618,3.9009757,0.24255179
111,329,1.0773116,0.64911866
130,130,1.4516096,0.15392667
789,789,0.012351824,0.002812922
513,875,2.2916958,0.35273254
5,5,0.42810497,0.85617787
291,291,0.36673248,0.94037193
728,728,0.13199908,0.018913627
329,329,0.016161736,0.84386647
757,757,2.3088841,0.30601695
690,690,0.78943014,0.85616434
251,251,0.011001747,0.0031270385
140,140,0.30364582,-0.04535997
