predictions,labels,entropys,plpds
134,134,0.02028475,0.011981547
127,127,0.18630837,-0.018785596
246,246,1.0960336,0.7864063
23,23,1.711134,0.38193148
974,974,0.1589089,0.455135
761,590,1.6574295,0.35255188
913,913,0.15589762,0.83650774
849,849,0.14114118,0.23000914
473,473,0.1782192,0.34403384
64,59,1.3422682,0.4963078
788,788,1.6130904,0.11051303
952,952,0.027598388,0.0013429523
322,322,0.0059649823,0.0011646748
120,120,0.005989637,0.09722388
522,522,0.0015850978,0.0016468167
583,523,2.8193903,-0.29785338
394,394,1.2047148,0.50689954
671,671,0.66413593,0.5885415
47,47,0.1249904,0.12875599
857,857,1.0416092,0.30470484
933,933,0.145581,0.27528137
416,602,0.15110987,0.58759755
492,492,0.18264744,0.970537
787,787,0.06676821,0.39490503
285,526,3.3391056,0.25758415
66,68,0.37537113,0.93125576
48,62,3.71226,0.0055091158
10,10,0.0072889915,0.24585581
756,756,0.015091574,0.97758347
243,242,0.38710618,0.86377555
608,608,0.008276762,0.3753323
885,797,1.8447644,0.55072737
179,290,3.1759682,0.2506853
62,62,0.6143595,0.23454279
823,513,3.364108,0.27479786
840,840,1.8311102,0.6838532
712,712,0.108979434,0.96577406
596,596,0.014366343,0.01803565
110,110,0.008447354,0.9520064
663,663,0.89711773,0.65353113
967,967,0.26140288,0.96407557
319,320,0.064892724,0.89134026
867,867,0.04455607,0.69424474
105,105,0.0021302048,0.0006401539
469,469,0.24957608,0.9535192
1,1,0.20534629,0.24806988
627,627,0.0907944,0.72959006
544,521,0.30933753,0.94449574
220,220,0.2797867,0.9628964
62,61,0.8563604,0.07016927
123,123,2.20741,0.4999143
879,879,0.01161341,0.99573326
9,9,0.012493446,0.09730065
235,235,0.48165125,-0.08491248
597,597,0.07387898,0.539968
857,857,0.19296736,0.97236985
232,231,0.4026239,0.03860897
86,80,0.46785283,0.57308066
475,475,0.0032318952,0.2939834
594,594,0.021143017,0.9875575
532,532,0.11127444,0.98576957
671,671,0.014592637,0.0006774068
880,880,0.6124221,0.0020367503
801,801,2.0582607,-0.46575868
