predictions,labels,entropys,plpds
818,507,0.83106077,0.7894763
186,186,0.057154648,-0.00300771
697,697,1.6534594,-0.28272372
402,402,0.0041877227,0.0068662167
707,707,0.0071767345,0.8722422
178,178,0.08530091,0.783925
518,518,0.021371555,0.9980401
945,315,1.7883134,0.020363033
740,740,0.3981361,0.8969263
763,763,0.021672672,0.9917434
269,271,1.0402329,0.7174956
485,632,1.3126401,0.21833763
56,56,0.49296153,0.03312838
362,361,2.2461386,0.33754206
788,788,0.2796812,0.07955992
961,961,0.5776493,0.09708047
910,910,0.1074781,0.010947943
352,352,0.11824858,0.93245393
363,43,2.7939496,0.362033
743,743,0.13497773,0.436419
741,741,0.0026632824,0.013114393
68,57,2.1016538,0.09416148
512,512,0.07515771,0.116989374
644,674,3.4076967,0.33774072
560,768,0.40247756,0.83177245
813,813,0.8798476,0.7918007
30,30,0.2605243,0.87309104
118,118,1.0761164,0.27619168
306,459,3.547335,0.2543846
941,941,0.037454516,0.39505148
379,379,0.12418243,0.46489787
667,667,0.22115612,0.96009743
850,850,0.013418356,0.010721147
543,543,0.18392609,-0.016499639
803,803,0.77535146,0.32584232
697,624,1.5222851,0.5035711
823,823,0.0019017074,0.0012136698
389,389,0.0076769604,0.016854823
975,984,0.61647,0.78648025
693,693,0.038084794,0.72021186
411,411,0.01284354,0.93492955
231,248,0.10289647,0.9571658
233,206,1.3363497,0.4314603
977,977,1.0454462,0.6789564
763,763,0.010669499,0.15408468
613,613,0.0055802516,0.08199018
178,178,0.020240873,0.00983423
61,61,0.24283248,0.03290373
287,282,0.059150085,0.74668866
410,410,0.43036443,-0.0108808875
99,99,0.878026,-0.23119205
722,722,0.004385664,0.8464242
746,746,0.0060587907,0.032163143
971,971,0.019667165,0.00967133
355,355,0.017723585,0.7623291
195,171,2.1881785,0.39106178
654,734,0.56080216,0.8681442
631,631,0.61226416,0.68918
583,583,0.019738715,0.9145802
226,226,0.16360237,0.96692806
887,887,0.008511438,0.09657091
104,104,0.009486688,0.09387177
304,304,0.22433905,0.9581201
372,371,1.0478234,-0.3582199
