predictions,labels,entropys,plpds
659,659,0.091170914,0.98527306
395,669,4.426548,0.27563718
897,897,0.11287005,0.122442484
294,295,2.0313115,0.38788712
401,401,0.9588291,0.7817358
534,477,1.0643421,0.6858485
47,47,0.17149803,0.91490376
923,962,1.5462575,0.61547005
972,62,2.5510323,0.49042785
88,88,0.0124966195,0.0016729832
184,185,2.9446468,0.34403098
518,518,0.11227154,0.90514046
298,298,0.58255434,0.26151323
552,552,0.24385019,0.112362266
435,435,4.415432,0.13758896
679,679,1.3940575,0.6824156
305,305,0.08850937,0.0568465
728,711,1.7763011,-0.18563104
654,705,1.5392265,0.26362884
827,827,0.37025237,0.9330589
820,820,0.009644271,0.18334907
249,249,2.1180992,0.469801
179,209,2.903966,0.297985
388,388,0.96976936,0.5756195
171,171,0.19580121,0.6189538
955,955,0.012289864,0.0061364174
454,454,2.8462253,0.24672331
110,110,0.5383797,0.29454467
749,434,0.29432446,0.96320534
230,230,0.6610556,0.70962
665,665,0.19684535,0.82234514
279,112,1.9760187,0.5152066
735,735,1.7222862,0.3102298
986,986,0.120415375,0.0039641857
569,569,0.05824554,0.38208288
845,1,4.1290283,0.23482947
629,629,0.26590362,0.19379711
972,912,1.732172,0.28613794
637,771,2.4740405,0.30215183
230,230,0.82258767,0.6428547
169,639,2.194632,0.40976238
175,175,0.1237143,0.86929476
349,349,0.48373654,-0.0406754
192,192,1.7967309,0.40741205
564,564,0.0494162,0.97351843
895,403,0.034286734,0.05523783
600,600,0.60940564,0.8886648
807,702,3.91038,0.18823975
335,335,0.16148385,0.9845006
905,905,1.8074486,0.13881993
398,398,0.014406385,0.0032017827
723,723,0.03573681,0.054074645
916,916,0.3774045,0.12840122
909,469,2.9389167,0.32194063
327,327,1.114008,0.058266163
690,690,0.28887016,0.9450757
498,498,0.42127243,0.25592208
126,126,0.042544924,0.21329743
893,893,0.83168185,0.8626081
712,969,0.22296113,0.6879094
887,887,3.071125,0.2169178
456,456,0.0124492105,0.029445946
338,338,0.21576273,0.9554104
738,738,0.7191844,0.04024583
