predictions,labels,entropys,plpds
437,437,0.11099907,0.2776358
522,522,0.00024137837,0.0026655793
807,979,1.2867041,0.10412654
872,872,0.18825212,0.116203785
755,755,0.0017931907,8.85129e-05
628,628,0.0019995668,0.003052771
975,980,1.147261,0.654718
729,648,0.55517924,0.7326838
137,97,1.1623522,0.19282675
848,848,0.95157653,0.41339645
902,902,0.23322514,0.29823208
488,488,1.051832,0.62578976
151,158,0.4033368,0.8055393
374,374,0.033761036,-0.0031779408
624,454,0.7721859,0.72867405
197,197,0.8049679,0.7307489
84,84,0.024018958,0.953647
574,767,1.824938,-0.35035694
318,318,0.0071216966,0.0034054518
314,314,0.016010944,0.982646
434,434,0.05884396,0.98172724
89,89,0.005425093,0.0013017654
502,622,1.2612054,0.5727624
3,3,0.008984747,0.503592
328,328,0.017356621,0.9947848
942,942,0.012780427,0.04806924
61,61,0.02715235,0.19628602
463,463,0.006268747,0.0033504963
630,630,0.008902673,0.0018210411
456,696,0.79152495,0.8647404
861,999,0.05011629,0.41152835
292,282,0.22596183,0.06605756
903,903,0.00026016386,0.00069117546
316,316,0.12532873,0.44975436
271,271,1.1706438,0.53646785
8,8,0.09732273,0.110485315
975,132,0.9653133,0.21437639
180,210,1.8093715,0.5227886
849,725,0.057677552,0.9905587
893,464,0.3202392,0.9518144
709,709,0.8601122,0.5243944
901,901,0.2177316,0.8354467
113,506,0.18017478,0.9623667
261,204,2.5307412,0.19728157
504,504,0.34198543,-0.06412351
452,452,0.19446746,0.9732528
162,162,0.2110372,0.7769148
108,108,0.0044804486,0.017538965
491,491,0.0047253864,0.99124753
775,434,0.27517155,0.9658156
894,894,0.78809166,0.7865121
475,633,3.6825716,0.1712471
562,435,1.0318542,0.79998946
812,812,0.042209603,0.9950014
884,884,0.085324466,0.98650455
870,870,0.022737693,0.91909254
605,623,0.32790467,0.95374227
506,506,0.060206115,0.0043269396
327,327,0.006409089,0.00015681982
1,1,0.4126285,0.18264228
231,230,0.7288363,0.59376955
562,562,0.07499057,0.48555863
360,360,0.62913823,0.77387893
418,418,0.007236317,0.9993845
