predictions,labels,entropys,plpds
233,252,1.7701406,0.65196705
176,176,1.2840753,0.49340415
791,791,2.9736285,0.29773062
171,171,1.0178671,0.8328759
637,637,0.5117862,0.82986784
738,738,0.13539088,0.5942786
975,669,2.81424,0.3313096
351,351,0.08846005,0.05568534
530,530,2.0185947,0.5860582
869,869,0.27011406,0.28343952
360,360,0.15232998,0.0094175935
833,833,0.46840584,0.9320642
556,556,0.037521217,0.9939006
987,998,1.422213,-0.061883837
112,112,3.194796,0.41231996
109,109,0.9522439,-0.108585715
199,196,0.10514593,0.49817282
91,20,3.0093765,0.3239464
807,558,1.6965069,0.6441506
889,889,0.14519668,0.9804817
688,409,0.115373775,0.50608724
388,388,0.81143874,0.848344
970,795,0.42670077,0.052386165
566,875,1.9743801,0.28057417
965,965,2.1703625,0.4797348
162,162,0.29518595,0.42290133
528,844,2.9036765,0.241124
97,975,0.6459878,0.8638139
882,882,0.59111214,0.90406567
250,250,0.68939924,0.31051975
959,959,0.7735949,-0.07834077
950,950,4.3576403,0.2619455
512,512,0.35704446,0.39770287
760,827,1.3816919,0.73209834
322,322,0.07759178,0.24991918
215,215,0.2806778,0.035089374
991,991,0.024132619,0.04993671
130,130,0.01825367,0.0052087903
203,203,0.388817,0.020296812
788,643,3.1830359,0.42403
32,31,0.07403466,0.8874384
497,497,0.515129,0.8842393
225,225,1.2343795,0.75545025
574,574,0.006936621,0.0047960877
545,545,0.4733836,-0.023345947
188,188,0.18876202,0.011390448
364,108,2.5682917,0.58360314
500,500,0.056516834,0.025541186
9,349,1.6895274,0.3972399
240,241,0.46209466,0.87173957
802,802,0.13824205,0.018381417
656,436,0.9833629,-0.39220363
502,502,0.9109075,0.7737294
217,217,0.9237925,0.17774355
980,977,3.2372737,0.24151453
240,238,0.68482995,0.61994135
384,93,0.80501854,0.49561313
898,901,2.6509852,0.32975438
824,533,3.0940356,-0.48376784
21,21,0.7434473,0.9111832
616,906,3.046743,0.53413785
184,184,1.5981334,-0.17625672
910,910,1.3294007,0.7668014
164,165,2.1696591,0.5562173
