predictions,labels,entropys,plpds
39,39,0.22316858,0.12081897
920,551,4.40106,0.15986213
288,288,0.8117771,0.13287199
496,199,3.9819787,0.18525822
33,33,1.0377955,0.70384616
369,369,1.0477235,0.6559094
441,441,0.49255046,0.36392558
281,282,0.8694493,-0.018761039
154,154,1.3244336,0.5255206
3,3,0.016714737,0.79503113
448,390,3.122078,0.21138896
3,4,0.63573307,-0.004643321
38,38,4.671976,0.1077078
850,850,1.4973104,0.459941
420,420,0.06855331,0.051302433
895,895,0.98129654,-0.05065763
526,613,3.3083246,0.28731433
36,36,0.90837276,-0.1836704
437,832,2.9632213,0.38073373
540,540,0.12711287,0.24125957
542,542,4.068185,0.12786077
669,669,0.43583298,0.92282957
659,659,0.09510533,0.9677819
608,788,3.2018886,0.24321307
985,108,1.0864531,-0.041828513
517,517,0.27752,0.8645846
657,657,0.5509726,0.19036645
247,247,0.5226481,0.9194405
154,154,0.019591205,0.99112093
115,115,2.02134,0.62075883
794,894,3.1602056,0.058205992
167,167,0.8521807,0.21609807
258,266,1.8750374,0.4957633
932,961,0.9140521,0.79043174
475,748,3.9553208,0.22064897
51,51,5.0101066,0.10274496
38,38,0.028855767,0.082490325
143,143,0.082644776,0.17169869
608,608,0.19656393,0.05122155
765,765,1.1305404,0.6413247
177,177,0.08771864,0.49432012
45,45,3.0452855,-0.010915995
255,255,0.019439556,0.02597338
600,695,1.1385568,0.761081
896,844,3.4632497,0.3261011
638,731,1.4100137,0.2940705
738,738,0.16760938,0.5370016
125,125,0.09727067,0.14383495
385,101,2.30079,0.4634733
495,495,0.645961,0.41702545
156,156,0.21303695,0.3585114
469,551,0.3422594,0.9549643
800,800,0.17593376,0.3023668
233,233,0.17655542,-0.0036352277
638,639,0.5849229,0.017515182
571,571,0.13225429,0.039000034
738,463,0.25288966,0.2291317
27,27,0.920541,0.09182197
376,376,0.11081559,0.015951395
386,386,0.43795347,0.87883943
232,232,2.8290467,0.08941105
323,323,0.03346486,-0.0004143119
288,288,0.08381581,0.06842899
55,55,0.6008477,0.07967007
