predictions,labels,entropys,plpds
421,753,3.2194076,0.33739495
904,904,0.87302613,0.6304479
528,528,0.030408524,0.031909347
214,182,1.6289139,-0.33180398
59,55,0.07390411,0.017333329
539,860,0.32664743,0.4118724
692,838,1.2833713,0.45768648
181,265,1.2618465,0.097865164
445,638,0.8414056,0.83177704
228,228,0.9640106,0.40098503
500,500,0.041554064,0.1224463
11,11,0.008983881,0.21739697
757,675,0.6660999,0.7565127
446,446,0.026043054,0.5001342
475,475,0.014205176,0.0449512
637,637,1.6472461,0.59069675
180,180,1.2730224,0.21806651
414,414,0.51330245,0.8878166
620,664,3.032423,0.21719657
744,657,1.2221727,0.44111952
627,785,1.2356042,0.094956696
461,461,0.5853494,0.25787508
664,527,1.3540405,-0.002234459
73,75,3.4534183,0.19113767
289,289,0.2948849,0.8267979
844,844,0.410643,0.72302526
892,600,1.0433791,0.7355568
612,612,0.032227658,0.97281796
118,118,0.5768814,0.41936547
719,719,0.11123529,0.7798558
656,656,0.07830344,0.9636312
22,22,0.017318264,0.17102641
127,127,0.013448568,0.005352378
314,314,0.015541441,0.066598654
948,948,0.47002548,0.70358574
834,906,2.1248677,0.38984826
606,786,1.5819379,0.14275011
239,240,1.2015513,0.49371457
58,58,0.2174752,0.84266126
121,119,0.06118197,0.026173592
290,290,0.09251588,0.15628248
554,554,0.02260228,0.12267971
989,989,2.1822603,0.41438565
654,654,0.27772665,0.8219372
577,577,0.6904763,0.80134
887,887,1.8483675,0.3758757
783,783,0.101173244,0.79044914
907,907,1.6652989,0.49462062
131,131,0.13448864,0.97265685
372,372,0.0039894674,0.3004235
107,596,5.2510796,0.07643445
237,237,0.3246573,0.2087565
233,233,0.3239566,0.1030671
765,765,0.68997854,0.8061899
586,847,0.685792,0.84719044
553,553,0.34249517,0.9430827
216,216,0.09374255,0.9642272
782,530,2.4778814,0.29009953
440,440,0.06850844,0.9905885
643,643,0.29507172,0.5488362
927,927,0.38222477,0.88727564
233,233,0.8965301,0.25191855
652,652,0.6874136,0.7653809
139,140,0.72086376,0.035067588
