predictions,labels,entropys,plpds
711,711,1.7428923,0.6023106
2,2,0.014983114,0.07969117
494,494,0.42009908,0.93608403
202,200,0.6364139,0.058749497
738,544,1.4347551,0.5867578
665,665,0.7924993,0.8699365
698,880,2.4080365,0.3685908
564,799,1.9383198,0.42756835
548,493,3.9549189,0.113915764
134,134,0.007009049,0.029765189
253,253,0.647944,0.052586734
692,451,2.3129313,-0.4189228
978,977,0.20592411,0.38921416
374,374,0.28946903,0.953159
955,955,0.0016333032,-4.1484833e-05
538,538,0.72654474,0.581995
403,403,1.4301705,0.61976737
75,75,0.07414849,0.037814498
119,582,0.68439364,0.21820223
184,175,1.4461426,0.61950445
675,675,1.8106887,0.51466453
228,228,1.168991,0.5072559
413,413,0.6214404,0.20947394
481,481,0.23673205,0.96804905
808,639,1.1800047,0.72103995
728,549,1.7567337,0.69614285
170,265,3.4992027,-0.3229359
745,745,0.0038667205,0.91339225
801,801,0.0016854127,0.25204974
250,383,2.1842258,0.3574403
872,872,0.37702942,0.27214724
354,386,1.842757,0.6751271
243,243,0.5198421,0.6611642
523,553,3.5579329,-0.49660018
577,577,1.3728657,0.15871245
386,385,0.937441,0.4860141
382,380,0.746065,-0.10916352
182,193,0.48434243,0.9174484
682,682,0.046106134,0.9535934
70,70,1.6823777,0.71982044
936,940,2.0585217,0.59058136
275,275,0.01729906,0.0046136975
509,509,1.0826412,0.59723043
17,17,0.0011497117,0.005349338
879,879,0.074683405,0.123270154
779,779,0.03520801,-0.001319766
833,540,0.4146719,0.8620436
119,119,0.060509432,0.10567117
19,19,0.044318706,0.8353895
831,702,1.1431991,0.7940546
892,549,0.9633097,0.8376342
36,36,0.36641788,-0.042706907
199,252,2.1946344,0.38242298
770,600,3.2838178,0.38658336
177,177,0.8767393,0.33338267
176,176,0.038941167,0.9213153
425,425,0.60801774,0.31062913
601,601,0.358789,-0.07272518
178,178,0.026598264,0.70002687
203,383,3.2540944,0.21363063
903,903,0.021489136,0.6500793
215,215,0.7556252,0.14634073
31,32,0.2758941,0.6885631
498,498,0.02370746,0.97240394
