predictions,labels,entropys,plpds
827,739,3.4347563,0.21800989
840,840,0.001428713,0.011556685
666,666,1.2884548,0.6842872
926,926,0.3012176,0.74562454
904,859,0.94266415,0.514306
254,254,0.032336123,0.13622463
188,158,0.42033538,-0.05826384
232,232,0.52810025,0.21954453
697,578,3.549705,-0.032291383
849,849,0.04024969,0.99284333
949,949,1.4588696,0.4200297
31,31,0.056526314,0.058611214
534,553,2.207067,0.548671
305,305,0.043941796,0.01410681
952,952,0.0018976796,0.00083082914
942,942,0.5820207,0.5035459
11,11,0.023349104,0.0028713942
884,884,0.03270825,0.7820525
579,579,0.025342375,0.09614378
239,239,1.5899723,0.484493
443,443,0.16318244,0.6299485
953,953,0.030686539,0.002487719
223,223,0.79971564,0.643502
737,737,0.15082797,0.9844757
225,225,0.47580856,0.9090818
990,990,0.15542558,-0.00963366
122,123,0.9697963,0.75048196
136,136,0.0010239976,0.029919684
932,932,0.6353996,-0.2940607
353,353,0.09854931,0.8936424
115,997,1.2219274,-0.15032262
787,635,4.2341805,0.17354956
864,864,1.8485895,0.52474207
244,244,0.018616904,0.9979889
404,404,0.05028054,0.14526713
236,236,0.3958196,0.8221488
648,648,1.1891656,-0.035689533
62,60,1.4163666,0.09469673
778,778,0.76830643,0.58939195
528,528,0.050931264,0.9954959
900,900,0.008614461,0.9975173
118,118,0.8503305,0.26845002
704,704,0.009530449,0.019560874
725,441,0.750242,0.69558156
852,852,0.016737323,0.98926383
643,570,0.20593445,0.47926638
45,45,0.08135083,0.98054194
539,611,1.0723683,0.4423852
392,392,0.000121741,0.00024873018
742,713,1.7673663,0.44374037
411,411,0.4835548,0.9047505
668,668,0.02693726,-0.0006930232
964,964,0.05352562,0.5941819
871,871,0.11715899,0.986524
791,790,0.21255834,-0.040441453
956,956,0.0035718703,0.00911653
396,396,0.0016481947,0.00056260824
859,619,2.9509268,0.4660613
477,587,1.0024066,0.48268768
540,540,0.13797104,0.21920925
263,263,0.39559656,0.025182486
790,790,0.5489502,0.8884146
646,646,0.11676504,0.004756093
51,51,0.20699109,0.8597632
