predictions,labels,entropys,plpds
274,274,0.09084016,0.9701573
14,95,0.8828252,0.31524336
11,11,0.015421438,0.44704545
348,343,0.661633,-0.18350375
352,353,0.7175462,-0.1456986
83,83,0.008448747,0.010638773
812,812,0.011883562,-0.00055617094
98,98,0.15508404,0.9579715
642,642,0.022119347,0.013033807
960,961,1.174361,0.33150032
695,507,1.8574934,0.6654519
237,237,0.33201268,0.844144
513,541,0.765972,0.18570882
538,538,1.2172173,0.61220044
642,642,0.5128125,0.420743
512,512,1.2155372,0.6498989
96,96,0.020130178,0.0041683316
944,944,0.008635235,6.0796738e-05
241,238,1.067919,0.25826558
946,946,0.25641915,0.449945
112,112,0.0018692187,0.00016188622
562,682,0.009401422,0.9657152
45,45,0.0033467433,0.006698489
224,224,0.0053724954,0.64824003
259,259,0.18617444,0.77650535
372,373,0.94513935,-0.48291847
504,504,0.047187395,0.9921442
631,631,1.0549731,-0.3422708
968,588,1.6169631,0.49802706
686,686,0.5275457,0.9348743
557,645,1.7980175,0.33124685
957,957,0.87950885,0.2684297
612,612,0.04781214,0.99375993
575,575,0.15320683,0.9209694
751,479,1.0695002,0.48122543
334,334,0.008973515,0.8026855
106,106,0.04038705,0.98709226
78,304,1.7078266,0.4186865
587,587,2.36163,0.5082657
964,930,1.1530263,0.7727346
486,486,0.03348634,0.062424004
346,346,0.5009675,0.8975717
968,673,1.599113,0.70051444
966,966,0.38275343,0.8997536
121,121,0.034089763,0.026414812
880,880,1.1604881,0.844452
431,516,0.5810207,-0.102559626
705,547,0.4993683,0.58205855
861,861,0.09490687,0.99022627
516,516,0.112228826,0.9014686
581,581,0.20613536,0.9619868
67,67,0.06868018,0.025047243
880,880,0.02087168,0.41422355
999,999,1.8953618,0.43196675
622,622,0.6720802,0.87424
216,216,0.0047374023,0.044968903
132,132,0.042257655,-0.0037798285
434,591,1.6245909,0.5847574
960,932,2.3035111,0.29410684
412,760,0.70105505,0.55974543
151,158,0.65604,-0.13376522
560,560,0.0735429,0.99214417
1,1,0.020224225,0.5689961
163,163,1.6099558,0.38084143
