predictions,labels,entropys,plpds
811,622,0.36866462,0.9459241
622,622,0.029813692,0.9960829
355,355,0.05072923,0.99341536
965,964,1.023482,0.80226356
227,227,0.70381284,0.7184042
697,697,0.027960088,0.887495
456,456,0.1379058,0.9777294
219,219,0.17624757,0.961745
919,919,0.041367166,0.031032205
693,625,1.6421626,0.4188574
37,37,0.6539078,-0.08242369
191,194,2.8006299,0.3844777
407,407,0.46153918,0.063651085
753,753,0.02153974,0.98984367
583,583,0.0044197794,0.0015407801
341,341,0.05177243,0.9801552
43,39,0.8497358,0.52781093
270,270,0.12540203,0.13289458
439,439,0.029047204,0.023213685
908,908,0.0056105303,0.9827769
237,223,2.3680553,0.22928984
412,737,0.9937346,0.7894602
164,164,1.0699158,0.06712347
325,325,0.07216171,0.10218084
549,549,0.5290561,0.81315005
923,923,0.59976596,0.8001103
543,422,0.0735715,0.12596667
178,171,2.060072,0.3949706
657,744,0.63258207,0.6654131
479,479,0.015279219,0.45274037
836,836,0.73744696,0.1390985
228,228,0.003787124,0.0012244582
877,877,1.2859275,0.7661761
477,512,0.22908005,0.92649263
53,65,1.0805483,0.45475486
139,346,2.8977556,0.2715449
641,641,0.012112008,0.97310776
893,798,3.2216866,0.13138577
288,288,0.016183475,0.85346913
817,817,0.23382968,0.0242486
67,62,0.04539425,-0.0003027916
441,441,0.21812119,0.94789386
671,671,0.045085914,0.02579993
50,50,0.52520245,0.9098737
90,90,0.00081710744,0.0027724504
562,975,0.4934368,0.93315303
160,160,0.0027859686,0.0026435256
455,455,0.20767532,0.7458976
578,578,0.68875074,0.22952765
825,825,0.258006,0.8786288
240,241,0.5716283,0.4281981
220,220,0.25909966,0.9206853
784,784,0.123992175,0.0016213655
402,402,0.09095883,0.60009515
604,604,0.00010986012,0.0005791187
370,370,0.35948697,0.9088058
496,496,0.14014535,0.016818881
83,83,0.0007834971,0.0010422468
562,562,0.02733615,0.011767507
519,478,1.1996367,-0.2204498
292,292,0.4652312,0.11713284
980,552,1.825499,0.64986885
463,840,0.07475513,0.16991264
714,714,0.011349301,0.09765977
