predictions,labels,entropys,plpds
377,377,0.10116978,0.61531836
435,876,1.1812102,0.44401565
746,792,2.0424068,0.53460467
619,846,3.0691516,0.2539072
891,891,0.0022299434,0.01938653
821,821,0.07964836,0.024461925
884,884,0.021543227,0.010195255
460,17,1.4972036,0.68394464
449,449,0.193054,0.1736219
84,84,0.01666272,0.9401256
401,401,1.8288943,0.61533934
508,508,0.12292713,0.0506559
822,822,0.0044699647,0.02332592
267,267,1.1327285,0.4461724
596,596,0.013762948,0.066263616
909,725,0.105807155,0.95749515
499,499,0.9916119,0.8450329
992,947,0.08900895,0.028719842
370,370,0.03608795,0.93051434
331,331,0.008727373,0.005007148
692,963,0.34711558,0.6984986
617,617,0.96257114,0.5178305
277,277,0.07813747,0.019661307
196,196,0.5253437,0.8029266
616,488,2.929481,0.45070645
151,171,1.1246502,0.71110266
513,676,1.4384007,0.2656123
450,954,0.5555612,0.2282592
202,189,1.9298393,0.13881184
447,678,1.6402647,0.64362013
267,267,0.79481864,0.8596981
478,478,2.6295028,0.34556866
753,753,0.0411985,0.929562
490,490,1.0503712,-0.15374446
594,594,0.0019942913,0.0007956028
557,682,0.9984827,0.8185507
495,453,0.53357494,0.85828
911,474,0.8660381,-0.107091606
396,396,0.123085745,-0.0044005513
80,80,0.003432413,0.0030171871
13,13,0.0138801765,0.70781267
218,218,0.13885805,0.8245233
33,34,1.5047752,0.38892576
481,481,0.11406388,0.20726395
73,75,0.35469845,0.92052877
151,158,0.6616508,0.8895405
789,789,0.028632525,-0.002851963
471,471,0.09312177,0.98103064
628,628,0.016587827,0.054899096
345,345,0.048400417,0.9946549
925,925,0.048947293,0.83142924
905,905,0.54060405,0.9015152
7,7,0.028676039,0.028521597
787,787,1.2107718,0.7259608
41,41,0.03608349,0.044219077
868,868,0.20056057,0.70952326
679,679,0.27346638,0.94514465
515,457,0.31576753,0.891361
3,3,0.11977197,0.1381458
725,647,1.6992816,0.38880318
996,996,0.44241077,0.55284834
205,205,2.7412484,0.23004392
531,531,0.7118794,0.26149592
145,145,0.00091787754,-9.775162e-06
