predictions,labels,entropys,plpds
361,361,1.4934127,0.020574152
605,605,0.14247784,0.967665
648,526,4.524832,0.09065956
218,218,0.41653636,0.9326562
771,771,1.3441236,0.21943736
932,932,0.19732037,0.0013222098
412,412,0.92894894,0.78709865
550,550,0.65552115,0.9063992
880,84,3.883095,0.16960295
327,988,4.093788,0.12435749
878,878,0.2380839,0.015018702
676,676,3.068853,0.4243416
294,294,0.30229735,0.9666983
852,852,0.0179726,0.030689478
587,503,2.9012628,0.4475088
399,399,0.18513909,0.93706006
199,199,0.043868557,0.20764041
265,529,5.1994257,0.0045243874
126,314,1.5381039,0.5760919
734,407,1.0082798,0.4929006
508,824,4.4060783,0.21966888
803,779,0.18068027,0.06381714
891,966,2.3333836,0.3912169
712,712,0.14893001,0.9764833
870,752,3.91952,0.26632056
758,758,1.2918179,0.8273094
560,159,5.346306,0.050071936
867,864,0.6818846,0.87808675
680,585,1.4495711,0.6031576
891,891,0.9447739,0.37324497
604,604,0.040934153,0.99289817
787,787,0.36240104,0.95657027
585,631,1.4938841,0.5847919
584,584,0.46384683,0.11089003
584,584,1.4208376,-0.10134143
865,865,1.4553411,0.20015791
940,940,2.5240884,0.414532
164,164,1.5674008,0.5254543
983,732,3.7524455,0.2072459
247,247,0.2622463,0.95146066
528,528,0.06599222,-0.0017017126
437,437,0.13136572,0.984054
404,908,0.14379114,0.87978864
403,403,1.1501552,0.76842004
475,605,3.882329,0.35060978
727,727,0.47312534,0.9093948
705,829,0.7169689,0.7614861
345,345,1.2224689,0.6118959
268,268,0.20297289,0.9498954
557,557,0.12908645,0.0040999055
673,673,1.9188498,0.7046355
783,783,2.5871072,0.35508016
517,517,1.0888506,0.76679796
242,242,1.333595,0.2549401
374,374,0.1066686,0.9839695
95,95,0.1827129,0.9499204
621,621,0.08656326,0.82069886
361,361,0.07947065,0.015235305
849,849,0.2534179,0.9139423
619,599,2.1359098,0.57460135
858,858,0.73414266,0.12036097
395,600,4.311801,0.12685582
1,926,4.4355755,0.13326663
84,84,2.2117043,0.7088502
