predictions,labels,entropys,plpds
260,260,1.1291307,0.8234736
562,974,1.2303483,0.643863
293,293,0.055076532,0.009758294
713,713,0.065696046,0.26984715
732,732,0.8286988,0.86769193
133,133,0.09866269,0.96935505
310,301,1.7498078,0.54942936
947,39,2.9676428,0.3826577
99,99,0.083453484,0.0056242943
497,497,0.5293518,0.8374076
211,211,2.3893294,0.0016297698
696,696,0.12994452,0.98866653
274,274,0.014861841,0.71128106
479,545,3.8559363,0.13139835
387,387,0.041775506,0.7182584
955,955,0.051365606,0.67620623
870,870,0.41844723,0.9287235
965,965,2.1887722,0.43245554
240,240,0.4733647,0.12175137
546,875,1.7800744,0.5583075
761,761,0.7340521,0.8812628
234,234,0.91460305,0.5461338
721,806,3.7339838,0.29161668
275,275,0.050015304,0.44553345
738,899,0.4900497,0.09456736
527,446,0.95702904,0.8569254
473,473,0.053051982,0.8925028
934,934,0.06377027,0.97990125
485,570,2.1595812,0.33531117
845,313,1.6144874,0.74706393
199,183,0.84936094,0.4875817
779,779,0.33877423,0.9540756
164,210,0.5570946,0.89657074
462,998,1.4300487,0.7156106
476,476,0.15156555,0.06942397
420,420,0.019337647,0.66394913
201,187,1.5203617,0.46409205
94,16,1.2989099,0.6540235
923,923,1.6993564,0.5364107
3,3,0.03370466,0.9908429
960,960,0.43906054,0.942452
853,853,1.4030552,0.5150749
756,756,2.6152263,0.45444107
457,823,2.7121005,0.35022038
471,471,0.23903768,0.9679917
173,173,0.0458444,0.3580823
263,263,1.0868955,0.67326003
676,676,0.042545315,0.6744131
614,614,0.5193252,0.34016854
704,704,1.196717,0.8267846
463,463,0.049386807,0.9934481
247,247,0.021309666,0.8929336
927,469,1.6751618,0.7126652
252,252,0.21781173,0.9727104
208,179,1.7553968,0.5653142
277,278,0.073953375,0.3560632
983,983,0.15210214,0.97610414
615,615,0.075850785,0.74329287
883,883,0.69235927,0.8960176
896,896,0.020353504,0.9961405
991,991,0.1353203,0.041494727
251,251,0.023264345,0.06628615
616,658,4.0511093,0.21847253
60,60,1.3612041,0.6811114
