predictions,labels,entropys,plpds
96,96,1.5565419,0.5884018
764,777,0.37837923,0.8422211
719,712,2.1572075,0.5808316
428,620,2.0202124,0.47034487
336,337,0.4471233,0.89245796
23,23,0.16029525,0.9806832
392,392,0.14757356,0.9832403
805,805,0.5282294,0.92231625
391,391,0.06879039,0.5673412
515,837,3.4700933,-0.51540864
841,885,3.5636296,0.17857262
371,371,0.59519976,0.9075395
997,997,0.08446194,0.034632087
900,900,0.011463988,0.9972147
666,929,1.156651,0.48880678
859,859,0.049513765,0.9958808
198,196,1.854351,0.6923666
353,353,1.3359947,0.6348547
696,318,3.279715,0.19819939
780,914,0.025185818,0.73526233
955,955,0.015758308,0.07272506
285,121,3.369361,0.20352563
31,31,0.064227894,0.9741906
736,736,1.3691065,0.7890562
834,906,0.752709,0.39267722
668,668,0.078821756,0.2537632
945,415,4.3875256,0.17697485
190,190,0.9162511,0.81645286
472,472,0.49076414,0.7512178
756,756,0.6571548,0.856977
374,380,1.895189,0.38729617
884,406,0.6460734,0.81219375
830,701,3.957058,0.16537076
433,465,0.94857126,0.37619776
394,394,1.5808326,0.40439305
352,352,0.1849764,0.7851209
445,433,0.26383144,0.9479275
591,591,0.86346585,-0.11134094
975,975,1.0927887,0.7317366
67,45,2.147953,0.31769022
103,103,0.75477415,0.8124478
840,794,3.5509553,0.38073158
347,347,0.012148341,0.12706393
371,371,0.61226225,0.7758253
18,18,0.04488457,0.9958852
126,109,2.4488134,0.32431418
633,633,1.2105918,0.32444155
814,814,0.23586074,0.9655062
825,49,3.1446176,0.19621436
613,673,2.2697275,0.6360142
781,781,0.10026187,0.9759083
482,482,0.9424222,0.67401326
604,48,4.3681717,0.24567047
120,120,0.96358085,0.62296695
538,727,2.9956927,0.28687727
263,263,0.44509935,0.8726579
341,342,1.0732203,0.50865644
78,78,0.07566929,0.9413563
470,658,1.0671254,0.81367135
559,559,0.57571256,-0.07652199
792,813,1.0676789,0.79055715
3,3,0.52720094,0.8481443
83,825,3.4645762,0.35048088
84,84,0.010236962,0.28075665
