predictions,labels,entropys,plpds
122,122,0.28556752,-0.05007142
144,144,0.06219908,0.9926965
241,241,0.8332192,0.6155015
363,363,0.20616192,-0.017038524
383,383,0.10376089,0.023184896
224,224,1.104538,0.5054761
259,259,0.34469748,0.9561832
190,190,0.6430727,0.90093434
119,36,2.441752,0.51186246
272,232,0.46541774,0.027408421
573,408,0.047834106,0.99502796
951,951,0.0648249,0.008470714
82,82,0.0734435,0.011933327
94,94,0.017090188,0.96398604
913,460,1.77077,0.38462383
642,830,1.5682491,0.4892063
692,692,0.4142443,0.94299215
618,618,0.10424401,0.9621668
749,749,1.1381283,0.8151096
519,519,0.14170203,0.5665906
927,927,0.025100876,0.9892732
151,268,0.8843767,0.74421245
95,95,0.07733415,0.98582464
448,325,1.5821569,0.5163613
314,314,0.50128084,0.9060234
270,270,0.14934233,0.008914292
324,324,0.6380737,0.9253305
492,485,2.430985,0.3996831
384,384,0.006409171,0.0834105
560,560,0.025854811,0.18710697
176,176,2.2273812,0.2975403
699,699,0.051675018,0.995823
220,213,0.30186224,0.9501777
138,138,0.3055879,0.9442277
971,971,0.052792117,0.03663826
464,464,0.12095328,0.97069514
900,900,0.06730551,0.9940031
471,609,0.48051512,0.9148358
224,227,0.20603558,0.96999586
966,966,0.047435533,0.88800484
684,684,0.0048632557,0.3662737
276,278,1.3094323,0.63387465
479,468,0.47311544,0.8917288
140,140,0.18089823,0.4391598
705,874,0.82468003,0.7137809
738,706,0.13737413,0.8644515
510,510,1.1939142,0.5929862
329,397,3.6731267,0.11244446
333,333,0.01763749,0.9986223
702,702,0.98752666,0.13891515
96,88,1.1928283,-0.46718398
211,211,0.4877999,0.78766906
510,718,1.5688989,0.39668024
415,932,1.1642721,-0.23091257
32,31,0.93930566,0.55170095
690,690,0.19046524,0.9696927
490,197,1.9357128,0.6464032
830,506,2.2965503,0.52700067
939,939,0.68590266,-0.05838293
162,167,2.5261018,0.41837317
164,164,0.012825685,0.19351625
836,414,0.59906137,0.8068674
643,844,0.019743875,0.99827874
392,392,0.0043477667,0.00012660027
