predictions,labels,entropys,plpds
798,798,1.0885799,0.5402524
22,22,0.047118675,0.99625295
445,445,0.33476722,0.8212264
337,337,0.34685385,0.9249854
799,894,1.2983384,0.42443052
613,613,0.011868821,0.99319756
380,380,0.46834165,0.8789593
491,491,0.2183457,0.05157596
488,130,3.9292316,0.20685677
697,846,2.5723479,0.5072094
182,739,4.3563,0.18729994
200,185,2.6679788,0.26417682
615,906,0.37978986,0.94319737
521,567,0.31695476,0.9490537
515,869,1.942368,0.54325444
695,488,2.1084151,0.3308637
372,371,0.9074733,0.8202512
146,146,0.0531827,0.6866206
642,914,1.062731,0.72811824
111,111,0.7637224,0.7891035
356,356,0.2677747,0.7256247
6,6,0.070252135,0.87393034
721,591,0.87728214,0.27305087
157,219,0.21183677,0.9513932
909,959,0.2808576,0.94546926
447,978,0.5541154,0.832013
893,893,0.05068618,0.99384695
157,157,0.10446251,0.9842762
467,467,0.047603466,0.8985343
475,475,0.010350241,0.88495874
726,726,0.09279916,0.32460564
736,736,0.08950341,0.5113083
134,21,0.9362644,0.59416234
707,482,1.3166537,0.6798408
743,743,2.4115808,0.2038258
47,47,0.017401969,0.4809019
374,374,0.039459903,0.9280807
243,243,0.48701608,0.89642906
718,821,0.06346144,0.9909487
330,412,0.66886795,0.858898
304,304,0.2624835,0.94958454
718,718,0.06346296,0.9928578
985,985,0.13252193,0.10402638
15,15,0.00047831493,0.113316774
469,567,2.687876,0.4640874
182,156,2.2746391,0.49284363
779,779,3.405179,0.2195032
526,838,0.97242093,0.7084781
761,761,0.12033242,-0.01312691
690,603,0.45043567,0.8423289
912,912,0.007880196,0.00061148405
374,21,1.5951555,0.5691029
937,809,0.95538163,0.812958
425,958,1.7430238,0.69514203
539,904,0.06653034,0.96782017
905,922,1.4877229,0.62954557
233,252,2.627317,0.33265698
137,137,0.095099516,0.98931897
65,65,0.6650981,0.73654574
463,756,1.5123439,0.63725865
616,616,0.041030098,0.080042124
769,769,0.032968212,0.27266872
58,357,2.7873852,0.27842838
641,469,1.5705595,0.7517154
