predictions,labels,entropys,plpds
52,52,1.563267,0.29579473
134,134,0.056412578,0.98167175
22,22,0.031014279,0.99699044
471,670,1.749672,0.6902276
487,743,1.7877996,0.39214727
508,508,0.23082888,-0.025316417
250,248,0.9607197,0.68397635
629,629,0.48902023,0.66254103
660,660,0.4113299,0.94038785
419,419,2.7419124,0.33209208
254,254,0.5059245,0.7109622
543,422,1.3212872,0.42751288
258,258,0.7201091,0.76173735
272,269,0.691471,0.79672813
422,422,0.20617835,0.9760205
28,25,0.55190104,0.61515516
444,444,0.5405637,0.8851895
632,632,0.031486046,0.97104746
989,989,0.09206556,0.39695883
223,273,0.5756623,0.82445765
980,980,1.3355004,0.72427225
95,95,0.3247014,0.93758905
680,680,0.12697302,0.9694014
210,215,1.0437039,0.75058526
505,505,0.40494126,0.8789232
850,850,0.051501583,0.029760063
161,161,3.4596455,0.1350186
464,464,0.22876827,0.9721368
451,451,0.034499303,0.92235583
103,52,0.8260064,0.8578729
776,835,3.9335322,0.16768777
867,675,0.12958385,0.18053716
250,250,1.156218,0.46946937
453,453,0.117866576,0.2797479
788,617,2.307431,0.27795145
903,903,1.4341474,0.45079795
269,269,0.20028359,0.9696718
804,804,0.13074425,0.6936234
399,982,3.2098656,0.24669437
572,572,1.1551855,0.70616776
902,691,1.7968379,0.4997019
741,918,0.028776962,0.0023195744
345,690,0.64892185,0.6614235
384,384,0.089038566,0.6262873
949,949,0.6781708,0.56735384
258,258,0.9957151,0.7404239
827,634,2.6779523,0.24694912
843,889,0.654866,0.8553358
693,693,0.015393717,0.9949827
495,495,0.033660986,0.58319604
125,125,0.12011417,0.9778561
931,934,0.76291776,0.775854
331,330,0.7469069,0.56574917
623,623,1.0973966,0.75898665
311,311,0.11631451,0.9361023
338,338,0.013169549,0.9806594
272,333,0.54021716,0.89071196
657,624,3.9234715,0.12600638
409,711,1.0374004,0.61021054
35,48,1.9030967,0.3718318
655,638,1.4216523,0.5754113
608,608,0.0049512573,0.9995319
191,165,0.6565703,0.8623234
700,811,1.1625085,0.67273647
