predictions,labels,entropys,plpds
954,954,0.03200308,0.01740235
492,492,0.0030335225,0.17352766
465,465,0.081513554,-2.5987625e-05
297,297,0.00025165753,-8.34465e-07
971,971,0.46189398,0.3999966
457,457,0.0026092683,0.00012487173
387,387,0.001165237,0.00020736456
66,66,0.28144988,0.14344585
891,891,0.010493841,0.006404698
604,438,0.9683043,-0.27346218
476,476,0.001713356,0.0025776029
904,904,0.01468104,0.01750058
640,640,0.000116997566,0.00031983852
481,481,0.861249,-0.3186993
486,486,0.009594819,0.0043557286
711,711,0.011238241,0.011211932
