predictions,labels,entropys,plpds
124,762,4.3910236,0.08082698
303,303,0.96985924,0.80868566
340,340,0.7325343,0.46553785
925,925,0.05669229,0.081014514
212,212,0.109538384,0.0071706176
183,183,0.07159522,0.04817176
51,51,2.490795,0.5337838
537,537,0.035604835,0.33579612
48,48,0.8026154,0.35451916
957,957,0.095100686,0.06784719
926,469,0.7132558,0.42285866
620,620,1.7157805,-0.045237184
197,200,2.2173254,0.15492842
667,400,0.25535145,0.007701993
242,242,0.20041858,0.5140794
116,116,0.054009087,0.79224974
870,870,0.16547407,0.9316833
663,406,0.758615,0.6620904
731,731,0.037742287,0.8233839
453,624,1.638799,0.27361402
235,235,0.6346968,0.17539597
941,941,0.07591461,-0.003723979
237,237,0.5832466,-0.053644
560,560,0.0019502884,0.004743874
26,27,0.7824258,0.40558964
795,795,0.27599466,0.7957794
712,712,0.07366356,0.04481274
722,722,0.061647736,0.41695476
889,889,0.05129283,0.0012748837
491,491,0.021246282,0.089048326
992,992,0.19244054,-0.013636053
663,663,2.478738,0.4416323
501,501,0.27805012,0.63270915
401,822,0.5526132,-0.059926867
438,438,2.11372,0.35866112
793,793,0.073091194,0.017691135
41,41,0.1647636,0.004075289
242,180,1.6154755,0.42649055
554,554,1.1601253,-0.25919217
671,665,0.7779258,-0.06713998
171,171,0.2483593,0.10867232
926,909,1.3547467,0.49767315
700,700,0.81877744,0.024794519
88,88,0.021035336,0.01947081
324,324,0.011194231,0.0017011166
20,20,0.0263815,0.14610744
857,857,1.730639,0.35671842
308,308,1.0425088,0.724898
207,222,0.3858717,0.80836
348,348,0.112781905,0.026801825
518,518,0.12452744,0.21607435
191,175,0.110465586,0.0041458607
208,208,0.5609386,0.8426828
411,411,1.8151089,0.5001845
356,356,0.105738744,0.0034031868
763,763,0.016124077,0.02635461
269,174,1.7141342,0.5427533
966,966,0.04318143,0.0017957091
637,825,2.841968,0.124509
912,912,0.014411169,0.069043696
336,336,0.07442102,0.746311
794,794,0.36643624,0.4974786
508,810,2.2420344,-0.15479752
122,122,0.20750079,0.11665237
