predictions,labels,entropys,plpds
222,222,0.12571537,0.03937584
430,430,0.0042116838,0.017998695
382,382,0.48168325,0.066994786
439,439,0.0064645344,0.0014330149
217,217,1.3647493,0.021510601
387,387,0.021794427,0.0029575825
380,369,1.7677171,0.45808053
698,663,0.6657659,0.36446595
664,664,1.5805663,0.16341907
850,850,0.09123877,0.059751213
797,602,2.6664634,0.49556482
256,589,1.7709045,0.5445294
711,711,0.083458096,0.85239
391,391,0.035336506,0.033690512
669,669,0.5867778,0.92665195
281,281,0.9423704,0.15277815
159,246,1.8816006,0.04360068
945,945,0.7293062,0.07366085
346,346,0.42193604,-0.00986737
819,560,1.0460045,0.8514763
235,235,0.15980387,0.6464156
132,132,0.100398675,0.1657306
382,380,0.34251863,0.009679973
591,591,0.17680854,0.04666066
207,207,0.07581372,0.100939214
271,271,0.15513353,0.95108306
972,972,0.59082335,-0.054023623
845,845,0.22482671,0.12881196
203,203,0.51741576,-0.07004112
960,960,0.39525065,-0.016576588
662,482,1.582339,0.32125342
476,476,0.5473865,0.26596045
496,496,0.102391884,0.97476417
728,728,3.8441184,0.14211884
210,210,0.29417068,0.66714513
859,811,1.0726844,0.6299752
236,236,0.7598747,0.5786545
760,455,0.40691945,0.809993
444,552,0.9355529,0.5770316
311,311,0.29228815,0.8823577
46,46,0.85844207,0.12489551
903,903,0.08564899,0.62507117
228,228,0.4266559,-0.006358266
469,452,3.5227437,0.33600244
825,825,0.010868601,8.59499e-05
821,821,0.52718353,0.026606917
301,301,0.3353582,-0.032370627
399,399,1.0362529,0.8220131
977,977,1.0519896,0.36988378
300,300,0.06740304,-0.0046588182
652,652,1.6580794,0.48461238
119,119,0.096167415,0.36349487
962,962,1.5117955,0.75723535
761,761,0.033623993,1.0669231e-05
394,394,0.07697193,0.08780885
419,419,0.050824635,0.35011512
626,818,3.016265,0.23167174
128,128,0.031473186,0.055409253
940,940,0.10415618,0.83967835
177,177,0.12837522,0.14878511
178,254,1.390817,0.5419474
829,829,0.10055786,0.37386173
413,413,0.9624518,0.41851956
648,493,1.1408765,0.5186287
