predictions,labels,entropys,plpds
848,482,1.2033318,-0.046811998
809,809,1.3460944,0.54311275
35,36,0.9558999,0.49618116
232,232,0.46543983,0.9109543
344,344,0.056573212,0.0079802275
438,438,0.014642739,0.036332607
187,201,0.14213334,-0.013753474
182,182,0.016863994,0.7711179
288,293,0.94172466,0.119160056
172,172,0.23303056,0.07116121
8,7,0.0705367,0.03393036
918,918,0.041254506,0.001486063
528,528,0.06896946,0.023383498
408,408,0.11121919,0.34007317
602,775,2.2747166,0.43460616
943,943,0.004574367,0.025650084
598,598,0.6998929,0.64360476
233,183,0.28413045,0.30739987
571,571,0.049129173,0.014007509
931,931,0.036977354,0.016017854
477,477,0.2603437,0.025630236
518,670,0.85461885,0.07684994
474,474,0.11045915,0.005823374
201,201,1.1599559,0.6946794
90,90,0.021223402,0.00090169907
139,139,0.009665173,0.041791916
746,746,0.039644375,0.051724672
939,939,0.35301256,0.01350081
441,572,1.4732149,0.52229464
251,251,0.085596964,0.0087073445
993,993,0.013593387,0.0015460849
991,991,0.06678912,-0.00089871883
840,473,1.336132,0.7614038
430,430,0.012812875,0.17604941
386,386,0.6528774,0.014073789
627,627,0.056916006,0.15616709
821,821,0.09946476,0.048330843
310,310,0.11547433,0.014300644
153,153,0.16941392,0.936172
997,997,0.8757354,0.39799166
217,217,0.26921198,0.7543195
930,930,0.63731915,0.07665461
556,556,3.3295317,0.3179449
889,889,0.06681404,0.093027055
629,836,0.72161055,0.7237145
662,742,2.1988046,-0.506719
807,807,0.0482399,0.017795444
174,243,1.7265043,0.21353412
710,710,0.063308075,0.33257955
302,302,0.45246458,0.52214885
253,253,0.055163085,0.034012854
117,117,0.58223224,-0.11635989
926,926,0.69202363,0.62612927
817,479,0.6051922,0.70882887
195,195,0.31583905,-0.026269913
117,117,0.0024359468,0.0033050776
716,716,0.3823744,0.0038965344
131,131,0.052905276,0.077614725
532,532,0.004094599,0.030772269
480,480,0.12505618,0.041969657
13,13,0.51352096,0.1982764
206,206,2.5538576,0.23474607
680,680,0.040174913,0.33394337
487,590,0.89397645,-0.3396995
