predictions,labels,entropys,plpds
409,409,0.37623775,-0.0919444
491,491,0.57591414,0.679296
29,29,0.015208936,0.018798172
11,11,0.033920534,0.014598906
498,627,1.6396103,0.6130473
304,304,0.32900435,-0.021847248
374,373,1.5187274,0.5397479
866,866,0.26597905,0.35568196
892,892,2.0612922,0.39079216
911,452,0.93900895,0.7085799
712,712,0.15564612,-0.0010478497
827,827,0.15378141,0.9779689
224,224,0.022352766,0.0041740537
334,334,0.03415589,0.65306497
897,897,0.6671829,0.90700525
464,893,1.2497338,0.29423773
387,387,0.024704885,0.009588122
214,214,0.1342842,0.04773563
799,799,0.4398663,0.46892434
556,598,2.1626105,0.24543571
751,511,1.380359,0.34593824
627,627,0.024074199,0.9574807
293,293,0.013862983,0.004328549
92,92,0.009351847,0.0017797947
485,482,0.7743075,0.17468482
626,626,0.11812569,0.9837044
834,834,0.1889809,0.34532976
36,35,1.3384737,0.42717716
616,616,0.029739399,0.06535274
950,950,0.09057704,0.041028857
340,340,0.04231795,0.004325509
917,917,0.20055363,0.10599595
25,25,0.41803777,-0.051061034
199,199,1.6077006,0.6584881
117,117,0.034809023,0.04698366
142,142,0.097015485,0.17089742
573,575,0.7651918,0.8313196
832,832,0.067759275,0.18017215
657,744,1.0643673,0.6397755
972,977,0.3048216,0.4497676
364,364,0.06990455,0.11509091
590,590,1.9542401,0.56846344
313,313,1.4469073,0.44696194
237,158,0.72250104,-0.26451695
182,182,0.1670966,0.24427897
956,911,1.6339176,0.54643124
117,117,0.017488578,0.0009987354
756,756,0.2935162,0.95752054
21,21,0.713408,0.8624091
583,583,0.07270031,0.5923188
714,714,0.24916418,0.1686064
416,416,0.24687244,0.07044321
716,716,0.14682807,-0.010564327
427,756,1.6732402,0.7137788
320,319,0.72256935,0.30918688
581,581,0.57099015,0.8378464
303,303,0.31022787,0.9023342
923,923,1.8181201,0.5165796
116,116,0.5947038,0.6701188
315,315,0.076905966,0.02005434
230,230,0.46531898,-0.029206038
161,161,0.17939226,0.2379089
784,784,1.0089203,0.25793657
659,804,1.9439955,0.27654183
