predictions,labels,entropys,plpds
468,468,0.95534086,0.63718575
420,420,0.01854844,0.013340592
951,951,0.052264698,0.5078348
36,35,2.1400785,0.39887446
53,53,0.04649636,0.8589591
219,219,0.032280862,0.022057056
263,264,0.9445914,0.5570353
128,135,2.4613652,0.37579596
187,201,0.7544271,-0.03510332
808,808,1.3747835,0.6243194
909,909,0.019654369,0.05175084
186,226,2.9458025,0.25797185
628,833,2.9835925,0.3225656
149,149,0.0027985638,0.71174896
145,145,0.0011042531,6.663799e-05
652,652,0.022430267,0.0063239336
854,765,0.85404265,0.85088605
30,30,0.3420269,0.5897826
218,218,0.13602434,0.039552152
781,781,0.013267741,0.008516312
961,572,3.9098835,0.23691574
26,27,1.4079487,0.6889704
328,328,0.016432015,0.008231461
599,599,0.11508575,0.28127074
971,585,2.4933515,0.41185188
112,390,1.4284838,0.6589693
727,727,0.007450432,0.0016387701
374,374,0.3893772,-0.023241162
635,635,0.12537704,0.10562718
497,857,1.0792859,0.67867446
927,927,0.576718,0.9157422
188,188,0.58323646,0.26816064
159,159,0.5338562,0.28688055
815,815,0.017239157,0.003792107
869,869,0.031411942,0.988466
445,459,0.91629124,-0.14014357
513,513,0.6613852,-0.17410928
281,281,1.3096504,0.20627452
629,629,0.029801965,0.004236877
895,895,0.526617,0.44079003
40,40,1.386699,-0.06719333
443,415,0.30313575,0.2914341
581,581,0.032556716,0.019482076
596,596,2.872118,0.42618477
605,605,0.032121133,0.15356618
457,457,0.043762397,0.98365235
117,577,3.3733768,-0.4769082
769,769,0.58029056,-0.05104798
571,571,0.4969205,0.42241523
356,358,0.46438104,0.08102381
733,733,0.024444215,0.10745317
375,375,0.09112686,-0.0014438629
190,190,0.23121533,0.6527134
527,526,1.7098434,0.12547517
661,661,0.360161,0.61538416
248,248,0.7599747,0.64488643
968,960,0.8633208,0.5926305
354,354,0.13094282,0.9864352
527,527,2.3844194,0.26976258
194,175,1.3928947,0.6372645
374,373,0.005419882,0.012734354
308,308,0.009620351,0.0013604164
730,730,0.014929663,0.17123556
491,491,0.7560088,0.51092255
