predictions,labels,entropys,plpds
531,531,0.014294514,0.001026988
546,402,0.17141944,0.9515641
684,684,0.0024405112,0.00075006485
248,248,0.59132916,0.0931505
353,353,0.22412899,0.12319249
840,584,0.79942775,0.86546487
730,730,0.20781401,0.8447723
188,188,0.1385794,0.11526638
415,415,0.44101632,0.12546408
49,49,0.1313447,0.019969225
637,637,0.07765974,0.9080817
922,922,0.27038944,0.7988734
466,466,0.011669821,0.16046268
816,816,0.42961067,0.1664021
483,483,0.07570712,0.044931293
229,229,0.01224583,0.12505299
575,575,0.14326346,0.5336611
151,237,0.7380762,0.7409501
614,614,0.021676496,0.21055311
559,559,0.80575305,-0.47923243
859,859,0.04922501,0.77559465
728,728,0.6017186,0.81132084
417,417,0.009100075,0.013560176
750,750,0.39262283,0.16747314
760,760,0.10394967,0.25789344
483,483,0.0075754058,0.00074899197
874,874,0.015451379,0.29655355
470,470,1.3090192,0.695951
197,197,0.481555,0.042682827
214,214,0.02866393,0.7760927
411,689,1.2807481,0.046619833
925,809,0.6624457,-0.13463098
523,523,0.040775713,0.006625831
558,558,0.7406566,0.19921464
528,528,0.27625152,0.35755736
911,533,1.5806042,0.35127428
954,954,0.12983717,0.025743544
435,637,2.9394593,0.2399036
179,227,0.3043164,0.21475482
975,718,1.6562519,0.41574347
896,896,0.035431147,0.087064445
70,70,2.4707227,0.49009788
380,380,1.2902782,0.46975565
494,448,0.8417089,0.18121326
534,534,1.0865734,0.8108655
825,825,0.012887649,0.3317114
561,561,0.003281332,0.42756355
751,751,0.21085139,0.021390319
845,845,1.92329,0.38358226
757,660,0.6393329,0.8548886
829,829,0.17488086,0.9567
566,566,0.06046647,0.0031960607
718,718,0.31417882,0.7924797
592,605,0.2210024,0.9633581
700,700,0.0785538,0.083245575
149,149,0.0031490368,0.010810912
117,117,0.0003031277,6.055832e-05
904,904,0.063644655,-0.004131913
439,474,2.635604,0.30384132
633,633,0.048386388,0.018854499
3,2,0.31809285,0.1015259
220,220,0.8592675,0.19648832
957,957,0.022430614,0.03745264
156,156,0.86845064,0.7957092
