predictions,labels,entropys,plpds
935,935,0.40146825,-0.044016063
121,123,2.407032,0.33290106
882,882,0.07860384,0.017611027
929,929,0.72234756,0.8456626
350,350,0.0017007415,0.004039049
904,904,0.12592202,-0.0026285052
527,526,1.7558599,0.3475853
312,312,0.51166916,0.8123262
860,624,1.5781451,0.32602423
57,113,1.0093606,0.8227706
84,84,0.10177611,0.99007213
797,797,1.4946494,0.16405252
99,99,0.83346653,0.5429872
333,338,0.09713516,0.0679664
208,208,0.7856016,0.073526084
592,592,1.1797395,0.70833045
277,280,0.22914466,0.08017093
938,938,0.007286023,0.0005942583
361,230,2.6557245,0.32050827
609,609,0.1194839,0.7629216
871,871,0.1427227,0.48798347
135,135,0.0036904854,0.00038677454
503,503,0.07020622,0.09787965
888,888,0.021581447,0.06422949
164,164,0.07997619,0.18272054
211,211,1.3994508,-0.19705337
655,678,2.2080364,-0.31370053
959,959,0.013098822,0.0014933944
410,410,0.0096370485,0.07637018
667,667,0.3616813,-0.07180303
84,84,0.71165866,0.913642
100,100,0.0013471029,-2.5391579e-05
624,624,0.85897154,0.43591607
522,522,1.7846102,0.726469
597,597,0.24756125,0.97176874
795,523,0.85317963,0.48927683
544,544,0.10953429,0.9628124
918,918,0.50637853,0.6064694
664,527,1.0086309,0.1143682
938,938,0.49427986,0.21067679
616,616,2.0693285,-0.37608904
159,246,0.99264675,0.43830165
283,283,0.02605088,0.087358534
68,68,0.6816502,0.19682214
258,258,0.5310498,0.5312046
51,51,0.4383898,0.95510375
469,969,1.1034588,0.7163273
674,674,0.1797769,0.951069
439,439,0.0044411137,0.0013610721
615,615,2.0318522,0.5367786
558,889,2.3653526,0.3381715
518,518,0.72818154,0.7124824
799,495,0.73968947,0.79881006
794,648,1.1040953,-0.079174936
5,5,0.17242914,0.95026225
512,512,0.13964792,0.01652795
207,207,0.4320195,0.44150966
31,31,1.0624862,0.7324265
845,593,4.1009192,0.16311498
843,843,0.026967786,0.06240821
890,890,0.27842557,0.96198356
612,612,2.2295523,0.52705187
772,772,0.10916155,0.0025641322
129,129,0.4455332,0.31155342
