predictions,labels,entropys,plpds
723,723,0.00720076,0.004095435
768,768,0.10110264,0.9805096
666,666,0.008029163,0.050596833
334,334,0.004287814,0.00041872263
851,851,0.9387921,0.28631547
576,576,0.007239721,0.0113976
768,768,0.011770147,0.014565408
561,561,0.63347995,0.749516
309,309,0.09660217,-0.008434176
460,976,2.3769515,0.28389025
284,284,0.021721832,0.003082633
687,687,0.109660536,0.003020823
594,594,0.08093631,0.1398474
530,530,0.0780981,0.20922774
998,998,0.08503134,0.14112931
102,102,0.009427914,0.0031794906
312,312,0.3144177,0.6874904
161,163,0.4764828,-0.0056315064
837,837,1.659088,0.015875459
85,85,0.005902652,0.0019676685
701,701,0.0014566339,-3.671646e-05
300,300,0.024273587,-0.0009160042
706,706,1.1345203,0.47659764
989,989,0.022101771,0.008294463
49,49,0.13057028,-0.006916225
962,962,0.011399196,0.0015820861
718,976,1.3659925,0.5618687
31,31,0.58204305,0.8900854
337,337,0.010878386,0.014897525
554,554,0.20400916,0.1263017
963,963,0.0194991,0.14938164
126,78,1.5459654,-0.5396911
785,885,0.16353461,0.003805697
94,94,0.49968943,0.3013696
100,100,0.0055799764,2.926588e-05
255,255,0.004112196,0.01250273
289,289,0.29828405,0.25905186
654,654,0.68554574,0.81600493
863,863,0.019430842,0.0040956736
625,625,0.011549781,0.0011157393
280,280,0.022142323,0.007470846
722,722,0.050766714,0.040649354
575,575,0.012534779,0.016381025
718,821,0.42406392,-0.035981715
622,622,0.017203547,0.0021407008
594,594,0.027253969,0.37585795
938,938,0.03951719,0.027867496
547,547,0.5466399,0.2835024
591,591,0.15667424,0.01009357
314,314,0.0148973055,0.95661336
353,353,0.123331286,0.19410211
362,362,0.023068901,0.54720116
720,720,0.36942005,0.57559705
904,905,1.3085248,0.5139913
888,888,1.5749636,0.44747037
822,822,0.045808516,0.008835375
421,421,0.031076342,0.51355994
446,446,1.6906552,0.663121
90,90,0.00085866684,0.0015714169
105,313,0.9998755,0.045908213
831,831,0.02962798,0.50054854
738,738,0.47919494,0.020756125
678,678,0.026691262,0.9929575
65,65,0.6198285,-0.10120201
