predictions,labels,entropys,plpds
240,241,0.7206893,0.48787636
633,633,0.70479226,0.84339565
768,768,0.007367959,0.17973232
807,807,0.03511838,0.23342037
360,360,0.028890084,0.4473741
177,192,1.3559763,0.021597803
672,672,0.039294336,0.7353834
406,497,0.08102916,0.13357311
831,831,0.018537616,0.8835434
768,768,0.017209023,0.005206406
672,672,0.003448243,0.022183478
250,250,0.59832567,-0.11041129
70,70,0.014655913,0.061380744
475,475,0.010630624,0.85238695
109,109,0.009167796,0.00030118227
343,343,0.080073394,0.9893447
846,619,0.6677831,0.5293002
232,232,0.40025914,0.5917418
918,918,0.023852414,0.0039181113
705,705,0.6207266,0.7163265
931,931,0.2487965,0.9530099
707,707,0.5587337,0.20738602
718,718,0.02996017,0.014253199
195,195,0.03782175,0.034752905
234,209,1.4235388,0.2908582
423,423,0.17118338,0.76302564
38,38,0.011766433,0.105593264
727,727,0.026530419,0.010011852
913,913,0.01119408,0.0025296807
854,854,0.024622424,0.07281357
844,446,1.7260361,0.41565013
391,391,0.05879145,0.0011729002
207,435,0.73844993,0.22361189
526,742,0.36521167,0.71682
958,958,0.020465238,0.37989187
858,858,0.529755,-0.108594835
54,67,1.0261883,0.20629495
681,681,0.96269226,0.6894885
908,908,1.2423397,0.16481996
986,986,0.0005174123,0.00076186657
772,772,0.13870612,0.9360949
304,304,0.13712825,0.5284213
987,998,2.0743945,0.3646242
258,258,0.15620224,0.84904855
478,519,1.5611252,0.4412938
203,153,0.8698829,0.2894299
69,69,0.04959614,0.20454288
987,998,0.70464927,0.14170587
387,387,0.010518301,0.002051115
145,145,0.0005446956,0.00033640862
317,317,0.11072835,0.98535186
147,147,0.04150653,-0.0028039217
684,499,0.16817245,-0.012284696
244,244,0.011808902,0.57336724
519,427,3.0907342,0.39788887
866,866,0.056445625,0.032029748
637,637,0.022910435,0.048386574
177,177,0.10916315,0.482797
894,493,2.5857065,0.29396525
226,226,0.116612926,-0.0044907928
122,552,4.3934407,0.16363591
879,879,0.35476264,-0.031254888
448,448,0.010563205,0.0026673675
634,634,0.11993818,-0.0013364553
