predictions,labels,entropys,plpds
572,572,1.7234519,-0.35488427
50,50,0.09167242,0.057228863
421,421,0.0025252288,0.0041097403
618,923,2.0025907,0.40118665
246,273,0.11732061,0.98299754
981,981,0.0020667352,0.011765778
2,2,0.49091935,0.6449437
520,520,0.01511182,0.0031222105
382,381,0.38581443,0.13827795
815,815,0.1727141,0.1564523
268,268,0.0053792405,0.009853542
347,347,0.010666899,0.9860984
380,380,0.052521627,0.43227243
848,482,0.961086,0.065325975
146,146,0.00014092089,0.0002835393
592,592,0.0012558085,0.002298534
391,391,0.012491977,0.00647074
863,863,0.88741684,-0.03504789
535,535,0.0009038931,0.03616184
505,505,0.23927376,0.090417266
757,757,0.009068193,0.02111137
724,693,0.28116024,0.93305403
800,800,0.0072781807,0.011816204
679,679,0.2779565,-0.058291256
830,830,0.03339223,0.996414
139,139,0.00021953371,0.00013649464
115,115,0.08852835,0.23090756
777,777,0.0047615273,0.039704144
436,436,0.8149327,0.7071974
954,582,1.4985769,0.39864576
421,421,0.030494886,0.028246343
434,434,0.006824551,0.29778016
421,506,0.5166062,0.8371637
933,933,0.067089245,0.5903172
434,434,1.5140526,0.2540698
574,574,0.00013174431,8.761883e-05
292,292,0.100337036,0.05698341
312,311,1.3307146,0.43049335
462,462,0.74291337,-0.28502238
591,591,0.0053922515,0.022273302
83,83,0.0048259418,0.0024578571
767,767,0.30729407,0.92581135
827,827,0.025526013,0.1605041
945,945,0.019604895,0.13312042
414,414,1.1494495,0.46427017
85,85,0.0020280264,0.016791344
33,33,0.530153,0.07013887
597,597,0.41269815,0.4130316
405,405,2.6957636,0.5996771
219,529,0.31349197,-0.04758972
254,254,0.0294021,0.0032616258
258,258,0.1261952,0.060117126
414,414,0.09230213,0.98707074
472,472,0.04779715,0.0625065
479,436,0.91045463,-0.20805454
349,349,0.1123622,0.023473382
96,96,0.0034742898,0.04950279
852,752,0.68478876,-0.007533312
446,549,1.3274632,0.32754707
524,461,0.21318857,0.03715837
446,753,0.33174857,0.9641811
719,719,0.027970769,0.9962385
159,159,0.4184288,0.22111201
421,562,0.51033485,0.47255787
