predictions,labels,entropys,plpds
826,531,1.2275883,0.5039919
483,483,0.5739851,0.4972122
668,668,0.11273114,0.97438526
316,316,0.23563404,0.49417374
476,476,0.04629317,0.2923283
310,305,4.638794,0.19056812
482,507,1.6875529,0.469932
168,168,2.2891405,0.049978673
182,182,2.1316185,0.30902785
923,960,2.2445903,0.11319715
408,408,0.06118093,0.19895875
884,884,0.03979612,0.12413484
318,318,0.007892147,0.12830865
584,584,1.2918866,0.7462973
590,526,3.8557956,-0.35430264
602,602,0.64636064,0.77376914
736,736,0.93232644,0.83513767
766,760,1.185838,0.82885903
294,297,0.3952883,0.8971874
990,990,0.6791345,0.57444847
366,366,0.11006403,0.7767408
152,152,0.18668093,0.8649833
582,987,1.59409,-0.19188166
583,485,3.4969873,0.11665083
645,645,0.20033562,0.07593578
786,786,0.36093983,0.9648496
324,324,0.03288685,0.9818584
870,870,0.2778061,0.0023502111
865,509,0.23356722,0.051665127
531,531,1.4441772,0.63792205
331,331,0.4616212,0.75486887
745,745,0.52706033,0.93335
883,478,0.48615634,0.026458442
972,972,2.120697,0.26996142
677,677,0.5007442,0.9045125
670,541,3.199026,0.3553451
811,882,3.6219747,0.19957343
466,466,0.096367896,0.14269131
777,777,1.3668816,0.78945845
460,460,0.3435034,0.88930064
320,319,0.2602126,0.18325394
626,626,2.8709102,0.3823058
58,57,5.1050906,0.053543985
177,223,3.5968318,0.16598192
522,957,0.4105994,0.95000213
872,523,1.8716114,0.6208336
507,507,0.5474463,0.86046153
354,354,0.27002478,0.75818586
797,797,1.4821444,0.79267794
636,636,3.8212652,0.3354127
800,800,0.69902766,0.92795783
210,210,0.8540323,0.6657292
914,914,0.53542614,0.13086325
627,627,0.19985333,0.6086098
552,552,0.12348578,0.0062777996
798,798,0.09420408,0.022981882
166,162,1.3375527,0.3781246
136,136,0.007842254,0.0041727424
103,317,0.57841253,0.2693488
952,952,0.089739345,0.006665468
853,853,0.53478706,0.6431209
929,929,0.7683202,0.8653232
137,137,0.12227082,0.00045847893
59,59,1.2911134,0.49349818
