predictions,labels,entropys,plpds
147,125,4.6012945,0.059600428
132,132,1.2318735,0.30775392
852,852,0.84309673,0.3811623
254,120,4.310116,0.18446733
475,475,0.25959012,0.8545441
500,500,1.832611,0.24089473
831,202,3.45833,0.20916042
5,394,0.48833114,0.64761746
519,410,0.7281095,0.25128275
874,874,0.05738605,0.012257457
774,774,2.9465268,0.508186
39,39,0.5993825,0.867765
384,89,4.6820707,-0.6684901
390,390,0.11843291,0.829528
509,415,2.4252222,-0.0585801
258,258,0.7778418,0.56545556
856,730,1.0110494,0.15052217
633,633,1.9205414,0.7033366
547,547,1.3550725,0.645459
408,737,4.106148,0.2696626
114,395,5.689391,0.0583376
919,919,0.35255924,0.5583664
518,518,0.8020254,0.9063993
357,924,4.596903,0.10673635
743,825,4.4005165,0.13253015
864,864,1.2535396,0.37940824
277,277,0.8025889,0.26527095
630,630,2.0797935,0.6465209
978,978,2.9160273,0.24515681
873,873,0.3002205,0.36441433
856,602,4.360111,0.17016552
707,707,0.22449422,0.078009605
380,371,2.5103757,0.43045548
705,547,1.1817276,0.38285142
291,291,0.016606513,0.024814963
436,468,2.520588,0.27814323
343,342,1.4044752,0.66176933
198,196,1.8658774,0.6735288
184,219,3.724946,0.197494
223,223,2.3671005,0.6052666
121,121,0.3677391,0.00672251
19,19,0.26918662,0.29229838
822,541,2.8832455,0.32236156
219,200,2.370215,0.3786517
791,791,0.89162886,0.71276665
676,307,4.7148724,0.08193749
470,922,5.0825944,0.037481014
521,935,3.0261478,0.293408
680,572,4.4089932,0.11827852
919,919,1.5954486,0.71972823
602,602,0.3832255,0.92544156
675,894,0.9759473,0.8614416
937,937,0.13944587,-0.0034319758
720,720,3.3374937,0.42990425
112,112,0.59090155,0.92672163
675,519,1.9440101,0.44938156
86,37,2.518453,0.560114
932,932,1.2692926,0.61617553
408,408,0.44303653,0.50864285
852,852,0.16834404,0.36760408
868,868,2.0028577,0.44091424
665,665,0.47168112,0.82742137
682,682,0.4336642,0.95502496
208,222,2.6756868,0.18704143
