predictions,labels,entropys,plpds
675,757,2.3428273,0.45999685
705,705,0.15373123,0.9834261
552,108,2.078504,-0.30598897
4,4,0.5790653,0.8779047
640,640,3.7892184,-0.109143466
913,28,2.4640326,0.47565898
376,376,0.1621276,0.95088464
823,823,0.09464387,0.84275764
251,161,2.1056633,0.52666086
229,197,2.1523888,0.5010942
275,275,0.618663,-0.018219948
645,645,0.47226405,0.021515608
770,770,0.7568348,0.6568429
502,502,0.04675449,0.3727458
297,297,0.0047406517,0.003643036
891,891,0.0026979176,0.014882982
549,922,0.16209942,0.61468405
456,456,1.1841816,0.7432778
635,618,0.87778986,0.73175544
445,445,0.12274327,0.057498634
471,830,1.0544738,0.5352744
732,633,1.7901394,0.71473604
15,15,0.033941314,0.24820405
776,776,0.31610584,0.8564814
642,642,0.35487884,0.1541236
973,328,0.23274903,-0.040121973
571,781,2.379684,0.4614688
154,154,0.56146413,0.8547501
323,323,0.14534889,0.0129054785
675,977,4.300824,0.09770224
229,153,1.7426617,0.21841204
731,618,2.4211755,0.32649896
614,614,0.014117759,0.012834191
991,991,0.0069890274,0.00059998035
387,387,0.013803903,0.008815527
134,134,0.3152725,0.76630914
503,503,1.2755153,-0.12746829
850,850,0.04474357,0.24335152
950,950,1.228766,0.17050296
737,737,0.9466993,0.6549827
703,703,0.048144814,0.058493853
718,718,1.4002032,0.6747119
254,254,0.55194396,0.8448756
906,617,2.0407286,-0.09585419
696,696,1.543828,0.6417344
212,212,0.021128211,0.6785599
973,973,0.19333115,-0.033958435
523,523,0.022617467,0.025332808
299,387,0.049828444,0.029611468
2,2,1.1828452,0.5944718
862,862,2.600717,0.46989787
288,288,0.25941622,0.8505335
768,768,2.8377047,0.3153146
76,76,0.36130914,0.5149928
546,546,0.009551812,0.0004207492
763,763,0.004177514,0.014829099
31,31,0.36153084,-0.07645047
816,816,2.6537476,0.3063375
626,907,3.929183,0.003420785
403,403,0.014906738,0.1687178
165,165,0.29823944,0.94665265
632,729,2.0618615,0.5668025
638,638,0.94195664,0.425022
471,758,0.8699706,0.11888936
