predictions,labels,entropys,plpds
947,947,1.4711416,0.17882445
261,261,0.011222447,0.0629977
985,985,0.03830125,0.0012225509
461,461,1.0300024,0.6688844
687,406,0.6778831,0.045454025
94,92,2.0001168,0.15925816
746,746,0.004433982,0.09371108
302,302,1.8725978,0.33273074
861,861,0.29836065,0.95232326
953,953,2.3311553,-0.32368857
651,651,2.9426656,0.37509167
272,272,0.4866033,0.744475
618,813,0.38792473,0.9373662
882,882,2.395444,0.42496765
943,943,0.059455372,0.013862312
535,535,0.03475733,0.426403
734,407,0.8912061,0.5255396
119,120,0.6183174,0.4913892
828,714,2.8401875,0.22892651
788,788,1.2945061,0.52192616
779,779,0.005213467,0.0018698573
996,996,3.196221,-0.09010789
868,868,0.082955636,0.9456604
405,405,0.685465,0.8645266
365,365,0.19613479,-0.0019492507
248,248,0.76257026,0.18003872
936,728,4.530971,0.1107958
63,60,2.9100342,0.4541037
254,254,0.0531267,0.80200464
588,588,0.51961064,-0.07681972
679,679,1.4162229,0.58252066
10,10,0.05307677,0.91037536
802,802,0.44558555,-0.08967018
258,258,0.05220002,0.09993577
194,190,1.8786865,0.36462113
883,883,0.26577505,0.9492261
219,213,1.2005138,-0.01804912
694,694,1.8382539,0.45435414
560,768,2.9911914,0.26705354
817,817,0.27178806,0.6659922
473,473,0.27380222,0.8483077
391,391,0.49363017,0.9209948
395,395,0.018564183,0.1884014
405,405,0.03371356,0.9878741
254,254,1.807991,0.53752726
235,235,0.108706966,0.4374348
594,594,0.016497163,0.9985184
73,815,0.14092799,0.84714514
779,779,0.008173676,0.002515018
365,365,1.2815142,-0.007956862
304,304,0.92277986,0.16509718
537,537,2.5627053,0.31880826
805,805,0.06158275,0.063987255
683,683,0.03153523,0.0006455183
309,309,0.59766394,0.105508626
984,984,0.04332017,0.016569793
135,135,0.01864009,0.98009014
693,693,0.31074387,0.93081534
360,206,1.6831172,0.5791559
492,492,2.1485744,0.5476774
578,578,1.4365841,0.698836
471,786,1.6865115,0.58948
874,874,0.008038769,0.9796075
45,45,0.07152836,0.0025589466
