predictions,labels,entropys,plpds
503,503,0.14699864,0.6556107
802,802,0.04521925,0.119179964
490,490,0.048788644,0.023517191
259,151,0.7994913,0.755141
580,460,0.4989013,0.67237186
959,959,0.637046,0.22685367
870,870,0.1205325,0.40178394
19,19,0.18295962,0.70923436
756,427,0.6584584,-0.05812615
175,175,0.47290695,0.88141936
5,6,0.026514892,0.8848141
735,797,2.4845033,0.3913278
145,145,0.0018258111,0.0006917119
417,747,0.760589,0.8034907
564,669,1.7470404,0.44824898
698,538,0.5762943,0.16926563
720,720,5.1645308,0.100606
604,678,3.7598708,0.31642437
25,25,1.0815269,-0.096343696
648,648,0.106568635,0.0086096525
473,473,0.014071835,0.038053215
201,201,2.6655922,0.43554515
760,760,0.72305477,-0.06716424
470,470,0.1998038,0.88731647
466,705,0.26649737,-0.008433878
400,400,0.20420507,0.42434692
821,821,0.070303164,0.80130893
406,406,1.3037941,0.63004607
796,824,0.9861535,0.32103032
362,362,0.004442901,0.46156144
442,442,0.13300365,0.24187028
854,854,2.4996953,0.4055265
243,243,0.3921845,0.9154442
312,312,0.61037755,0.7852486
902,767,0.5568099,0.9015932
192,185,1.4529568,0.0900116
86,86,0.30921772,0.2125616
159,159,0.62863404,0.25584006
835,835,0.04840756,0.9954599
891,891,0.013265385,0.14117724
595,866,1.0757341,0.020638734
927,927,0.002958368,0.30905157
683,683,0.5508052,0.06752944
198,196,0.51501757,-0.102736235
8,8,0.048503168,0.0017877221
727,727,0.0071677705,0.0692628
410,410,0.21940672,0.10284281
621,621,0.075249955,0.9849264
436,656,0.74188375,0.5755925
329,329,0.7224077,0.67953163
938,938,3.5539484,0.26825613
122,122,0.034886707,0.008828163
335,335,0.6997901,0.85133284
515,515,1.4954808,0.5718926
456,456,0.1678023,0.9828205
252,187,2.6343997,0.41249037
916,921,3.1140895,0.25014806
927,927,0.00672484,0.00027441978
723,723,0.008145933,0.9882621
717,717,0.10760333,0.94024205
782,664,0.8659854,0.75198174
781,781,0.027522132,-0.00093084574
53,53,0.16055028,0.75246215
772,772,0.18860145,0.37874073
