predictions,labels,entropys,plpds
280,280,0.12937672,0.034813404
775,775,1.5819254,0.61696845
557,557,0.24716677,0.8616911
935,935,0.8124016,0.51974195
985,309,0.75945574,-0.1283806
814,814,0.20401219,0.9555366
440,971,2.2081983,0.42312083
52,52,0.8595731,0.7218232
526,558,4.565974,0.119802535
444,444,0.05178039,0.013000011
920,920,1.1850584,0.49998966
630,630,0.01564274,0.2807725
47,47,0.025182985,0.018632114
39,39,0.021546572,0.13593233
273,273,2.7291346,0.25431904
12,12,1.4794016,0.36347103
688,688,1.1369437,-0.16199857
243,242,1.7053027,0.3525653
639,638,0.54426444,-0.015255094
855,855,0.008977026,0.9703227
906,906,1.2892407,0.715026
300,300,0.013685888,0.0014995337
666,666,0.3106247,0.94008034
826,826,0.371863,0.25839233
649,649,0.037084557,0.94140196
781,781,0.8866141,-0.065422535
403,403,0.8507049,0.70372444
593,593,0.01588409,0.9986215
21,21,0.001471387,0.0010070801
385,385,0.81008625,0.5759514
259,259,0.7091988,-0.12930077
844,844,0.59691995,0.87691486
766,766,1.2310683,-0.0043998957
73,77,0.75096273,0.4101655
147,50,1.9717745,0.37996656
590,590,0.030908031,0.09106648
334,334,0.002359121,0.1576131
94,94,0.5342637,-0.011179447
518,719,1.6713692,0.4676694
908,908,0.6850755,-0.035030484
657,633,2.6940322,0.3877094
405,910,1.1491773,0.7945472
862,862,0.021915887,0.010962784
810,878,0.48064744,0.12218982
188,191,1.0914904,0.5025328
868,503,2.8786335,0.18333608
375,375,0.052355453,0.09760988
682,682,0.3918224,0.9125389
481,481,0.07433355,0.15313226
711,859,3.4122934,0.3110555
412,412,0.68094265,0.8694598
624,624,2.0046124,-0.32971638
730,345,1.2897897,0.38962755
743,743,0.038967755,0.09120941
860,624,0.68121195,0.14041102
810,810,0.60304385,0.4593021
812,812,0.0012845609,0.01011759
58,58,0.8504362,-0.10481626
111,111,2.3633094,0.47154933
68,68,0.6590724,0.24078405
795,677,1.0490873,0.794875
572,572,2.3489413,-0.39019087
187,187,0.07795194,0.23288172
625,625,0.016124064,0.07099545
