predictions,labels,entropys,plpds
459,459,0.8025062,0.61083275
800,800,0.2736855,-0.029549837
643,570,0.8548408,0.53821844
60,60,1.4306383,0.6787166
435,435,0.4752045,0.36970824
320,320,0.13922319,0.2096405
291,291,0.0017542324,0.00060266256
705,874,0.7872511,-0.027273238
995,995,0.005940741,0.5975636
169,169,0.00936106,0.5323043
692,692,1.2444606,-0.21749026
981,981,0.0061284164,0.6146301
636,636,0.36721066,0.73747534
742,742,0.65632516,0.18744695
538,884,1.8789322,0.27054036
239,239,1.1846473,0.74148065
141,141,0.1444517,-0.026953995
957,957,0.36393744,0.76513386
166,166,0.7280551,0.80493945
655,655,0.5409089,0.7705708
255,255,0.004980722,0.5512177
80,80,0.26414147,0.95330566
411,443,1.0341995,0.65747005
2,4,1.04502,0.8179457
518,518,0.09209517,0.72967356
471,745,3.4967093,0.24796878
115,115,0.03770495,0.19367969
786,786,0.0012834014,0.9096035
717,864,1.0978498,0.64249533
559,559,0.0009535431,0.3547327
790,790,0.17701243,0.048138738
814,693,0.503417,-0.12889642
510,510,0.066421896,0.2067604
648,648,0.31959534,0.12614107
103,103,1.1799252,0.5932862
419,419,3.1507318,0.33081907
419,419,2.3562717,0.34178224
915,915,0.034152474,0.050246894
44,44,1.9083679,0.45366585
579,789,0.23890504,0.06321889
366,366,1.0294002,0.2523892
916,916,0.066520974,-0.005851388
659,635,0.9596108,0.8356146
623,855,0.798206,0.5738553
884,884,1.5636685,0.5256548
354,354,0.6747958,0.50841415
978,975,0.20131603,0.94367653
726,758,3.7735553,0.22484347
409,409,0.48146987,-0.07887858
327,327,0.099597454,0.98895895
662,662,1.6720107,0.19609672
113,113,0.009518843,0.007303536
888,888,1.8509449,0.6270631
49,49,0.57592696,-0.076202154
980,980,0.11698141,0.7979697
543,464,1.4564042,-0.44906282
596,596,0.49677935,0.876877
766,10,0.37361726,0.9524385
393,393,0.030161683,0.009129226
708,708,0.039740242,0.029387891
394,394,0.0022384145,0.017913997
464,464,0.028883304,0.92465246
140,142,1.4993644,0.32266417
568,568,0.22841391,0.9102374
