predictions,labels,entropys,plpds
659,659,0.095398754,0.9477663
601,669,1.1220753,0.8684399
897,897,0.23568815,0.90486383
294,295,1.9071965,0.6553053
401,401,1.0473764,0.8161276
477,477,0.8255544,0.4595777
47,47,0.19877715,0.9314409
962,962,1.005986,0.7624393
972,62,2.7816732,0.36632237
88,88,0.0070728483,0.012172401
380,185,3.7661507,0.255168
684,518,1.0871878,0.79823136
298,298,1.1302516,-0.2177186
552,552,0.8099387,0.08759838
896,435,2.9684932,0.27649045
490,679,1.2956768,0.71363056
305,305,0.19685882,0.97564465
811,711,2.2697082,0.5694637
705,705,0.80781037,0.7561464
827,827,0.1464635,0.9570667
820,820,0.0028910756,0.007304549
249,249,2.3179324,0.33098632
372,209,3.7201762,0.13736114
388,388,1.6240326,0.7005722
268,171,0.15940861,0.90844035
955,955,1.8193182,-0.5036027
421,454,2.4452949,0.3356445
110,110,0.0061613214,0.72198445
831,434,1.880574,0.75322634
230,230,0.67341226,0.7687541
665,665,0.17733909,0.36607242
228,112,4.390673,-0.32765156
399,735,1.347193,0.586692
986,986,0.014265333,0.010121942
569,569,0.23132196,0.9584534
1,1,0.62523127,0.29048127
629,629,1.255378,-0.014087975
912,912,1.2899098,0.69067836
771,771,0.35824382,0.7398055
231,230,0.72052664,-0.10923982
169,639,3.0890498,0.33748153
175,175,0.21382397,0.8844419
349,349,0.4594394,0.023910582
186,192,1.4961352,0.72791976
564,564,0.022878762,0.7775421
895,403,0.15324911,0.023076773
600,600,0.67241025,0.85679775
702,702,1.8467507,0.6464289
335,335,0.039489344,0.96728843
907,905,3.6311107,0.3439588
398,398,0.0159037,0.0058008432
723,723,0.082775295,0.35807425
916,916,0.7354388,0.75020826
469,469,2.4428685,0.48993066
327,327,1.4233927,0.41545096
690,690,0.68292737,0.8930704
781,498,1.8122184,-0.13038489
126,126,0.07487389,0.7273706
827,893,3.3334417,0.4026726
712,969,3.0340297,-0.049773008
812,887,3.1860032,0.463628
456,456,0.20407978,0.83286166
338,338,1.0729886,0.87269205
738,738,0.11405376,0.011133015
