predictions,labels,entropys,plpds
289,289,0.18047595,-0.017876625
526,664,0.6467563,0.83646315
251,348,0.24711294,-0.015268624
467,467,0.057995237,0.008973777
410,410,0.28360236,0.62429833
392,392,0.0030302182,-0.00010174513
555,555,1.1696053,-0.21796012
720,692,2.302411,-0.4418052
807,398,0.16270208,0.9712198
397,3,1.4697549,0.44306344
650,966,4.2559223,0.19056322
875,875,0.019187964,0.98492634
430,430,0.0011230076,0.06217158
27,27,0.5610423,0.8976127
816,816,0.001486736,0.01834941
653,815,0.8019483,0.6979383
209,208,0.16754071,0.92979646
902,587,2.1841302,-0.47371393
329,329,0.8348576,0.81621164
907,737,2.9463587,0.25409892
516,516,0.9410988,0.52363336
770,770,0.059718147,0.50453615
19,19,0.0031439369,0.0007151365
88,88,0.0005130214,0.00012660027
959,959,0.015681738,0.096102595
523,452,0.22197273,0.96663684
252,252,1.8123343,0.57069343
209,210,0.3646774,0.907452
767,623,2.2964928,0.34894294
797,797,0.046617717,0.11093068
106,106,0.37603512,0.9460491
783,783,0.15891151,0.028351367
73,73,0.94723195,0.645855
822,822,0.16486377,0.5165961
178,178,0.05407444,0.95884484
720,720,0.10097906,0.97496116
704,575,3.4363015,0.12613973
771,493,0.69805765,0.8884759
254,254,0.01645271,0.018551052
188,188,0.03374797,0.8239512
989,989,0.0012821761,-6.198883e-05
662,650,2.235229,0.2824962
508,508,1.3401968,0.18895215
599,599,0.016294152,0.5718148
640,640,0.018113522,0.99456215
551,551,0.23027492,0.69895065
696,623,1.8051134,0.6776442
365,365,0.012256531,0.0013364553
408,408,0.33517072,0.9413186
975,49,1.0181783,0.66851294
526,526,0.014498841,0.2065854
854,854,0.18215963,-0.013759851
582,454,1.8687391,-0.19291583
682,863,2.9005497,0.1577013
533,533,0.004192475,0.90793616
336,336,0.089938134,0.9799725
755,755,0.13389009,0.76783246
725,899,1.1714991,0.53589094
958,958,0.04973334,0.9940765
898,728,2.279502,0.60239714
418,418,0.6358943,0.45513746
245,245,0.026864838,0.9875989
268,268,0.004988324,0.57204247
616,616,0.00052730134,0.0072467923
