predictions,labels,entropys,plpds
991,991,0.0015835975,0.011030674
612,612,0.00082480296,0.3980965
981,981,0.0040829424,0.9907509
231,230,0.5812717,-0.12802893
683,669,3.5117803,0.22720549
554,554,0.35688847,0.94452804
812,657,0.5271972,0.5567214
652,652,0.2893004,0.8308157
656,656,0.3271985,0.3565191
506,506,0.017003251,0.9570123
750,750,0.9057852,0.5597271
764,764,0.50155365,0.006609738
175,175,1.6259649,0.47303933
870,870,0.008129211,0.14545602
768,768,1.4977534,0.4270319
889,889,0.1880156,0.9654565
136,136,0.068340555,0.5950289
352,352,0.09507393,0.010329008
944,944,0.019918358,0.008156538
328,328,0.013648631,0.11743039
285,285,0.92440534,-0.10073036
313,313,0.16204928,0.25931984
181,181,0.16277726,0.9747075
65,65,0.9543396,0.60702056
428,428,0.013202924,0.007451296
394,391,0.09816722,0.6410857
862,699,1.6156878,0.23862982
998,998,0.92928135,-0.13938475
854,903,1.3302066,0.7104129
388,388,0.028080687,0.031682134
23,23,0.050333492,0.9934484
867,867,0.57999325,0.8919031
410,410,0.05264917,0.7520108
790,790,0.22635141,0.92970294
267,788,1.4506006,0.6985086
337,337,0.26535505,0.7463633
101,101,0.40766096,-0.08421183
122,122,0.05941824,0.88560706
574,574,0.00055216503,0.0002655387
550,550,0.06546778,0.99364513
260,260,0.21429047,0.96995497
336,336,0.020066021,0.039570034
337,337,0.08037491,0.12264329
426,426,0.01036739,0.0028552413
337,35,0.7512888,0.88078743
639,638,0.3312181,0.047303915
738,706,0.830289,0.15782076
540,540,0.0021612975,0.0009391904
706,706,0.30119094,0.96167254
202,226,1.4712493,0.56710815
976,976,0.12712136,0.8194752
630,630,0.033867046,0.9634147
299,299,0.016344499,0.1673817
873,873,0.006785246,0.018352926
492,492,0.17905855,0.91196686
602,602,0.12506,0.950528
981,981,0.006343766,0.004701674
742,742,0.8610562,0.85894763
270,269,1.4276124,0.15103117
386,385,0.5487361,0.6029191
81,81,0.17290846,0.9748806
417,417,0.0005195327,0.00044226646
375,375,0.124197215,0.33200055
713,713,0.6497902,0.44637805
