predictions,labels,entropys,plpds
993,993,0.0033139815,0.0005751848
564,564,1.6853845,0.49132556
866,866,0.8613301,0.4716033
607,607,1.4276948,0.5194285
988,988,1.9636273,0.13659012
423,424,0.5536913,0.27083212
2,2,0.9681069,0.3713101
111,59,2.5166454,0.12693217
603,603,2.1292105,0.567225
7,7,0.6810917,0.17567468
148,148,0.27759668,-0.01531142
713,881,1.2722011,0.14176917
5,5,0.26384836,0.787622
978,977,1.1725444,-0.123886645
103,344,2.9222572,0.24574786
506,932,2.2528045,0.67541134
940,940,0.2883734,0.7614155
996,961,1.9236009,0.51447725
586,586,0.18528111,0.0056455135
383,383,0.57948065,-0.06508392
705,779,3.84378,0.13981292
670,670,0.6416748,0.7249262
267,238,3.5009856,0.19333354
92,92,0.24484892,0.43305385
713,583,2.0953627,0.6573118
487,487,0.20266306,0.34181058
101,385,0.71494585,0.63784784
438,617,1.4294412,0.47368217
781,781,0.16283333,0.9359598
233,238,2.8877687,0.39249435
697,697,0.40054816,0.670363
520,493,2.1993217,0.6222616
719,719,0.13715841,0.4668858
807,842,1.976749,0.39425486
426,426,0.2132312,0.97751045
221,221,0.12398413,0.9821062
247,247,0.16951065,0.085846424
928,928,1.4290702,0.63329023
822,655,1.214376,0.7904955
264,230,3.4964724,0.26822096
291,291,0.26784182,0.909709
730,113,1.9243908,0.7381176
255,255,0.9079105,0.504345
392,392,0.0026879248,0.03690505
461,589,1.4147472,0.72407687
881,579,0.18164743,0.037868857
714,714,0.4517833,0.84748554
599,490,1.3921387,-0.14432538
263,264,1.1814523,0.4977324
884,483,0.77466625,0.6037599
781,781,0.12725857,0.0054353476
150,150,2.6275144,0.439109
975,449,0.8771442,-0.19310886
477,531,0.8185406,0.770844
710,774,3.4862657,0.31697473
572,572,0.176927,0.6401663
583,583,0.42127332,0.9279873
996,988,3.3324606,0.11169003
148,148,0.014728817,0.009387493
43,43,0.22525905,0.3888359
601,601,0.382241,0.9384208
264,195,1.471873,-0.38293076
627,479,2.263575,0.5157114
590,710,3.4555016,0.15021008
