predictions,labels,entropys,plpds
285,285,0.30764216,0.74602085
782,527,1.3625758,0.36238068
882,882,0.5667788,0.7241925
68,54,0.9670743,0.4583123
1,1,0.004921494,0.9854364
643,570,1.0890043,0.59958035
527,673,1.4300293,0.48930582
649,349,0.27384478,0.95267683
343,105,3.0544972,0.18246964
967,967,0.51296836,0.57424617
979,979,0.00995163,0.0025212765
601,601,0.7470046,0.8238654
28,25,0.6868991,0.13981152
452,452,0.00046279962,0.0020996332
664,681,1.6317831,0.31034964
226,226,0.74625707,0.5030924
527,527,1.4238564,0.3813419
947,911,1.3528361,0.32480994
407,407,0.0017384258,0.0013967156
433,433,0.021632215,0.012270272
777,777,0.07977045,0.60854316
371,371,0.619184,0.73178226
370,370,0.5668475,0.904272
65,65,0.0043806178,0.0001847148
635,635,0.016448256,0.5074266
54,114,1.8869617,0.41551375
649,649,0.019159561,0.008772254
198,385,3.0969453,0.16047595
940,942,0.14997442,0.37347537
482,482,0.8209333,0.7061178
985,985,0.00061479665,0.000372231
593,593,0.4139376,0.9407616
929,929,1.2802446,0.74328107
595,595,1.1064276,0.3619523
853,853,0.08289082,0.96372426
529,680,2.1565275,0.4233922
24,24,0.0005128715,0.7736244
909,926,0.64611036,-0.15585887
524,461,0.39130786,0.006321788
49,49,0.25642636,0.71507144
58,67,1.0661061,0.77435833
965,965,0.011668228,0.9985623
23,23,0.034005657,0.15808237
0,0,0.0035388246,0.034231663
447,643,1.5180953,0.5162532
403,403,0.021676129,0.9976369
3,3,0.01376402,0.0004864931
621,621,0.016816964,0.009780049
913,913,0.0057883835,0.99556947
715,715,0.023733128,0.14293027
817,511,0.792184,0.7355428
783,872,1.478272,0.5080919
49,50,0.48644587,-0.021479249
115,115,0.063724265,0.73690486
662,859,4.4188576,0.1049509
986,986,0.00058276916,6.055832e-05
103,103,0.29246742,0.056221485
58,79,0.98699665,-0.19960493
231,231,0.64416015,0.47831672
238,238,0.8741,0.38382155
295,715,3.2650614,0.35499004
566,566,0.8445826,0.54222775
150,48,1.2449574,-0.04234004
894,894,0.03811514,-0.0031532645
