predictions,labels,entropys,plpds
609,609,0.1506305,0.13109142
358,356,0.074546665,0.0031208396
929,522,1.4901812,0.34548104
88,88,0.0066950624,0.017819762
941,941,0.022219304,0.9127904
129,129,0.01590342,0.06416321
570,691,1.15707,0.67385113
593,593,2.8975644,0.46784177
669,669,0.021935657,0.9961752
750,750,0.438966,0.25637215
805,805,0.0015317705,0.031257987
537,537,0.0106055075,0.06322795
659,659,0.0073020277,-0.0008145571
367,367,0.12546015,0.5023189
140,140,0.016257573,0.0132834315
245,245,0.122094676,0.982393
47,47,0.006769117,0.09828186
93,93,0.29589128,0.91260576
26,27,0.4669863,0.6497431
495,495,0.005228139,0.3163306
231,231,0.66403055,-0.20565784
7,7,0.015108887,0.33459932
640,640,0.07719295,0.99188614
214,214,0.56325305,0.8982828
770,770,0.15557791,0.9799994
734,792,3.2543807,0.35420963
15,15,0.011042397,0.0003556013
932,932,0.026515704,0.53722095
628,628,0.02444654,0.98725444
468,468,0.2159208,-0.0031537414
940,941,0.7874235,-0.27670962
267,267,1.597334,0.3399731
641,641,0.7500466,-0.0106294155
802,802,1.5479438,0.43736696
570,570,0.02044116,0.6288385
152,152,0.3163167,0.84707433
99,99,0.013822575,0.83182466
971,722,0.4432488,-0.071244895
774,774,1.2965851,0.47033304
185,185,0.16173345,0.9276437
641,641,0.0067054788,0.07905787
704,704,0.0016661546,0.99950707
520,520,0.033272877,0.010376155
133,133,0.0003493235,0.00842154
581,581,1.2720952,0.6659523
275,275,0.001704568,0.015002251
655,474,1.7151238,0.52857786
880,880,0.010460906,0.023559093
667,667,0.8564872,0.32695878
383,383,0.09379282,-0.007512629
248,248,0.456963,0.9165496
558,642,1.4199412,0.541229
343,341,1.3226924,0.28224742
812,812,0.0030714343,0.4221822
4,4,0.7443545,0.3443202
912,716,0.6983235,-0.22243792
53,53,0.6010307,0.7147003
138,138,0.15935633,0.9723669
8,8,0.31524858,0.2328617
627,436,0.1682586,0.18287563
875,875,0.7558381,-0.06653023
12,12,0.33784986,0.87954944
289,289,0.7673039,0.034893394
301,301,0.04714159,-0.0046120286
